그룹상품번호,상품번호(스마트스토어),판매자상품코드,상품명,채널,스마트스토어전용 상품명,쇼핑윈도전용 상품명,판매상태,전시상태,재고수량,판매가,할인가,판매자할인,네이버부담할인,옵션,추가상품,상품속성,최소구매수량,최대구매수량,복수구매할인,포인트(상품구매),포인트(상품구매/관리자),포인트(텍스트리뷰 작성),포인트(포토/동영상리뷰 작성),포인트(한달사용 텍스트리뷰 작성),포인트(한달사용 포토/동영상리뷰 작성),포인트(알림받기동의고객 리뷰 작성),무이자할부,사은품,풀필먼트사,배송속성,기준시간,묶음배송,배송비유형,배송비결제방식,기본배송비,반품배송비,교환배송비,반품안심케어,네이버쇼핑 등록(스마트스토어),네이버쇼핑 등록(쇼핑윈도),네이버쇼핑상품번호(스마트스토어),네이버쇼핑상품번호(쇼핑윈도),네이버쇼핑상품번호(수급윈도),표준그룹EP ID(스마트스토어),표준그룹EP ID(쇼핑윈도),전용상품 (스마트스토어),전용상품 (쇼핑윈도),대분류,중분류,소분류,세분류,제조사명,브랜드명,브랜드ID,모델명,브랜드인증,자체제작,맞춤제작,인증정보,판매자바코드,판매자 내부코드1,판매자 내부코드2,대표이미지 URL,판매시작일,판매종료일,모바일 미리보기 생성일,결제여부,상품등록일,최종수정일,구독유형
,13623403164,,스팃스 보석십자수 고흐 풍경화 50x80 대형도안 DIY 명화 취미 키트,스마트스토어,,,판매중,전시중,9999,35000,35000,,,N,N,N,,,,,1.0%,0,0,0,0,0,,,,오늘출발,"평일 16시00분까지 결제 완료된 주문

",기본 배송비 묶음그룹,무료,,0,3000,6000,N,Y,-,91167913581,,,,,,,가구/인테리어,수예,보석십자수,,,,,,,N,N,N,,,,http://shop1.phinf.naver.net/20260605_251/1780632245231x11Hf_JPEG/103441955898768875_578007254.jpg,,,,Y,2026-06-05 13:04:42,2026-06-16 19:28:55,
,13622502531,,보석십자수 햇살가득정원 40x50 DIY 키트 감성 인테리어 취미 액자 만들기 홈데코,스마트스토어,,,판매중,전시중,99999,28000,28000,,,N,N,N,,,,,1.0%,0,0,0,0,0,,,,오늘출발,"평일 16시00분까지 결제 완료된 주문

",기본 배송비 묶음그룹,무료,,0,3000,6000,N,Y,-,91167012948,,,,,,,가구/인테리어,수예,보석십자수,,,,,,,N,N,N,,,,http://shop1.phinf.naver.net/20260604_173/1780550214380LWLd5_JPEG/127183997620210464_1798190901.jpg,,,,Y,2026-06-04 14:17:51,2026-06-17 09:48:27,
,13600251287,,스팃스 아름다운 해바라기 풍경 세트 보석십자수 도안형 DIY 키트 꽃 풍경 인테리어 소품,스마트스토어,,,판매중,전시중,99999,42000,42000,,,N,N,Y,,,,,1.0%,0,0,0,0,0,,,,오늘출발,"평일 16시00분까지 결제 완료된 주문

",기본 배송비 묶음그룹,무료,,0,3000,6000,N,Y,-,91144761699,,,,,,,가구/인테리어,수예,보석십자수,,스팃스,스팃스,,,,Y,N,N,,,,http://shop1.phinf.naver.net/20260530_142/1780138525209NpNwz_JPEG/14787261035704280_238067879.jpg,,,,Y,2026-05-30 20:02:22,2026-06-16 19:46:10,
,13599815751,,스팃스 재물 복 부엉이 보석십자수 도안형 DIY 만들기 세트,스마트스토어,,,판매중,전시중,99999,26000,26000,,,N,N,Y,,,,,1.0%,0,0,0,0,0,,,,오늘출발,"평일 16시00분까지 결제 완료된 주문

",기본 배송비 묶음그룹,무료,,0,3000,6000,N,Y,-,91144326163,,,,,,,가구/인테리어,수예,보석십자수,,,스팃스,,,,Y,N,N,,,,http://shop1.phinf.naver.net/20260530_46/1780133503236WBh3X_PNG/57656180098093802_819324171.png,,,,Y,2026-05-30 18:38:08,2026-06-16 19:04:42,
,13599771546,,스팃스 축복받은 사랑 보석십자수 도안형 꽃 인테리어 그림 감성 DIY,스마트스토어,,,판매중,전시중,26000,26000,26000,,,N,N,Y,,,,,1.0%,0,0,0,0,0,,,,오늘출발,"평일 16시00분까지 결제 완료된 주문

",기본 배송비 묶음그룹,무료,,0,3000,6000,N,Y,-,91144281958,,,,,,,가구/인테리어,수예,보석십자수,,스팃스,스팃스,,,,Y,N,N,,,,http://shop1.phinf.naver.net/20260530_273/1780131873853Fddmi_PNG/97876323101880027_589615932.png,,,,Y,2026-05-30 18:29:45,2026-05-30 18:29:45,
,13599623268,,스팃스 황금 물결 꿈속 예수 보석십자수 도안형 대형 DIY 종교 만들기,스마트스토어,,,판매중,전시중,9999,42000,42000,,,N,N,Y,,,,,1.0%,0,0,0,0,0,,,,오늘출발,"평일 16시00분까지 결제 완료된 주문

",기본 배송비 묶음그룹,무료,,0,3000,6000,N,Y,-,91144133680,,,,,,,가구/인테리어,수예,보석십자수,,,,,,,Y,N,N,,,,http://shop1.phinf.naver.net/20260530_110/1780131530106li049_PNG/14780265916903021_1876601223.png,,,,Y,2026-05-30 18:02:47,2026-06-16 19:05:08,
,13599552309,,스팃스 행복한 부엉이 가족 그레이 보석십자수 도안형 감성 DIY 만들기,스마트스토어,,,판매중,전시중,9999,22000,22000,,,N,N,Y,,,,,1.0%,0,0,0,0,0,,,,오늘출발,"평일 16시00분까지 결제 완료된 주문

",기본 배송비 묶음그룹,무료,,0,3000,6000,N,Y,-,91144062721,,,,,,,가구/인테리어,수예,보석십자수,,,,,,,Y,N,N,,,,http://shop1.phinf.naver.net/20260530_105/1780130733185xHQRN_PNG/1491184315810858_978193718.png,,,,Y,2026-05-30 17:49:23,2026-06-16 19:05:23,
,13365720299,,보석십자수 액자형 판넬 눈덮힌 동화의성 40x50cm 초보자용 DIY 세트,스마트스토어,,,판매중,전시중,9999,21800,21800,,,N,N,N,,,,,1.0%,0,0,0,0,0,,,,오늘출발,"평일 16시00분까지 결제 완료된 주문

",기본 배송비 묶음그룹,무료,,0,3000,6000,N,Y,-,90910230631,,,,,,,가구/인테리어,수예,보석십자수,,,,,,,N,N,N,,,,http://shop1.phinf.naver.net/20260407_45/1775549656941hOroc_JPEG/16696386626721156_334842973.jpg,,,,Y,2026-04-07 17:15:36,2026-04-07 17:15:36,
,13360523294,,스팃스 보석십자수 눈부시게 아름다운 바닷가 DIY 키트 액자형 40x50 취미 만들기,스마트스토어,,,판매중,전시중,99999,21800,21800,,,N,N,Y,,,,,1.0%,0,0,0,0,0,,28칸비즈케이스증정,,오늘출발,"평일 16시00분까지 결제 완료된 주문

",기본 배송비 묶음그룹,무료,,0,3000,6000,N,Y,-,90905033626,,,,,,,가구/인테리어,수예,보석십자수,,스팃스,스팃스,,,,N,N,N,,,,http://shop1.phinf.naver.net/20260406_143/1775461178247n8yLk_PNG/33839274515909795_800604410.png,,,,Y,2026-04-06 16:48:54,2026-04-28 14:06:39,
,13021569547,,스티치이데 특별편 꽃 가득한 자수도안집 십자수편,스마트스토어,,,판매중,전시중,9999,18000,18000,,,N,N,N,,,,,1.0%,0,0,0,0,0,,,,오늘출발,"평일 16시00분까지 결제 완료된 주문

",기본 배송비 묶음그룹,조건부 무료,선결제,3000,3000,6000,N,Y,-,90566080639,,,,,,,가구/인테리어,수예,자수,도안,,,,,,N,N,N,,,,http://shop1.phinf.naver.net/20260126_89/1769406548641rRvCF_JPEG/84422363511991188_1529609221.jpg,,,,Y,2026-01-26 14:51:19,2026-06-16 19:46:55,
,12668524257,,일본서적 New 대바늘 뜨개의 기본,스마트스토어,(일본서적) New 대바늘 뜨개의 기본,,판매중,전시중,99999,14000,14000,,,N,N,N,,,,,1.0%,0,0,0,0,0,,,,오늘출발,"평일 16시00분까지 결제 완료된 주문

",기본 배송비 묶음그룹,조건부 무료,선결제,3000,3000,6000,N,Y,-,90213035163,,,,,,,가구/인테리어,수예,뜨개질,뜨개질바늘,,,,,,N,N,N,,,,https://shop-phinf.pstatic.net/20251111_25/1762837099630UBSIG_JPEG/16940174445858810_870845436.jpg,,,,Y,2025-11-11 13:59:23,2026-02-13 16:18:39,
,12668517912,,일본서적 NEW 코바늘 뜨개의 기본,스마트스토어,(일본서적) NEW-코바늘 뜨개의 기본,,판매중,전시중,99999,16000,16000,,,N,N,N,,,,,1.0%,0,0,0,0,0,,,,오늘출발,"평일 16시00분까지 결제 완료된 주문

",기본 배송비 묶음그룹,조건부 무료,선결제,3000,3000,6000,N,Y,-,90213028818,,,,,,,가구/인테리어,수예,뜨개질,뜨개질바늘,,,,,,N,N,N,,,,https://shop-phinf.pstatic.net/20251111_238/1762836997947oWs1T_JPEG/1372965934134470_215557916.jpg,,,,Y,2025-11-11 13:57:41,2026-02-13 16:18:39,
,12668512904,,일본서적 12개월의 뜨개 가방,스마트스토어,(일본서적) 12개월의 뜨개 가방,,판매중,전시중,9999,18000,18000,,,N,N,N,,,,,1.0%,0,0,0,0,0,,,,오늘출발,"평일 16시00분까지 결제 완료된 주문

",기본 배송비 묶음그룹,조건부 무료,선결제,3000,3000,6000,N,Y,-,90213023810,,,,,,,가구/인테리어,수예,뜨개질,뜨개질바늘,,,,,,N,N,N,,,,https://shop-phinf.pstatic.net/20251111_69/1762836921406XpMIQ_JPEG/15551859530093839_508924296.jpg,,,,Y,2025-11-11 13:56:17,2026-02-13 16:18:39,
,12650594339,,스팃스 핸드폰줄 휴대폰 고리 스트랩 100개 세트 키링 열쇠고리 DIY 부자재 연결줄,스마트스토어,,,판매중,전시중,99998,8600,8600,,,N,N,N,,,,,1.0%,0,0,0,0,0,,,,오늘출발,"평일 16시00분까지 결제 완료된 주문

",기본 배송비 묶음그룹,조건부 무료,선결제,3000,3000,6000,N,Y,-,90195105245,,,,,,,가구/인테리어,수예,수예용품/부자재,,스팃스,스팃스,,,,N,N,N,,,,http://shop1.phinf.naver.net/20251107_70/17624907279004lgt5_JPEG/17189029021799012_897878879.jpg,,,,Y,2025-11-07 13:46:50,2026-02-20 12:51:08,
,12601111047,,스팃스 55 727 크로바 코수단수기록기 찰칵찰칵II,스마트스토어,,,판매중지,전시중,99997,15000,15000,,,N,N,N,,,,,1.0%,0,0,0,0,0,,,,오늘출발,"평일 16시00분까지 결제 완료된 주문

",기본 배송비 묶음그룹,조건부 무료,선결제,3000,3000,6000,N,Y,-,90145621903,,,,,,,가구/인테리어,수예,수예용품/부자재,,크로바,크로바,,,,N,N,N,,,,https://shop-phinf.pstatic.net/20251028_181/1761625046662ztrGA_JPEG/30144370790934260_214536197.jpg,,,,Y,2025-10-28 13:18:14,2026-02-13 19:52:54,
,12601107115,,스팃스 55 721 크로바 코수 단수계 닛팅레지스타,스마트스토어,,,판매중,전시중,9999,6800,6800,,,N,N,N,,,,,1.0%,0,0,0,0,0,,,,오늘출발,"평일 16시00분까지 결제 완료된 주문

",기본 배송비 묶음그룹,조건부 무료,선결제,3000,3000,6000,N,Y,-,90145617971,,,,,,,가구/인테리어,수예,수예용품/부자재,,크로바,크로바,,,,N,N,N,,,,https://shop-phinf.pstatic.net/20251028_298/1761624961128dCByV_JPEG/9600954149799865_913782126.jpg,,,,Y,2025-10-28 13:17:01,2026-02-13 19:49:43,
,12601102302,,55 722 크로바 코수 단수계 닛팅레지스타 링형,스마트스토어,,,판매중지,전시중,9996,8500,8500,,,N,N,N,,,,,1.0%,0,0,0,0,0,,,,오늘출발,"평일 16시00분까지 결제 완료된 주문

",기본 배송비 묶음그룹,조건부 무료,선결제,3000,3000,6000,N,Y,-,90145613158,,,,,,,가구/인테리어,수예,수예용품/부자재,,크로바,크로바,,,,N,N,N,,,,https://shop-phinf.pstatic.net/20251028_266/1761624860904XHVqp_JPEG/22962108002204804_678711288.jpg,,,,Y,2025-10-28 13:15:34,2026-02-13 15:51:16,
,12596541202,,스팃스 크로바 Porte Bonheur 스즈란 레이스 바늘 10호,스마트스토어,,,판매중,전시중,99999,75800,75800,,,N,N,Y,,,,,1.0%,0,0,0,0,0,,,,오늘출발,"평일 16시00분까지 결제 완료된 주문

",기본 배송비 묶음그룹,조건부 무료,선결제,3000,3000,6000,N,Y,-,90141052058,,,,,,,가구/인테리어,수예,뜨개질,뜨개질바늘,크로바,크로바,,,,N,N,N,,,,https://shop-phinf.pstatic.net/20251027_231/1761544963087u2tFb_JPEG/24009114198431292_1801545190.jpg,,,,Y,2025-10-27 15:03:14,2026-02-13 19:49:51,
,12596537354,,스팃스 크로바 Porte Bonheur 스즈란 자수실 오거나이저,스마트스토어,,,판매중,전시중,9998,59000,59000,,,N,N,N,,,,,1.0%,0,0,0,0,0,,,,오늘출발,"평일 16시00분까지 결제 완료된 주문

",기본 배송비 묶음그룹,조건부 무료,선결제,3000,3000,6000,N,Y,-,90141048210,,,,,,,가구/인테리어,수예,수예용품/부자재,,크로바,크로바,,,,N,N,N,,,,https://shop-phinf.pstatic.net/20251027_125/1761544891366DvJHj_JPEG/2387370046597896_998767948.jpg,,,,Y,2025-10-27 15:02:10,2026-02-13 19:50:19,
,12565356150,,스팃스 DMC 자수실 에코비타 얇은 울사 60색 풀세트,스마트스토어,,,판매중,전시중,9999,114000,114000,,,N,N,N,,,,,1.0%,0,0,0,0,0,,,,오늘출발,"평일 16시00분까지 결제 완료된 주문

",기본 배송비 묶음그룹,무료,,0,3000,6000,N,Y,-,90109867003,,,,,,,가구/인테리어,수예,자수,실/바늘,DMC,DMC,11194,DMC 자수실 에코비타 얇은울사 60색 풀세트,,N,N,N,,,,https://shop-phinf.pstatic.net/20251020_50/17609410938855g9wS_JPEG/7619514912564624_161973436.jpg,,,,Y,2025-10-20 15:30:51,2026-03-04 15:09:55,
,12565321563,,스팃스 DMC 자수실 에코비타 얇은 울사 60색 택1,스마트스토어,,,판매중,전시중,5999937,1900,1900,,,Y,N,N,,,,,1.0%,0,0,0,0,0,,,,오늘출발,"평일 16시00분까지 결제 완료된 주문

",기본 배송비 묶음그룹,조건부 무료,선결제,3000,3000,6000,N,Y,-,90109832416,,,,,,,가구/인테리어,수예,자수,실/바늘,DMC,DMC,11194,,,N,N,N,,,,https://shop-phinf.pstatic.net/20251020_50/17609410938855g9wS_JPEG/7619514912564624_161973436.jpg,,,,Y,2025-10-20 15:20:44,2026-06-16 19:49:45,
,12522023512,,스티치이데 특별편  꽃 가득한 자수도안집 프랑스자수편,스마트스토어,,,판매중,전시중,99999,18000,18000,,,N,N,N,,,,,1.0%,0,0,0,0,0,,,,오늘출발,"평일 16시00분까지 결제 완료된 주문

",기본 배송비 묶음그룹,조건부 무료,선결제,3000,3000,6000,N,Y,-,90066534365,,,,,,,가구/인테리어,수예,자수,도안,,,,,,N,N,N,,,,http://shop1.phinf.naver.net/20251010_181/1760077443178vw8S6_JPEG/1890836987474391_1130653654.jpg,,,,Y,2025-10-10 15:24:59,2026-06-16 19:50:09,
,12521979528,,일본자수서적 쥬드필 Jeu de Fils 어린이의 경치,스마트스토어,,,판매중,전시중,9998,35000,35000,,,N,N,N,,,,,1.0%,0,0,0,0,0,,,,오늘출발,"평일 16시00분까지 결제 완료된 주문

",기본 배송비 묶음그룹,조건부 무료,선결제,3000,3000,6000,N,Y,-,90066490381,,,,,,,가구/인테리어,수예,자수,도안,,,,,,N,N,N,,,,http://shop1.phinf.naver.net/20251010_291/1760076455553cNQ0l_JPEG/94209395704714356_1894505042.jpg,,,,Y,2025-10-10 15:08:44,2026-06-16 19:07:46,
,12521924786,,스팃스 일본자수서적 쥬드필 Jeu de Fils 토끼,스마트스토어,(일본자수서적) 쥬드필(Jeu de Fils) - 토끼,,판매중,전시중,3,38000,38000,,,N,N,N,,,,,1.0%,0,0,0,0,0,,,,오늘출발,"평일 16시00분까지 결제 완료된 주문

",기본 배송비 묶음그룹,조건부 무료,선결제,3000,3000,6000,N,Y,-,90066435639,,,,,,,가구/인테리어,수예,자수,도안,,,,,,N,N,N,,,,https://shop-phinf.pstatic.net/20251010_69/1760075252718AoFbT_JPEG/9145003779379262_930395583.jpg,,,,Y,2025-10-10 14:48:45,2026-06-16 19:50:33,
,12521856939,,스팃스 프린트자수 원단 LECIEN 르시앙 100명의 언니 자수 원단 화이트,스마트스토어,LECIEN(르시앙) - 100명의 언니 - 프린트 자수 원단 화이트,,판매중,전시중,99999,16000,16000,,,N,N,Y,,,,,1.0%,0,0,0,0,0,,,,오늘출발,"평일 16시00분까지 결제 완료된 주문

",기본 배송비 묶음그룹,조건부 무료,선결제,3000,3000,6000,N,Y,-,90066367792,,,,,,,가구/인테리어,수예,자수,패키지,,르시앙,,,,N,N,N,,,,https://shop-phinf.pstatic.net/20251010_50/1760073689871df3WP_JPEG/94206550847757598_412299555.jpg,,,,Y,2025-10-10 14:22:34,2026-06-17 12:27:59,
,12465254166,,스팃스 원목 우드 타원 가로형 수틀 13cmx21cm,스마트스토어,,,판매중,전시중,99999,8500,8500,,,N,N,N,,,,,1.0%,0,0,0,0,0,,,,오늘출발,"평일 16시00분까지 결제 완료된 주문

",기본 배송비 묶음그룹,조건부 무료,선결제,3000,3000,6000,N,Y,-,90009764913,,,,,,,가구/인테리어,수예,수예용품/부자재,,스팃스,스팃스,,,,N,N,N,,,,http://shop1.phinf.naver.net/20250926_240/17588690304988W5td_JPEG/10440994625379543_1519078.jpg,,,,Y,2025-09-26 15:44:46,2026-02-20 12:51:08,
,12405047708,,스팃스 E6000 투명 다용도 접착제 치약본드 110ml,스마트스토어,,,판매중,전시중,99840,6500,6500,,,N,N,N,,,,,1.0%,0,0,0,0,0,,,,오늘출발,"평일 16시00분까지 결제 완료된 주문

",기본 배송비 묶음그룹,조건부 무료,선결제,3000,3000,6000,N,Y,-,89949558433,,,,,,,생활/건강,공구,접착용품,접착제,스팃스,스팃스,,,,N,N,N,,,,https://shop-phinf.pstatic.net/20250915_227/1757915958451JLX9E_JPEG/105063459137019306_380920703.jpg,,,,Y,2025-09-15 15:01:20,2026-02-20 12:51:08,
,12390899011,,스팃스 어린시절의친구 인쇄형 실 십자수 패키지 도안 실 원단 포함 풀세트,스마트스토어,,,판매중,전시중,9999,28000,28000,,,N,N,N,,,,,1.0%,0,0,0,0,0,,,,오늘출발,"평일 16시00분까지 결제 완료된 주문

",기본 배송비 묶음그룹,무료,,0,3000,6000,N,Y,-,89935409736,,,,,,,가구/인테리어,수예,자수,패키지,스팃스,스팃스,,,,N,N,N,,,,http://shop1.phinf.naver.net/20250912_137/1757653455865XHlLB_JPEG/51767678816641860_862487709.jpg,,,,Y,2025-09-12 14:04:44,2026-02-20 12:51:08,
,12390895596,,스팃스 장미 러브레터 인쇄형 실 십자수 패키지 도안 실 원단 포함 풀세트,스마트스토어,,,판매중,전시중,99999,28000,28000,,,N,N,N,,,,,1.0%,0,0,0,0,0,,,,오늘출발,"평일 16시00분까지 결제 완료된 주문

",기본 배송비 묶음그룹,무료,,0,3000,6000,N,Y,-,89935406321,,,,,,,가구/인테리어,수예,자수,패키지,스팃스,스팃스,,,,N,N,N,,,,http://shop1.phinf.naver.net/20250912_54/1757653406927slRiO_JPEG/40252976737898285_1031672514.jpg,,,,Y,2025-09-12 14:03:52,2026-06-16 19:09:07,
,12390892133,,스팃스 꽃피는 거실 인쇄형 실 십자수 패키지 도안 실 원단 포함 풀세트,스마트스토어,,,판매중,전시중,99999,32000,32000,,,N,N,Y,,,,,1.0%,0,0,0,0,0,,,,오늘출발,"평일 16시00분까지 결제 완료된 주문

",기본 배송비 묶음그룹,무료,,0,3000,6000,N,Y,-,89935402858,,,,,,,가구/인테리어,수예,자수,패키지,스팃스,스팃스,,,,N,N,N,,,,https://shop-phinf.pstatic.net/20250912_164/1757653357963TlLe8_JPEG/91786178061163725_983303662.jpg,,,,Y,2025-09-12 14:03:07,2026-06-16 19:51:24,
,12390887538,,스팃스 수중세계 인쇄형 실 십자수 패키지 도안 실 원단 포함 풀세트,스마트스토어,,,판매중,전시중,99999,31000,31000,,,N,N,N,,,,,1.0%,0,0,0,0,0,,,,오늘출발,"평일 16시00분까지 결제 완료된 주문

",기본 배송비 묶음그룹,무료,,0,3000,6000,N,Y,-,89935398263,,,,,,,가구/인테리어,수예,자수,패키지,스팃스,스팃스,,,,N,N,N,,,,http://shop1.phinf.naver.net/20250912_184/1757653289827SRoLA_JPEG/91786169515057345_356863100.jpg,,,,Y,2025-09-12 14:02:18,2026-02-20 12:51:08,
,12390879092,,스팃스 산타와크리스마스 인쇄형 실 십자수 패키지 도안 실 원단 포함 풀세트,스마트스토어,,,판매중,전시중,9999,31000,31000,,,N,N,Y,,,,,1.0%,0,0,0,0,0,,,,오늘출발,"평일 16시00분까지 결제 완료된 주문

",기본 배송비 묶음그룹,무료,,0,3000,6000,N,Y,-,89935389817,,,,,,,가구/인테리어,수예,자수,패키지,스팃스,스팃스,,,,N,N,N,,,,https://shop-phinf.pstatic.net/20250912_173/1757653186298csz7N_JPEG/8638780091460460_2092562190.jpg,,,,Y,2025-09-12 14:01:02,2026-02-20 12:51:08,
,12333687503,,스팃스 마법사 토끼 인쇄형 실 십자수 패키지 도안 실 원단 포함 풀세트,스마트스토어,,,판매중,전시중,9999,23000,23000,,,N,N,N,,,,,1.0%,0,0,0,0,0,,,,오늘출발,"평일 16시00분까지 결제 완료된 주문

",기본 배송비 묶음그룹,무료,,0,3000,6000,N,Y,-,89878198220,,,,,,,가구/인테리어,수예,자수,패키지,자체제작,자체브랜드,,,,N,N,N,,,,http://shop1.phinf.naver.net/20250901_27/1756707710377CnvxT_JPEG/71035815256505397_787831367.jpg,,,,Y,2025-09-01 15:22:50,2026-06-16 19:09:59,
,12270463159,,스팃스 시원한 여름 캔버스 판넬 액자 보석십자수 DIY 키트 40x50cm,스마트스토어,,,판매중,전시중,9999,21800,21800,,,N,N,N,,,,,1.0%,0,0,0,0,0,,28칸비즈케이스증정,,오늘출발,"평일 16시00분까지 결제 완료된 주문

",기본 배송비 묶음그룹,무료,,0,3000,6000,N,Y,-,89814973874,,,,,,,가구/인테리어,수예,보석십자수,,스팃스,스팃스,,,,N,N,N,,,,http://shop1.phinf.naver.net/20250819_86/1755585199041tsWrU_JPEG/8758249037549902_1582375169.jpg,,,,Y,2025-08-19 15:33:59,2026-04-14 12:58:49,
,12270459189,,스팃스 달빛 호수 캔버스 판넬 액자 보석십자수 DIY 키트 40x50cm,스마트스토어,,,판매중,전시중,9999,21800,21800,,,N,N,N,,,,,1.0%,0,0,0,0,0,,28칸비즈케이스증정,,오늘출발,"평일 16시00분까지 결제 완료된 주문

",기본 배송비 묶음그룹,무료,,0,3000,6000,N,Y,-,89814969905,,,,,,,가구/인테리어,수예,보석십자수,,스팃스,스팃스,,,,N,N,N,,,,http://shop1.phinf.naver.net/20250819_117/1755585150088DQC6K_JPEG/30924826864674486_2075094861.jpg,,,,Y,2025-08-19 15:33:01,2026-06-16 19:10:20,
,12270455987,,스팃스 해변마을 캔버스 판넬 액자 보석십자수 DIY 키트 40x50cm,스마트스토어,,,판매중,전시중,99999,21800,21800,,,N,N,N,,,,,1.0%,0,0,0,0,0,,28칸비즈케이스증정,,오늘출발,"평일 16시00분까지 결제 완료된 주문

",기본 배송비 묶음그룹,무료,,0,3000,6000,N,Y,-,89814966720,,,,,,,가구/인테리어,수예,보석십자수,,스팃스,스팃스,,,,N,N,N,,,,http://shop1.phinf.naver.net/20250819_27/1755585091965P8oUL_JPEG/89718022085213506_799819581.jpg,,,,Y,2025-08-19 15:32:11,2026-06-16 19:52:12,
,12270452168,,스팃스 빛을품은 소녀 캔버스 판넬 액자 보석십자수 DIY 키트 40x50cm,스마트스토어,,,판매중,전시중,99999,21800,21800,,,N,N,N,,,,,1.0%,0,0,0,0,0,,28칸비즈케이스증정,,오늘출발,"평일 16시00분까지 결제 완료된 주문

",기본 배송비 묶음그룹,무료,,0,3000,6000,N,Y,-,89814962884,,,,,,,가구/인테리어,수예,보석십자수,,스팃스,스팃스,,,,N,N,N,,,,http://shop1.phinf.naver.net/20250819_20/1755585006383kwjrU_JPEG/31203056822276103_1251171562.jpg,,,,Y,2025-08-19 15:31:12,2026-04-13 15:42:02,
,12270446687,,스팃스 별빛고양이 캔버스 판넬 액자 보석십자수 DIY 키트 40x50cm,스마트스토어,,,판매중,전시중,99999,21800,21800,,,N,N,N,,,,,1.0%,0,0,0,0,0,,28칸비즈케이스증정,,오늘출발,"평일 16시00분까지 결제 완료된 주문

",기본 배송비 묶음그룹,무료,,0,3000,6000,N,Y,-,89814957403,,,,,,,가구/인테리어,수예,보석십자수,,스팃스,스팃스,,,,N,N,N,,,,http://shop1.phinf.naver.net/20250819_133/1755584926088AVPi2_JPEG/5196458600349810_713228203.jpg,,,,Y,2025-08-19 15:29:48,2026-06-16 19:52:38,
,12270440753,,스팃스 산토리니 캔버스 판넬 액자 보석십자수 DIY 키트 40x50cm,스마트스토어,,,판매중,전시중,99999,21800,21800,,,N,N,Y,,,,,1.0%,0,0,0,0,0,,28칸비즈케이스증정,,오늘출발,"평일 16시00분까지 결제 완료된 주문

",기본 배송비 묶음그룹,무료,,0,3000,6000,N,Y,-,89814951469,,,,,,,가구/인테리어,수예,보석십자수,,스팃스,스팃스,,,,N,N,N,,,,http://shop1.phinf.naver.net/20260413_296/1776053338310lrJmI_JPEG/30695570221422477_1278264719.jpg,,,,Y,2025-08-19 15:28:20,2026-06-16 19:11:01,
,12242668664,,자수서적 계절과 이야기의 십자수,스마트스토어,,,판매중,전시중,9999,20000,20000,,,N,N,N,,,,,1.0%,0,0,0,0,0,,,,오늘출발,"평일 16시00분까지 결제 완료된 주문

",기본 배송비 묶음그룹,조건부 무료,선결제,3000,3000,6000,N,Y,-,89787179380,,,,,,,가구/인테리어,수예,자수,도안,,,,,,N,N,N,,,,http://shop1.phinf.naver.net/20250813_166/1755065838835RspGc_JPEG/81559144608815882_1437656894.jpg,,,,Y,2025-08-13 15:17:52,2026-06-16 19:53:02,
,12242357488,,자수서적 쿠라하시 레이의 이상한 나라의 십자수,스마트스토어,(일본서적) 쿠라하시 레이- 이상한 나라의 십자수,,판매중,전시중,99998,22000,22000,,,N,N,N,,,,,1.0%,0,0,0,0,0,,,,오늘출발,"평일 16시00분까지 결제 완료된 주문

",기본 배송비 묶음그룹,조건부 무료,선결제,3000,3000,6000,N,Y,-,89786868204,,,,,,,가구/인테리어,수예,자수,도안,,,,,,N,N,N,,,,https://shop-phinf.pstatic.net/20250813_15/1755061559544tpXg3_JPEG/89194325981249772_1546871198.jpg,,,,Y,2025-08-13 14:06:51,2026-06-16 19:11:21,
,12070541378,,스팃스 붕어 열쇠고리 D고리 연결링 키링 부자재 20개,스마트스토어,,,판매중,전시중,99999,4500,4500,,,N,N,N,,,,,1.0%,0,0,0,0,0,,,,오늘출발,"평일 16시00분까지 결제 완료된 주문

",기본 배송비 묶음그룹,조건부 무료,선결제,3000,3000,6000,N,Y,-,89615052077,,,,,,,가구/인테리어,수예,수예용품/부자재,,스팃스,스팃스,,,,N,N,N,,,,http://shop1.phinf.naver.net/20250707_186/1751865637917meBUD_JPEG/13202885027991812_553898639.jpg,,,,Y,2025-07-07 14:24:36,2026-06-16 19:53:27,
,12026599184,,스팃스 존제임스 프랑스자수 바늘세트 7호,스마트스토어,,,판매중,전시중,99997,4300,4300,,,N,N,N,,,,,1.0%,0,0,0,0,0,,,,오늘출발,"평일 16시00분까지 결제 완료된 주문

",기본 배송비 묶음그룹,조건부 무료,선결제,3000,3000,6000,N,Y,-,89571109876,,,,,,,가구/인테리어,수예,자수,실/바늘,,,,,,N,N,N,,,,http://shop1.phinf.naver.net/20250627_48/1751005739145WmdPa_JPEG/3720051260663621_349258784.jpg,,,,Y,2025-06-27 15:30:11,2026-06-16 19:11:41,
,12026401692,,스팃스 장난감가게 인쇄형 실 십자수 패키지 도안 실 원단 포함 풀세트,스마트스토어,,,판매중,전시중,99998,28000,28000,,,N,N,Y,,,,,1.0%,0,0,0,0,0,,,,오늘출발,"평일 16시00분까지 결제 완료된 주문

",기본 배송비 묶음그룹,무료,,0,3000,6000,N,Y,-,89570912384,,,,,,,가구/인테리어,수예,자수,패키지,스팃스,스팃스,,,,N,N,N,,,,https://shop-phinf.pstatic.net/20250627_205/1751001706013WbORF_JPEG/3880297239118935_1717933119.jpg,,,,Y,2025-06-27 14:23:04,2026-02-20 12:51:08,
,12026396918,,스팃스 연꽃과 잉어 인쇄형 실 십자수 패키지 도안 실 원단 포함 풀세트,스마트스토어,,,판매중,전시중,99999,30000,30000,,,N,N,N,,,,,1.0%,0,0,0,0,0,,,,오늘출발,"평일 16시00분까지 결제 완료된 주문

",기본 배송비 묶음그룹,무료,,0,3000,6000,N,Y,-,89570907610,,,,,,,가구/인테리어,수예,자수,패키지,스팃스,스팃스,,,,N,N,N,,,,http://shop1.phinf.naver.net/20250627_229/1751001617705IxGGB_JPEG/68695696520609322_561346775.jpg,,,,Y,2025-06-27 14:21:21,2026-06-16 19:12:01,
,11947535909,,스팃스 튤립 에띠모 로즈 코바늘3개 케이스 세트,스마트스토어,,,판매중,전시중,99999,48000,48000,,,N,N,N,,,,,1.0%,0,0,0,0,0,,,,오늘출발,"평일 16시00분까지 결제 완료된 주문

",기본 배송비 묶음그룹,조건부 무료,선결제,3000,3000,6000,N,Y,-,89492046612,,,,,,,가구/인테리어,수예,뜨개질,뜨개질바늘,,,,,,N,N,N,,,,http://shop1.phinf.naver.net/20250610_1/1749536582968Uuf3C_JPEG/10100496047871179_717459019.jpg,,,,Y,2025-06-10 15:23:53,2026-02-13 19:50:56,
,11942651378,,스팃스 튤립 에띠모 모사용 그레이 12종 택1,스마트스토어,,,판매중,전시중,1199988,10900,10900,,,Y,N,N,,,,,1.0%,0,0,0,0,0,,,,오늘출발,"평일 16시00분까지 결제 완료된 주문

",기본 배송비 묶음그룹,조건부 무료,선결제,3000,3000,6000,N,Y,-,89487162066,,,,,,,가구/인테리어,수예,뜨개질,뜨개질바늘,,,,,,N,N,N,,,,http://shop1.phinf.naver.net/20250609_141/1749448806192GW5Ly_JPEG/12948347047147488_1957306200.jpg,,,,Y,2025-06-09 15:01:30,2026-02-13 19:50:56,
,11942643578,,스팃스 튤립 에띠모 모사용 그레이 코바늘 세트,스마트스토어,,,판매중지,전시중,99999,113000,113000,,,N,N,N,,,,,1.0%,0,0,0,0,0,,,,오늘출발,"평일 16시00분까지 결제 완료된 주문

",기본 배송비 묶음그룹,무료,,0,3000,6000,N,Y,-,89487154266,,,,,,,가구/인테리어,수예,뜨개질,뜨개질바늘,,,,,,N,N,N,,,,http://shop1.phinf.naver.net/20250609_120/1749448681534p93st_JPEG/83581542645847799_617447341.jpg,,,,Y,2025-06-09 14:59:03,2026-06-05 14:56:59,
,11900794546,,자수서적 헬로키티와 패티 지미의 십자수,스마트스토어,,,판매중,전시중,99999,18000,18000,,,N,N,N,,,,,1.0%,0,0,0,0,0,,,,오늘출발,"평일 16시00분까지 결제 완료된 주문

",기본 배송비 묶음그룹,조건부 무료,선결제,3000,3000,6000,N,Y,-,89445305155,,,,,,,가구/인테리어,수예,수예용품/부자재,,,,,,,N,N,N,,,,http://shop1.phinf.naver.net/20250529_17/1748498607041hj4gU_JPEG/82631448157990248_2080271917.jpg,,,,Y,2025-05-29 15:04:14,2026-06-16 19:55:00,
,11900790768,,자수서적 Les triple 미츠고의 십자수 도안책,스마트스토어,,,판매중,전시중,99999,19500,19500,,,N,N,N,,,,,1.0%,0,0,0,0,0,,,,오늘출발,"평일 16시00분까지 결제 완료된 주문

",기본 배송비 묶음그룹,조건부 무료,선결제,3000,3000,6000,N,Y,-,89445301377,,,,,,,가구/인테리어,수예,수예용품/부자재,,,,,,,N,N,N,,,,http://shop1.phinf.naver.net/20250529_249/1748498537308xld7I_JPEG/96612345267427803_1458772463.jpg,,,,Y,2025-05-29 15:03:06,2026-02-13 16:18:39,
,11900786028,,자수서적 원포인트로 즐기는 십자수 패턴과 입체모티브,스마트스토어,,,판매중,전시중,99999,19500,19500,,,N,N,N,,,,,1.0%,0,0,0,0,0,,,,오늘출발,"평일 16시00분까지 결제 완료된 주문

",기본 배송비 묶음그룹,조건부 무료,선결제,3000,3000,6000,N,Y,-,89445296637,,,,,,,가구/인테리어,수예,수예용품/부자재,,,,,,,N,N,N,,,,http://shop1.phinf.naver.net/20250529_200/1748498469287Dq8wu_JPEG/82631422388171012_1222444804.jpg,,,,Y,2025-05-29 15:01:58,2026-06-16 19:55:47,
,11900781631,,자수서적 시나몬롤과 폼폼 푸딩의 십자수북,스마트스토어,,,판매중,전시중,99999,18000,18000,,,N,N,N,,,,,1.0%,0,0,0,0,0,,,,오늘출발,"평일 16시00분까지 결제 완료된 주문

",기본 배송비 묶음그룹,조건부 무료,선결제,3000,3000,6000,N,Y,-,89445292240,,,,,,,가구/인테리어,수예,수예용품/부자재,,,,,,,N,N,N,,,,http://shop1.phinf.naver.net/20250529_43/1748498381635ikDNU_JPEG/71018757650300_1172026042.jpg,,,,Y,2025-05-29 15:00:41,2026-06-16 19:56:12,
,11891577333,,스팃스 아침식사 열 접착 캐릭터 와펜,스마트스토어,,,판매중,전시중,299997,3800,3800,,,Y,N,N,,,,,1.0%,0,0,0,0,0,,,,오늘출발,"평일 16시00분까지 결제 완료된 주문

",기본 배송비 묶음그룹,조건부 무료,선결제,3000,3000,6000,N,Y,-,89436087942,,,,,,,가구/인테리어,수예,수예용품/부자재,,스팃스,스팃스,,,,N,N,N,,,,http://shop1.phinf.naver.net/20250527_282/1748322840905TSzae_JPEG/59615951946171223_1992339422.jpg,,,,Y,2025-05-27 14:14:53,2026-06-16 19:56:37,
,11891573471,,스팃스 귀여운 음식 열 접착 캐릭터 와펜,스마트스토어,,,판매중,전시중,399996,4300,4300,,,Y,N,N,,,,,1.0%,0,0,0,0,0,,,,오늘출발,"평일 16시00분까지 결제 완료된 주문

",기본 배송비 묶음그룹,조건부 무료,선결제,3000,3000,6000,N,Y,-,89436084080,,,,,,,가구/인테리어,수예,수예용품/부자재,,스팃스,스팃스,,,,N,N,N,,,,http://shop1.phinf.naver.net/20250527_139/1748322770680p6Uan_JPEG/54835198319115911_2144910050.jpg,,,,Y,2025-05-27 14:13:42,2026-02-20 12:51:08,
,11891569742,,스팃스 애니멀 가든 열 접착 캐릭터 와펜,스마트스토어,,,판매중,전시중,299997,4300,4300,,,Y,N,N,,,,,1.0%,0,0,0,0,0,,,,오늘출발,"평일 16시00분까지 결제 완료된 주문

",기본 배송비 묶음그룹,조건부 무료,선결제,3000,3000,6000,N,Y,-,89436080351,,,,,,,가구/인테리어,수예,수예용품/부자재,,스팃스,스팃스,,,,N,N,N,,,,http://shop1.phinf.naver.net/20250527_43/17483226983244arcI_JPEG/37139468095116438_1525112577.jpg,,,,Y,2025-05-27 14:12:32,2026-02-20 12:51:08,
,11891565874,,스팃스 귀여운 음료 열 접착 캐릭터 와펜,스마트스토어,,,판매중,전시중,399996,4300,4300,,,Y,N,N,,,,,1.0%,0,0,0,0,0,,,,오늘출발,"평일 16시00분까지 결제 완료된 주문

",기본 배송비 묶음그룹,조건부 무료,선결제,3000,3000,6000,N,Y,-,89436076483,,,,,,,가구/인테리어,수예,수예용품/부자재,,스팃스,스팃스,,,,N,N,N,,,,http://shop1.phinf.naver.net/20250527_291/1748322602226SdXXC_JPEG/82455439370931307_306987630.jpg,,,,Y,2025-05-27 14:11:19,2026-02-20 12:51:08,
,11891560856,,스팃스 꽃을 든 소녀 열 접착 캐릭터 와펜,스마트스토어,,,판매중,전시중,99998,4800,4800,,,N,N,N,,,,,1.0%,0,0,0,0,0,,,,오늘출발,"평일 16시00분까지 결제 완료된 주문

",기본 배송비 묶음그룹,조건부 무료,선결제,3000,3000,6000,N,Y,-,89436071465,,,,,,,가구/인테리어,수예,수예용품/부자재,,스팃스,스팃스,,,,N,N,N,,,,http://shop1.phinf.naver.net/20250527_256/1748322502901RI25p_JPEG/62207781697357348_206236359.jpg,,,,Y,2025-05-27 14:09:43,2026-06-16 19:58:14,
,11887598595,,스팃스 크로바 Porte Bonheur 스즈란 가위 케이스포함,스마트스토어,,,판매중,전시중,99995,79000,79000,,,N,N,N,,,,,1.0%,0,0,0,0,0,,,,오늘출발,"평일 16시00분까지 결제 완료된 주문

",기본 배송비 묶음그룹,무료,,0,3000,6000,N,Y,-,89432109204,,,,,,,가구/인테리어,수예,수예용품/부자재,,크로바,크로바,270,,,N,N,N,,,,https://shop-phinf.pstatic.net/20250526_72/1748242334609eUsvb_JPEG/30867706495316288_1871642813.jpg,,,,Y,2025-05-26 15:53:20,2026-04-06 14:16:30,
,11876997291,,스팃스 시골풍경 무지원단 실 십자수 패키지 도안 실 원단 포함 풀세트,스마트스토어,,,판매중,전시중,9999,31000,31000,,,N,N,N,,,,,1.0%,0,0,0,0,0,,,,오늘출발,"평일 16시00분까지 결제 완료된 주문

",기본 배송비 묶음그룹,무료,,0,3000,6000,N,Y,-,89421507893,,,,,,,가구/인테리어,수예,자수,패키지,스팃스,스팃스,,,,N,N,N,,,,http://shop1.phinf.naver.net/20250523_149/1747981240126CNfYx_JPEG/76570867209133434_288932924.jpg,,,,Y,2025-05-23 15:21:20,2026-06-16 19:59:06,
,11876993775,,스팃스 여름날의 정원 무지원단 실 십자수 패키지 도안 실 원단 포함 풀세트,스마트스토어,,,판매중,전시중,9999,27500,27500,,,N,N,N,,,,,1.0%,0,0,0,0,0,,,,오늘출발,"평일 16시00분까지 결제 완료된 주문

",기본 배송비 묶음그룹,무료,,0,3000,6000,N,Y,-,89421504377,,,,,,,가구/인테리어,수예,자수,패키지,스팃스,스팃스,,,,N,N,N,,,,http://shop1.phinf.naver.net/20250523_134/17479811741913mtov_JPEG/82114011334297059_366515075.jpg,,,,Y,2025-05-23 15:20:19,2026-06-16 19:59:33,
,11876989178,,스팃스 마법의숲 무지원단 실 십자수 패키지 도안 실 원단 포함 풀세트,스마트스토어,,,판매중,전시중,99999,31000,31000,,,N,N,N,,,,,1.0%,0,0,0,0,0,,,,오늘출발,"평일 16시00분까지 결제 완료된 주문

",기본 배송비 묶음그룹,무료,,0,3000,6000,N,Y,-,89421499780,,,,,,,가구/인테리어,수예,자수,패키지,스팃스,스팃스,,,,N,N,N,,,,http://shop1.phinf.naver.net/20250523_83/17479811053984oDnR_JPEG/16640292270606031_2410971.jpg,,,,Y,2025-05-23 15:19:11,2026-06-17 09:48:49,
,11876984089,,스팃스 강아지얼굴 무지원단 실 십자수 패키지 도안 실 원단 포함 풀세트,스마트스토어,,,판매중,전시중,99999,31000,31000,,,N,N,N,,,,,1.0%,0,0,0,0,0,,,,오늘출발,"평일 16시00분까지 결제 완료된 주문

",기본 배송비 묶음그룹,무료,,0,3000,6000,N,Y,-,89421494691,,,,,,,가구/인테리어,수예,자수,패키지,스팃스,스팃스,,,,N,N,N,,,,http://shop1.phinf.naver.net/20250523_185/17479810209221fUsp_JPEG/11648149879702998_622138999.jpg,,,,Y,2025-05-23 15:18:01,2026-06-16 20:00:21,
,11876975746,,스팃스 일요일레시피 무지원단 실 십자수 패키지 도안 실 원단 포함 풀세트,스마트스토어,,,판매중,전시중,99999,27500,27500,,,N,N,N,,,,,1.0%,0,0,0,0,0,,,,오늘출발,"평일 16시00분까지 결제 완료된 주문

",기본 배송비 묶음그룹,무료,,0,3000,6000,N,Y,-,89421486348,,,,,,,가구/인테리어,수예,자수,패키지,스팃스,스팃스,,,,N,N,N,,,,http://shop1.phinf.naver.net/20250523_290/1747980911500XBBQl_JPEG/82113817704963706_585695841.jpg,,,,Y,2025-05-23 15:16:28,2026-02-20 12:51:08,
,11876963181,,스팃스 제과점 무지원단 실 십자수 패키지 도안 실 원단 포함 풀세트,스마트스토어,,,판매중지,전시중,99999,34000,34000,,,N,N,N,,,,,1.0%,0,0,0,0,0,,,,오늘출발,"평일 16시00분까지 결제 완료된 주문

",기본 배송비 묶음그룹,무료,,0,3000,6000,N,Y,-,89421473783,,,,,,,가구/인테리어,수예,자수,패키지,스팃스,스팃스,,,,N,N,N,,,,http://shop1.phinf.naver.net/20250523_230/17479807882807Hp0h_JPEG/13909727159429965_1936930569.jpg,,,,Y,2025-05-23 15:13:55,2026-05-26 15:58:45,
,11876957259,,스팃스 시골마을교회 무지원단 실 십자수 패키지 도안 실 원단 포함 풀세트,스마트스토어,,,판매중,전시중,99999,34000,34000,,,N,N,N,,,,,1.0%,0,0,0,0,0,,,,오늘출발,"평일 16시00분까지 결제 완료된 주문

",기본 배송비 묶음그룹,무료,,0,3000,6000,N,Y,-,89421467861,,,,,,,가구/인테리어,수예,자수,패키지,스팃스,스팃스,,,,N,N,N,,,,http://shop1.phinf.naver.net/20250523_55/1747980595352vDIXL_JPEG/2519315279626928_903573037.jpg,,,,Y,2025-05-23 15:12:42,2026-06-17 09:49:33,
,11876935177,,스팃스 소도시의 항구 무지원단 실 십자수 패키지 도안 실 원단 포함 풀세트,스마트스토어,,,판매중,전시중,99999,41000,41000,,,N,N,N,,,,,1.0%,0,0,0,0,0,,,,오늘출발,"평일 16시00분까지 결제 완료된 주문

",기본 배송비 묶음그룹,무료,,0,3000,6000,N,Y,-,89421445779,,,,,,,가구/인테리어,수예,자수,패키지,스팃스,스팃스,,,,N,N,N,,,,http://shop1.phinf.naver.net/20250523_77/1747980316475QK0OH_JPEG/30605688358288909_1758355393.jpg,,,,Y,2025-05-23 15:07:17,2026-06-16 20:01:30,
,11868246767,,스팃스 심플 린넨 무지 앞치마,스마트스토어,,,판매중,전시중,99997,18000,18000,,,N,N,N,,,,,1.0%,0,0,0,0,0,,,,오늘출발,"평일 16시00분까지 결제 완료된 주문

",기본 배송비 묶음그룹,조건부 무료,선결제,3000,3000,6000,N,Y,-,89412757361,,,,,,,가구/인테리어,수예,원단,,스팃스,스팃스,,,,N,N,N,,,,http://shop1.phinf.naver.net/20250521_235/1747803593414xYHqx_JPEG/25995533546714131_267227229.jpg,,,,Y,2025-05-21 14:00:55,2026-06-16 20:02:01,
,11859297246,,스팃스 뜨개질 대나무 줄바늘 3.5mm 부터12mm까지 12종 택1,스마트스토어,,,판매중,전시중,1099999,500,500,,,Y,N,Y,,,,,1.0%,0,0,0,0,0,,,,오늘출발,"평일 16시00분까지 결제 완료된 주문

",기본 배송비 묶음그룹,조건부 무료,선결제,3000,3000,6000,N,Y,-,89403807884,,,,,,,가구/인테리어,수예,뜨개질,뜨개질바늘,스팃스,스팃스,,,,N,N,N,,,,https://shop-phinf.pstatic.net/20250519_204/1747633975268p13DY_JPEG/6092649415194559_397770639.jpg,,,,Y,2025-05-19 14:55:09,2026-02-20 12:51:08,
,11745905598,,스팃스 공예용 나사형 9자핀 구자못 고리 핀 8mm 100개입,스마트스토어,,,판매중,전시중,199998,1800,1800,,,Y,N,N,,,,,1.0%,0,0,0,0,0,,,,오늘출발,"평일 16시00분까지 결제 완료된 주문

",기본 배송비 묶음그룹,조건부 무료,선결제,3000,3000,6000,N,Y,-,89290416117,,,,,,,가구/인테리어,수예,수예용품/부자재,,스팃스,스팃스,,,,N,N,N,,,,http://shop1.phinf.naver.net/20250421_35/1745217953301JyDAH_JPEG/27318307445391579_2078673494.jpg,,,,Y,2025-04-21 15:47:03,2026-06-16 20:02:53,
,11601139899,,스팃스 잉어와 연꽃 보석십자수 도안형 DIY 키트 재물운 큐빅 자수 패키지,스마트스토어,,,판매중,전시중,99999,25000,25000,,,N,N,Y,,,,,1.0%,0,0,0,0,0,,,,오늘출발,"평일 16시00분까지 결제 완료된 주문

",기본 배송비 묶음그룹,무료,,0,3000,6000,N,Y,-,89145650305,,,,,,,가구/인테리어,수예,보석십자수,,스팃스,스팃스,,,,N,N,N,,,,http://shop1.phinf.naver.net/20260529_112/1780065144780nElXU_PNG/56290118638229090_1208032780.png,,,,Y,2025-03-17 15:41:04,2026-06-17 09:50:15,
,11601135593,,스팃스  해안가의 해바라기 길 보석십자수 도안형 DIY 키트 풍수 인테리어,스마트스토어,,,판매중,전시중,99999,25000,25000,,,N,N,N,,,,,1.0%,0,0,0,0,0,,,,오늘출발,"평일 16시00분까지 결제 완료된 주문

",기본 배송비 묶음그룹,무료,,0,3000,6000,N,Y,-,89145645999,,,,,,,가구/인테리어,수예,보석십자수,,스팃스,스팃스,,,,N,N,N,,,,http://shop1.phinf.naver.net/20260530_228/1780071879271V3QIb_PNG/113825077705506464_2064954338.png,,,,Y,2025-03-17 15:40:03,2026-06-17 09:50:38,
,11601131262,,스팃스 달빛 아래 호숫가 보석십자수 도안형 DIY 키트 감성 풍경 자수,스마트스토어,,,판매중,전시중,99998,25000,25000,,,N,N,Y,,,,,1.0%,0,0,0,0,0,,,,오늘출발,"평일 16시00분까지 결제 완료된 주문

",기본 배송비 묶음그룹,무료,,0,3000,6000,N,Y,-,89145641668,,,,,,,가구/인테리어,수예,보석십자수,,스팃스,스팃스,,,,N,N,N,,,,http://shop1.phinf.naver.net/20260529_115/1780065491103RkhOU_PNG/8101629894813856_508660929.png,,,,Y,2025-03-17 15:38:58,2026-06-17 09:51:00,
,11601127060,,스팃스 행복한 시간 보석십자수 도안형 DIY 키트 감성 풍경 자수,스마트스토어,,,판매중,전시중,99999,25000,25000,,,N,N,Y,,,,,1.0%,0,0,0,0,0,,,,오늘출발,"평일 16시00분까지 결제 완료된 주문

",기본 배송비 묶음그룹,무료,,0,3000,6000,N,Y,-,89145637466,,,,,,,가구/인테리어,수예,보석십자수,,스팃스,스팃스,,,,N,N,N,,,,http://shop1.phinf.naver.net/20260529_46/1780063754058uwRA0_PNG/32764328135903189_655815863.png,,,,Y,2025-03-17 15:38:00,2026-06-17 09:51:23,
,11601121417,,스팃스 연꽃을 든 부처님 보석십자수 도안형 DIY 키트 마음평화 불교 자수,스마트스토어,,,판매중,전시중,99999,25000,25000,,,N,N,N,,,,,1.0%,0,0,0,0,0,,,,오늘출발,"평일 16시00분까지 결제 완료된 주문

",기본 배송비 묶음그룹,무료,,0,3000,6000,N,Y,-,89145631823,,,,,,,가구/인테리어,수예,보석십자수,,스팃스,스팃스,,,,N,N,N,,,,http://shop1.phinf.naver.net/20260529_152/1780063717652KttIs_PNG/8099856499576803_674547316.png,,,,Y,2025-03-17 15:36:55,2026-06-17 09:51:46,
,11601114692,,스팃스 모란 한송이 보석십자수 도안형 DIY 키트 재물운 인테리어,스마트스토어,,,판매중,전시중,9999,25000,25000,,,N,N,N,,,,,1.0%,0,0,0,0,0,,,,오늘출발,"평일 16시00분까지 결제 완료된 주문

",기본 배송비 묶음그룹,무료,,0,3000,6000,N,Y,-,89145625098,,,,,,,가구/인테리어,수예,보석십자수,,스팃스,,,,,N,N,N,,,,http://shop1.phinf.naver.net/20260529_70/1780059747144eYODr_PNG/57582423965685851_1595556164.png,,,,Y,2025-03-17 15:35:49,2026-06-16 20:05:09,
,11584910525,,스팃스 아름다운 나비무지원단 실 십자수 패키지 도안 실 원단 포함 풀세트,스마트스토어,,,판매중,전시중,99999,27000,27000,,,N,N,N,,,,,1.0%,0,0,0,0,0,,,,오늘출발,"평일 16시00분까지 결제 완료된 주문

",기본 배송비 묶음그룹,무료,,0,3000,6000,N,Y,-,89129420931,,,,,,,가구/인테리어,수예,자수,패키지,스팃스,스팃스,,,,N,N,N,,,,http://shop1.phinf.naver.net/20250313_78/17418318688636KzwL_JPEG/65360981425620_2114213314.jpg,,,,Y,2025-03-13 11:12:32,2026-06-17 10:02:49,
,11584904061,,스팃스 행복한 오리 무지원단 실 십자수 패키지 도안 실 원단 포함 풀세트,스마트스토어,,,판매중,전시중,9999,23000,23000,,,N,N,N,,,,,1.0%,0,0,0,0,0,,,,오늘출발,"평일 16시00분까지 결제 완료된 주문

",기본 배송비 묶음그룹,무료,,0,3000,6000,N,Y,-,89129414467,,,,,,,가구/인테리어,수예,자수,패키지,스팃스,스팃스,,,,N,N,N,,,,http://shop1.phinf.naver.net/20250313_76/1741831623871W8vB2_JPEG/4820692996633382_69345970.jpg,,,,Y,2025-03-13 11:10:36,2026-02-20 12:51:08,
,11558681059,,스팃스 나비 해바라기 도안형 보석십자수 재물운 DIY 키트 풍수 인테리어,스마트스토어,,,판매중,전시중,99999,26000,26000,,,N,N,N,,,,,1.0%,0,0,0,0,0,,,,오늘출발,"평일 16시00분까지 결제 완료된 주문

",기본 배송비 묶음그룹,무료,,0,3000,6000,N,Y,-,89103191465,,,,,,,가구/인테리어,수예,보석십자수,,스팃스,스팃스,,,,N,N,N,,,,http://shop1.phinf.naver.net/20260530_79/17801472160876kOks_PNG/113900414534255567_2127503616.png,,,,Y,2025-03-06 14:18:01,2026-06-17 10:03:10,
,11558629331,,스팃스 한송이 해바라기 보석십자수 도안형 DIY 키트 큐빅 자수 패키지,스마트스토어,,,판매중,전시중,99999,13800,13800,,,N,N,N,,,,,1.0%,0,0,0,0,0,,,,오늘출발,"평일 16시00분까지 결제 완료된 주문

",기본 배송비 묶음그룹,무료,,0,3000,6000,N,Y,-,89103139737,,,,,,,가구/인테리어,수예,자수,패키지,스팃스,스팃스,,,,N,N,N,,,,http://shop1.phinf.naver.net/20260530_239/1780146568607Xibov_PNG/4431329309940258_1059272892.png,,,,Y,2025-03-06 14:06:58,2026-05-30 22:09:53,
,11524968775,,스팃스 36 087 크로바 패치워크가위 보르도 20cm,스마트스토어,,,판매중지,전시중,99999,53500,53500,,,N,N,N,,,,,1.0%,0,0,0,0,0,,,,오늘출발,"평일 16시00분까지 결제 완료된 주문

",기본 배송비 묶음그룹,조건부 무료,선결제,3000,3000,6000,N,Y,-,89069479181,,,,,,,가구/인테리어,수예,수예용품/부자재,,크로바,크로바,,,,N,N,N,,,,https://shop-phinf.pstatic.net/20250226_123/17405498067189wo90_JPEG/12442975716441387_1811081739.jpg,,,,Y,2025-02-26 15:04:22,2026-05-29 12:34:20,
,11524964041,,스팃스 36 086 크로바 패치워크가위 보르도 17cm,스마트스토어,,,판매중지,전시중,99999,45500,45500,,,N,N,N,,,,,1.0%,0,0,0,0,0,,,,오늘출발,"평일 16시00분까지 결제 완료된 주문

",기본 배송비 묶음그룹,조건부 무료,선결제,3000,3000,6000,N,Y,-,89069474447,,,,,,,가구/인테리어,수예,수예용품/부자재,,크로바,크로바,,,,N,N,N,,,,https://shop-phinf.pstatic.net/20250226_194/1740549717639iq1FP_JPEG/25847527677666197_958695409.jpg,,,,Y,2025-02-26 15:03:02,2026-05-29 15:51:04,
,11524958174,,스팃스 36 085 크로바 패치워크가위 보르도 13cm,스마트스토어,,,판매중,전시중,99999,40700,40700,,,N,N,N,,,,,1.0%,0,0,0,0,0,,,,오늘출발,"평일 16시00분까지 결제 완료된 주문

",기본 배송비 묶음그룹,조건부 무료,선결제,3000,3000,6000,N,Y,-,89069468580,,,,,,,가구/인테리어,수예,수예용품/부자재,,,,,,,N,N,N,,,,http://shop1.phinf.naver.net/20250226_266/1740549608137XcGff_JPEG/74682459288634440_1065784630.jpg,,,,Y,2025-02-26 15:01:27,2026-06-17 10:03:55,
,11520241254,,스팃스 꽃사과 인쇄형 실 십자수 패키지 도안 실 원단 포함 풀세트,스마트스토어,,,판매중,전시중,99999,34000,34000,,,N,N,N,,,,,1.0%,0,0,0,0,0,,,,오늘출발,"평일 16시00분까지 결제 완료된 주문

",기본 배송비 묶음그룹,조건부 무료,선결제,3000,3000,6000,N,Y,-,89064751647,,,,,,,가구/인테리어,수예,자수,패키지,스팃스,스팃스,,,,N,N,N,,,,http://shop1.phinf.naver.net/20250225_258/1740466063636mD8OH_JPEG/9757057771965879_863546924.jpg,,,,Y,2025-02-25 15:49:47,2026-06-17 10:04:18,
,11488710877,,스팃스 가와구찌 12 257 자동 실꿰기 책상용 실끼우기 바늘 실 꿰는 도구,스마트스토어,,,판매중,전시중,99999,17500,17500,,,N,N,N,,,,,1.0%,0,0,0,0,0,,,,오늘출발,"평일 16시00분까지 결제 완료된 주문

",기본 배송비 묶음그룹,조건부 무료,선결제,3000,3000,6000,N,Y,-,89033221242,,,,,,,가구/인테리어,수예,수예용품/부자재,,,,,,,N,N,N,,,,http://shop1.phinf.naver.net/20250218_67/1739856179018153R4_JPEG/15820853150903338_1535845517.jpg,,,,Y,2025-02-18 14:25:53,2026-06-17 10:04:40,
,11288469203,,스팃스 E6000 투명 다용도 강력 접착제 110ml 뾰족캡 포함 본드 큐빅용,스마트스토어,,,판매중,전시중,99980,7500,7500,,,N,N,N,,,,,1.0%,0,0,0,0,0,,,,오늘출발,"평일 16시00분까지 결제 완료된 주문

",기본 배송비 묶음그룹,조건부 무료,선결제,3000,3000,6000,N,Y,-,88832979534,,,,,,,가구/인테리어,수예,수예용품/부자재,,스팃스,스팃스,,,,N,N,N,,,,https://shop-phinf.pstatic.net/20250905_256/1757055383919hAgi3_JPEG/71945090783877627_2084975035.jpg,,,,Y,2024-12-26 15:05:50,2026-06-17 10:05:03,
,11251752112,,스팃스 DMC 자수실 25번 면사 프랑스 자수 실 세트 200색 십자수 실,스마트스토어,,,판매중,전시중,99999,215000,215000,,,N,N,N,,,,,1.0%,0,0,0,0,0,,,,오늘출발,"평일 16시00분까지 결제 완료된 주문

",기본 배송비 묶음그룹,조건부 무료,선결제,3000,3000,6000,N,Y,-,88796262443,,,,,,,가구/인테리어,수예,자수,실/바늘,DMC,DMC,11194,,,N,N,N,,,,http://shop1.phinf.naver.net/20241216_143/1734314291435HbUxh_JPEG/8272156442926486_1140322071.jpg,,,,Y,2024-12-16 10:59:32,2026-06-16 20:08:39,
,11174749793,,일본서적 십자수로 즐기는 꿈꾸는 로맨틱 자수,스마트스토어,(일본서적) 십자수로 즐기는 꿈꾸는 로맨틱 자수,,판매중지,전시중,99998,19000,19000,,,N,N,N,,,,,1.0%,0,0,0,0,0,,,,오늘출발,"평일 16시00분까지 결제 완료된 주문

",기본 배송비 묶음그룹,조건부 무료,선결제,3000,3000,6000,N,Y,-,88719260115,,,,,,,가구/인테리어,수예,자수,도안,,,,,,N,N,N,,,,https://shop-phinf.pstatic.net/20241125_251/17325165742113K2d9_JPEG/66649379276572069_313758845.jpg,,,,Y,2024-11-25 15:36:55,2026-05-26 16:02:06,
,11146160037,,스팃스 new B6000 투명 다용도 접착제 15ml 본드 ,스마트스토어,,,판매중,전시중,99952,2200,2200,,,N,N,N,,,,,1.0%,0,0,0,0,0,,,,오늘출발,"평일 16시00분까지 결제 완료된 주문

",기본 배송비 묶음그룹,조건부 무료,선결제,3000,3000,6000,N,Y,-,88690670359,,,,,,,가구/인테리어,수예,수예용품/부자재,,스팃스,스팃스,,,,N,N,Y,,,,https://shop-phinf.pstatic.net/20251201_1/1764571357465AMIo5_JPEG/2356361671265439_1019328386.jpg,,,,Y,2024-11-18 15:42:11,2026-04-03 16:32:18,
,11122121865,,스팃스 슈링클 필름 10매 구우면 줄어드는 수축 마술 종이 만들기 DIY,스마트스토어,,,판매중,전시중,99998,9000,9000,,,N,N,N,,,,,1.0%,0,0,0,0,0,,,,오늘출발,"평일 16시00분까지 결제 완료된 주문

",기본 배송비 묶음그룹,조건부 무료,선결제,3000,3000,6000,N,Y,-,88666632187,,,,,,,가구/인테리어,수예,수예용품/부자재,,스팃스,스팃스,,,,N,N,N,,,,http://shop1.phinf.naver.net/20241112_165/17313916660335syMj_JPEG/37072450223393137_687685074.jpg,,,,Y,2024-11-12 15:09:14,2026-02-20 12:51:08,
,11062676473,,스팃스 십자수 바늘 10개 세트 22호 24호 26호 자수바늘 ,스마트스토어,,,판매중,전시중,299957,1000,1000,,,Y,N,N,,,,,1.0%,0,0,0,0,0,,,,오늘출발,"평일 16시00분까지 결제 완료된 주문

",기본 배송비 묶음그룹,조건부 무료,선결제,3000,3000,6000,N,Y,-,88607182684,,,,,,,가구/인테리어,수예,자수,실/바늘,스팃스,스팃스,,,,N,N,N,,,,http://shop1.phinf.naver.net/20241029_125/1730184630470UiFzf_JPEG/12810002343837588_236490468.jpg,,,,Y,2024-10-29 15:51:46,2026-02-20 12:51:08,
,10855999222,,스팃스 바닷가를 걷는 예수님 캔버스 판넬 액자 보석십자수 DIY 키트 40x50cm,스마트스토어,,,판매중,전시중,99997,21800,21800,,,N,N,Y,,,,,1.0%,0,0,0,0,0,,28칸비즈케이스증정,,오늘출발,"평일 16시00분까지 결제 완료된 주문

",기본 배송비 묶음그룹,무료,,0,3000,6000,N,Y,-,88400505235,,,,,,,가구/인테리어,수예,보석십자수,,스팃스,스팃스,,,,N,N,N,,,,https://shop-phinf.pstatic.net/20240909_146/1725858063039PfcOm_JPEG/5806827674731623_316938141.jpg,,,,Y,2024-09-09 14:02:56,2026-05-30 17:38:25,
,10843920337,,스팃스 아크릴 유화 보드 판넬 캔버스 무지 사각 정사각 12종 택1 그림 화판,스마트스토어,,,판매중,전시중,900011,2800,600,"2,200원",,Y,N,N,,,,,1.0%,0,0,0,0,0,,,,오늘출발,"평일 16시00분까지 결제 완료된 주문

",기본 배송비 묶음그룹,조건부 무료,선결제,3000,3000,6000,N,Y,-,88388426350,,,,,,,생활/건강,화방용품,전문지류/미술지류,캔버스/판넬,스팃스,스팃스,,,,N,N,N,,,,http://shop1.phinf.naver.net/20240906_81/1725594874088tzTDR_JPEG/156808215296824_223441305.jpg,,,,Y,2024-09-06 14:28:23,2026-02-20 12:51:08,
,10843561917,,스팃스 프랑스자수 순면 조각천 2사이즈 택1 자수천 무지천,스마트스토어,,,판매중,전시중,19989,1000,1000,,,Y,N,N,,,,,1.0%,0,0,0,0,0,,,,오늘출발,"평일 16시00분까지 결제 완료된 주문

",기본 배송비 묶음그룹,조건부 무료,선결제,3000,3000,6000,N,Y,-,88388067930,,,,,,,가구/인테리어,수예,수예용품/부자재,,스팃스,스팃스,,,,N,N,N,,,,http://shop1.phinf.naver.net/20240906_288/1725595420057Kjdt4_JPEG/5967778027543780_1415210449.jpg,,,,Y,2024-09-06 13:04:40,2026-06-17 10:05:47,
,10843554042,,스팃스 고급형 대형 리퍼 실따개 색상랜덤,스마트스토어,,,판매중,전시중,99999,2200,2200,,,N,N,N,,,,,1.0%,0,0,0,0,0,,,,오늘출발,"평일 16시00분까지 결제 완료된 주문

",기본 배송비 묶음그룹,조건부 무료,선결제,3000,3000,6000,N,Y,-,88388060055,,,,,,,가구/인테리어,수예,수예용품/부자재,,스팃스,스팃스,,,,N,N,N,,,,http://shop1.phinf.naver.net/20240906_257/1725595339528DGAp1_JPEG/9424330405364497_515628526.jpg,,,,Y,2024-09-06 13:03:02,2026-06-17 10:06:09,
,10843550062,,스팃스 B7000 강력 투명 다용도 접착제 110ml 액정 수리 비즈 DIY,스마트스토어,스팃스 B7000 강력 투명 다용도 접착제 110ml 액정 수리 비즈 DIY,,판매중,전시중,99990,5000,5000,,,N,N,N,,,,,1.0%,0,0,0,0,0,,,,오늘출발,"평일 16시00분까지 결제 완료된 주문

",기본 배송비 묶음그룹,조건부 무료,선결제,3000,3000,6000,N,Y,-,88388056075,,,,,,,가구/인테리어,수예,수예용품/부자재,,스팃스,스팃스,,,,N,N,Y,,,,https://shop-phinf.pstatic.net/20260212_168/1770862687204tVQqr_JPEG/20670934047568451_1029462538.jpg,,,,Y,2024-09-06 13:01:59,2026-06-17 10:06:33,
,10843505902,,스팃스 칼라 원형 진주 시침핀 1세트,스마트스토어,,,판매중,전시중,9999,1500,1500,,,N,N,N,,,,,1.0%,0,0,0,0,0,,,,오늘출발,"평일 16시00분까지 결제 완료된 주문

",기본 배송비 묶음그룹,조건부 무료,선결제,3000,3000,6000,N,Y,-,88388011915,,,,,,,가구/인테리어,수예,수예용품/부자재,,스팃스,스팃스,,,,N,N,N,,,,http://shop1.phinf.naver.net/20240906_294/1725594648445axbcO_JPEG/5967006408649401_278774817.jpg,,,,Y,2024-09-06 12:51:26,2026-06-17 10:06:55,
,10843501518,,스팃스 똑딱이단추 스냅단추 1세트 5사이즈 택1,스마트스토어,,,판매중,전시중,499990,800,800,,,Y,N,N,,,,,1.0%,0,0,0,0,0,,,,오늘출발,"평일 16시00분까지 결제 완료된 주문

",기본 배송비 묶음그룹,조건부 무료,선결제,3000,3000,6000,N,Y,-,88388007531,,,,,,,가구/인테리어,수예,수예용품/부자재,,스팃스,스팃스,,,,N,N,N,,,,http://shop1.phinf.naver.net/20240906_297/17255945697661wC2M_JPEG/4747021942854822_1623966220.jpg,,,,Y,2024-09-06 12:50:31,2026-06-17 10:07:17,
,10843493368,,스팃스 알루미늄 대형 컬러 뜨개용 어깨 안전핀 6종 세트 코막음 돗바늘 도구,스마트스토어,,,판매중,전시중,99996,4500,4500,,,N,N,N,,,,,1.0%,0,0,0,0,0,,,,오늘출발,"평일 16시00분까지 결제 완료된 주문

",기본 배송비 묶음그룹,조건부 무료,선결제,3000,3000,6000,N,Y,-,88387999381,,,,,,,가구/인테리어,수예,수예용품/부자재,,스팃스,스팃스,,,,N,N,N,,,,http://shop1.phinf.naver.net/20240906_58/17255944634334H4Pg_JPEG/59727316014731446_823119879.jpg,,,,Y,2024-09-06 12:48:34,2026-06-17 10:07:38,
,10843488209,,스팃스 원터치 요술바늘 자동 실꿰기바늘세트,스마트스토어,원터치 요술바늘 자동 실꿰기바늘세트,,판매중,전시중,99992,1200,1200,,,N,N,N,,,,,1.0%,0,0,0,0,0,,,,오늘출발,"평일 16시00분까지 결제 완료된 주문

",기본 배송비 묶음그룹,조건부 무료,선결제,3000,3000,6000,N,Y,-,88387994222,,,,,,,가구/인테리어,수예,수예용품/부자재,,스팃스,스팃스,,,,N,N,N,,,,https://shop-phinf.pstatic.net/20240906_165/1725594377075eCHqP_JPEG/15947795115725661_120394678.jpg,,,,Y,2024-09-06 12:47:18,2026-02-20 12:51:08,
,10843480357,,스팃스 휴대용 자동 실꿰기 1개 ,스마트스토어,,,판매중,전시중,99988,1500,1500,,,N,N,N,,,,,1.0%,0,0,0,0,0,,,,오늘출발,"평일 16시00분까지 결제 완료된 주문

",기본 배송비 묶음그룹,조건부 무료,선결제,3000,3000,6000,N,Y,-,88387986370,,,,,,,가구/인테리어,수예,수예용품/부자재,,스팃스,스팃스,,,,N,N,N,,,,http://shop1.phinf.naver.net/20240906_255/1725594269529dx7Gn_JPEG/59727122123219506_573582982.jpg,,,,Y,2024-09-06 12:45:28,2026-02-20 12:51:08,
,10843472401,,스팃스 투웨이 실꿰기 리퍼 혼합 실따개 색상랜덤,스마트스토어,,,판매중,전시중,99986,1800,1800,,,N,N,N,,,,,1.0%,0,0,0,0,0,,,,오늘출발,"평일 16시00분까지 결제 완료된 주문

",기본 배송비 묶음그룹,조건부 무료,선결제,3000,3000,6000,N,Y,-,88387978414,,,,,,,가구/인테리어,수예,수예용품/부자재,,스팃스,스팃스,,,,N,N,N,,,,http://shop1.phinf.naver.net/20240906_237/1725594133726Jbt6A_JPEG/6689539618909879_687895780.jpg,,,,Y,2024-09-06 12:43:41,2026-02-20 12:51:08,
,10843463705,,스팃스 컬러풀 칼라 옷핀 10개 색상랜덤,스마트스토어,,,판매중,전시중,99998,1000,1000,,,N,N,N,,,,,1.0%,0,0,0,0,0,,,,오늘출발,"평일 16시00분까지 결제 완료된 주문

",기본 배송비 묶음그룹,조건부 무료,선결제,3000,3000,6000,N,Y,-,88387969718,,,,,,,가구/인테리어,수예,수예용품/부자재,,스팃스,스팃스,,,,N,N,N,,,,http://shop1.phinf.naver.net/20240906_35/17255940572059dSc2_JPEG/15947475244620373_1776424634.jpg,,,,Y,2024-09-06 12:41:37,2026-06-16 20:15:01,
,10843459523,,스팃스 보석십자수 보조눈금자 4사이즈 택1,스마트스토어,,,판매중,전시중,399991,5000,5000,,,Y,N,N,,,,,1.0%,0,0,0,0,0,,,,오늘출발,"평일 16시00분까지 결제 완료된 주문

",기본 배송비 묶음그룹,조건부 무료,선결제,3000,3000,6000,N,Y,-,88387965536,,,,,,,가구/인테리어,수예,보석십자수,,스팃스,스팃스,,,,N,N,N,,,,http://shop1.phinf.naver.net/20240906_298/1725593954689c3EiX_JPEG/155888817077328_792417420.jpg,,,,Y,2024-09-06 12:40:37,2026-02-20 12:51:08,
,10812123798,,스팃스 B7000 강력 투명 다용도 접착제 15ml 액정 수리 비즈 DIY,스마트스토어,,,판매중,전시중,99971,2200,2200,,,N,N,N,,,,,1.0%,0,0,0,0,0,,,,오늘출발,"평일 16시00분까지 결제 완료된 주문

",기본 배송비 묶음그룹,조건부 무료,선결제,3000,3000,6000,N,Y,-,88356629788,,,,,,,가구/인테리어,수예,수예용품/부자재,,스팃스,스팃스,,,,N,N,Y,,,,http://shop1.phinf.naver.net/20260212_293/1770862790520HQ3Cc_JPEG/20671037354286668_344177771.jpg,,,,Y,2024-08-30 15:40:43,2026-04-03 16:37:57,
,10736550744,,스팃스 보석십자수 도구 세트 31종 부자재 정리함 펜 트레이 고체풀 스티커,스마트스토어,,,판매중,전시중,99999,19000,19000,,,N,N,N,,,,,1.0%,0,0,0,0,0,,,,오늘출발,"평일 16시00분까지 결제 완료된 주문

",기본 배송비 묶음그룹,무료,,0,3000,6000,N,Y,-,88281056666,,,,,,,가구/인테리어,수예,보석십자수,,스팃스,스팃스,,,,N,N,N,,,,http://shop1.phinf.naver.net/20240813_97/1723533116526eY0At_JPEG/7695130346354005_88208649.jpg,,,,Y,2024-08-13 16:12:46,2026-02-20 12:51:08,
,10731301076,,스팃스 블루베리타르트 인쇄형 실 십자수 패키지 도안 실 원단 포함 풀세트,스마트스토어,,,판매중,전시중,99999,28000,28000,,,N,N,N,,,,,1.0%,0,0,0,0,0,,,,오늘출발,"평일 16시00분까지 결제 완료된 주문

",기본 배송비 묶음그룹,무료,,0,3000,6000,N,Y,-,88275806998,,,,,,,가구/인테리어,수예,자수,패키지,스팃스,스팃스,,,,N,N,N,,,,http://shop1.phinf.naver.net/20240812_289/1723442877898zpaTb_JPEG/55050906798438025_1544187707.jpg,,,,Y,2024-08-12 15:08:29,2026-02-20 12:51:08,
,10731296711,,스팃스 꽃가게 인쇄형 실 십자수 패키지 도안 실 원단 포함 풀세트,스마트스토어,,,판매중,전시중,99999,28000,28000,,,N,N,N,,,,,1.0%,0,0,0,0,0,,,,오늘출발,"평일 16시00분까지 결제 완료된 주문

",기본 배송비 묶음그룹,무료,,0,3000,6000,N,Y,-,88275802633,,,,,,,가구/인테리어,수예,자수,패키지,스팃스,스팃스,,,,N,N,N,,,,http://shop1.phinf.naver.net/20240812_90/1723442795629bfICD_JPEG/71379521440839600_1888086095.jpg,,,,Y,2024-08-12 15:07:12,2026-06-16 20:17:32,
,10731292419,,스팃스 황금나무금전수 인쇄형 실 십자수 패키지 도안 실 원단 포함 풀세트,스마트스토어,,,판매중,전시중,9999,29000,29000,,,N,N,N,,,,,1.0%,0,0,0,0,0,,,,오늘출발,"평일 16시00분까지 결제 완료된 주문

",기본 배송비 묶음그룹,무료,,0,3000,6000,N,Y,-,88275798341,,,,,,,가구/인테리어,수예,자수,패키지,스팃스,스팃스,,,,N,N,N,,,,http://shop1.phinf.naver.net/20240812_46/1723442736795WuUKM_JPEG/9072288614185343_2139476554.jpg,,,,Y,2024-08-12 15:06:06,2026-02-20 12:51:08,
,10731289496,,스팃스 성모와 천사들 인쇄형 실 십자수 패키지 도안 실 원단 포함 풀세트,스마트스토어,,,판매중,전시중,9999,48000,48000,,,N,N,N,,,,,1.0%,0,0,0,0,0,,,,오늘출발,"평일 16시00분까지 결제 완료된 주문

",기본 배송비 묶음그룹,무료,,0,3000,6000,N,Y,-,88275795418,,,,,,,가구/인테리어,수예,자수,패키지,스팃스,스팃스,,,,N,N,N,,,,http://shop1.phinf.naver.net/20240812_192/1723442675298LJWC9_JPEG/5172990137048899_1908928050.jpg,,,,Y,2024-08-12 15:05:14,2026-06-16 20:18:35,
,10731282838,,스팃스 카페와 해변풍경 인쇄형 실 십자수 패키지 도안 실 원단 포함 풀세트,스마트스토어,,,판매중,전시중,99999,27000,27000,,,N,N,N,,,,,1.0%,0,0,0,0,0,,,,오늘출발,"평일 16시00분까지 결제 완료된 주문

",기본 배송비 묶음그룹,무료,,0,3000,6000,N,Y,-,88275788760,,,,,,,가구/인테리어,수예,자수,패키지,스팃스,스팃스,,,,N,N,N,,,,http://shop1.phinf.naver.net/20240812_31/1723442581964kOsTQ_JPEG/51810223058493049_740866432.jpg,,,,Y,2024-08-12 15:03:29,2026-06-16 20:19:10,
,10731279525,,스팃스 아이스크림케이크 인쇄형 실 십자수 패키지 도안 실 원단 포함 풀세트,스마트스토어,,,판매중,전시중,9999,26000,26000,,,N,N,N,,,,,1.0%,0,0,0,0,0,,,,오늘출발,"평일 16시00분까지 결제 완료된 주문

",기본 배송비 묶음그룹,무료,,0,3000,6000,N,Y,-,88275785447,,,,,,,가구/인테리어,수예,자수,패키지,스팃스,스팃스,,,,N,N,N,,,,http://shop1.phinf.naver.net/20240812_196/1723442525968hBpdz_JPEG/3391290598567328_1550080747.jpg,,,,Y,2024-08-12 15:02:40,2026-02-20 12:51:08,
,10731275809,,스팃스 꽃정원 인쇄형 실 십자수 패키지 도안 실 원단 포함 풀세트,스마트스토어,,,판매중,전시중,9999,27000,27000,,,N,N,N,,,,,1.0%,0,0,0,0,0,,,,오늘출발,"평일 16시00분까지 결제 완료된 주문

",기본 배송비 묶음그룹,무료,,0,3000,6000,N,Y,-,88275781731,,,,,,,가구/인테리어,수예,자수,패키지,스팃스,스팃스,,,,N,N,N,,,,http://shop1.phinf.naver.net/20240812_211/1723442470137RgkuC_JPEG/50255364953972115_1924163347.jpg,,,,Y,2024-08-12 15:01:42,2026-06-16 20:20:16,
,10731271565,,스팃스 식물과 꽃그림 인쇄형 실 십자수 패키지 도안 실 원단 포함 풀세트,스마트스토어,,,판매중,전시중,99999,29000,29000,,,N,N,N,,,,,1.0%,0,0,0,0,0,,,,오늘출발,"평일 16시00분까지 결제 완료된 주문

",기본 배송비 묶음그룹,무료,,0,3000,6000,N,Y,-,88275777487,,,,,,,가구/인테리어,수예,자수,패키지,스팃스,스팃스,,,,N,N,N,,,,http://shop1.phinf.naver.net/20240812_53/1723442403928hMNFv_JPEG/51810045011731108_2066946675.jpg,,,,Y,2024-08-12 15:00:35,2026-06-16 20:20:53,
,10731267879,,스팃스 꿀벌과 해바라기 인쇄형 실 십자수 패키지 도안 실 원단 포함 풀세트,스마트스토어,,,판매중,전시중,99999,25000,25000,,,N,N,N,,,,,1.0%,0,0,0,0,0,,,,오늘출발,"평일 16시00분까지 결제 완료된 주문

",기본 배송비 묶음그룹,무료,,0,3000,6000,N,Y,-,88275773801,,,,,,,가구/인테리어,수예,자수,패키지,스팃스,스팃스,,,,N,N,N,,,,http://shop1.phinf.naver.net/20240812_180/1723442343885t26e3_JPEG/3391108535768810_2137941125.jpg,,,,Y,2024-08-12 14:59:33,2026-06-16 20:21:29,
,10731261644,,스팃스 해변과 상점 인쇄형 실 십자수 패키지 도안 실 원단 포함 풀세트,스마트스토어,,,판매중,전시중,99999,31000,31000,,,N,N,N,,,,,1.0%,0,0,0,0,0,,,,오늘출발,"평일 16시00분까지 결제 완료된 주문

",기본 배송비 묶음그룹,무료,,0,3000,6000,N,Y,-,88275767566,,,,,,,가구/인테리어,수예,자수,패키지,스팃스,스팃스,,,,N,N,N,,,,http://shop1.phinf.naver.net/20240812_177/1723442260375FHt7o_JPEG/5172575212126771_1946746837.jpg,,,,Y,2024-08-12 14:58:21,2026-06-16 20:22:05,
,10731255533,,스팃스 갈매기와 등대 인쇄형 실 십자수 패키지 도안 실 원단 포함 풀세트,스마트스토어,,,판매중,전시중,9999,31000,31000,,,N,N,N,,,,,1.0%,0,0,0,0,0,,,,오늘출발,"평일 16시00분까지 결제 완료된 주문

",기본 배송비 묶음그룹,무료,,0,3000,6000,N,Y,-,88275761459,,,,,,,가구/인테리어,수예,자수,패키지,스팃스,스팃스,,,,N,N,N,,,,http://shop1.phinf.naver.net/20240812_150/1723442209731EEqwO_JPEG/5172524569877811_34431346.jpg,,,,Y,2024-08-12 14:57:20,2026-06-16 20:22:39,
,10731248715,,스팃스 꽃길의 상점가 인쇄형 실 십자수 패키지 도안 실 원단 포함 풀세트,스마트스토어,,,판매중,전시중,99999,30000,30000,,,N,N,N,,,,,1.0%,0,0,0,0,0,,,,오늘출발,"평일 16시00분까지 결제 완료된 주문

",기본 배송비 묶음그룹,무료,,0,3000,6000,N,Y,-,88275754637,,,,,,,가구/인테리어,수예,자수,패키지,스팃스,스팃스,,,,N,N,N,,,,http://shop1.phinf.naver.net/20240812_44/1723442151144deemJ_JPEG/55050180059701275_279916693.jpg,,,,Y,2024-08-12 14:56:21,2026-06-16 20:23:15,
,10731239825,,스팃스 기린가족 인쇄형 실 십자수 패키지 도안 실 원단 포함 풀세트,스마트스토어,,,판매중,전시중,9999,27000,27000,,,N,N,N,,,,,1.0%,0,0,0,0,0,,,,오늘출발,"평일 16시00분까지 결제 완료된 주문

",기본 배송비 묶음그룹,무료,,0,3000,6000,N,Y,-,88275745747,,,,,,,가구/인테리어,수예,자수,패키지,스팃스,스팃스,,,,N,N,N,,,,http://shop1.phinf.naver.net/20240812_95/17234420735211vmJ6_JPEG/35131361582791721_998168451.jpg,,,,Y,2024-08-12 14:55:02,2026-02-20 12:51:08,
,10731231791,,스팃스 여유로운밤 인쇄형 실 십자수 패키지 도안 실 원단 포함 풀세트,스마트스토어,,,판매중,전시중,99999,28000,28000,,,N,N,N,,,,,1.0%,0,0,0,0,0,,,,오늘출발,"평일 16시00분까지 결제 완료된 주문

",기본 배송비 묶음그룹,무료,,0,3000,6000,N,Y,-,88275737713,,,,,,,가구/인테리어,수예,자수,패키지,스팃스,스팃스,,,,N,N,N,,,,http://shop1.phinf.naver.net/20240812_278/1723441999473xhra0_JPEG/5172314289631972_391681297.jpg,,,,Y,2024-08-12 14:53:49,2026-02-20 12:51:08,
,10731226721,,스팃스 바닷가 항해 인쇄형 실 십자수 패키지 도안 실 원단 포함 풀세트,스마트스토어,,,판매중,전시중,99999,29000,29000,,,N,N,Y,,,,,1.0%,0,0,0,0,0,,,,오늘출발,"평일 16시00분까지 결제 완료된 주문

",기본 배송비 묶음그룹,무료,,0,3000,6000,N,Y,-,88275732643,,,,,,,가구/인테리어,수예,자수,패키지,스팃스,스팃스,,,,N,N,N,,,,https://shop-phinf.pstatic.net/20240812_19/1723441955140QC7Qy_JPEG/5172269962327460_1535402642.jpg,,,,Y,2024-08-12 14:53:00,2026-06-16 20:24:57,
,10731221427,,스팃스 바다풍경 인쇄형 실 십자수 패키지 도안 실 원단 포함 풀세트,스마트스토어,,,판매중,전시중,9999,29000,29000,,,N,N,N,,,,,1.0%,0,0,0,0,0,,,,오늘출발,"평일 16시00분까지 결제 완료된 주문

",기본 배송비 묶음그룹,무료,,0,3000,6000,N,Y,-,88275727349,,,,,,,가구/인테리어,수예,자수,패키지,스팃스,스팃스,,,,N,N,N,,,,http://shop1.phinf.naver.net/20240812_230/1723441904191fXsVB_JPEG/58329542153869659_1857829742.jpg,,,,Y,2024-08-12 14:52:09,2026-06-16 20:25:33,
,10731215483,,스팃스 한송이 해바라기 인쇄형 실 십자수 패키지 도안 실 원단 포함 풀세트,스마트스토어,,,판매중,전시중,9999,28000,28000,,,N,N,Y,,,,,1.0%,0,0,0,0,0,,,,오늘출발,"평일 16시00분까지 결제 완료된 주문

",기본 배송비 묶음그룹,무료,,0,3000,6000,N,Y,-,88275721405,,,,,,,가구/인테리어,수예,자수,패키지,스팃스,스팃스,,,,N,N,N,,,,https://shop-phinf.pstatic.net/20240812_177/1723441850709PLLQP_JPEG/71802483514344829_1514418466.jpg,,,,Y,2024-08-12 14:51:17,2026-06-16 20:26:11,
,10731209967,,스팃스 토마토 인쇄형 실 십자수 패키지 도안 실 원단 포함 풀세트,스마트스토어,,,판매중,전시중,99997,28000,28000,,,N,N,N,,,,,1.0%,0,0,0,0,0,,,,오늘출발,"평일 16시00분까지 결제 완료된 주문

",기본 배송비 묶음그룹,무료,,0,3000,6000,N,Y,-,88275715889,,,,,,,가구/인테리어,수예,자수,패키지,스팃스,스팃스,,,,N,N,N,,,,http://shop1.phinf.naver.net/20240812_134/1723441801541HxHR0_JPEG/73166896011248159_1022038032.jpg,,,,Y,2024-08-12 14:50:29,2026-02-20 12:51:08,
,10731203734,,스팃스 메리의정원 인쇄형 실 십자수 패키지 도안 실 원단 포함 풀세트,스마트스토어,,,판매중,전시중,99998,34000,34000,,,N,N,N,,,,,1.0%,0,0,0,0,0,,,,오늘출발,"평일 16시00분까지 결제 완료된 주문

",기본 배송비 묶음그룹,무료,,0,3000,6000,N,Y,-,88275709667,,,,,,,가구/인테리어,수예,자수,패키지,스팃스,스팃스,,,,N,N,N,,,,http://shop1.phinf.naver.net/20240812_283/1723441717433k2jXs_JPEG/9071269248780362_1715847584.jpg,,,,Y,2024-08-12 14:49:35,2026-06-17 10:08:02,
,10731193343,,스팃스 해피홈 인쇄형 실 십자수 패키지 도안 실 원단 포함 풀세트,스마트스토어,,,판매중,전시중,99999,35000,35000,,,N,N,N,,,,,1.0%,0,0,0,0,0,,,,오늘출발,"평일 16시00분까지 결제 완료된 주문

",기본 배송비 묶음그룹,무료,,0,3000,6000,N,Y,-,88275699265,,,,,,,가구/인테리어,수예,자수,패키지,스팃스,스팃스,,,,N,N,N,,,,http://shop1.phinf.naver.net/20240812_99/172344164237856rW9_JPEG/3390407008543042_299521414.jpg,,,,Y,2024-08-12 14:47:57,2026-02-20 12:51:08,
,10731187425,,스팃스 소녀와해바라기 인쇄형 실 십자수 패키지 도안 실 원단 포함 풀세트,스마트스토어,,,판매중,전시중,99997,34000,34000,,,N,N,Y,,,,,1.0%,0,0,0,0,0,,,,오늘출발,"평일 16시00분까지 결제 완료된 주문

",기본 배송비 묶음그룹,무료,,0,3000,6000,N,Y,-,88275693347,,,,,,,가구/인테리어,수예,자수,패키지,스팃스,스팃스,,,,N,N,N,,,,https://shop-phinf.pstatic.net/20240812_74/17234414582397eXSG_JPEG/3019642050422312_927974469.jpg,,,,Y,2024-08-12 14:46:23,2026-02-20 12:51:08,
,10684223567,,스팃스 최후의만찬 캔버스 판넬 액자 보석십자수 DIY 키트 40x50cm,스마트스토어,,,판매중,전시중,99997,21800,21800,,,N,N,Y,,,,,1.0%,0,0,0,0,0,,28칸비즈케이스증정,,오늘출발,"평일 16시00분까지 결제 완료된 주문

",기본 배송비 묶음그룹,무료,,0,3000,6000,N,Y,-,88228729489,,,,,,,가구/인테리어,수예,보석십자수,,스팃스,스팃스,,,,N,N,N,,,,https://shop-phinf.pstatic.net/20240802_160/17225725884928Roir_JPEG/3235383294384770_944587597.jpg,,,,Y,2024-08-02 13:24:04,2026-02-20 12:51:08,
,10678570834,,스팃스 봄날의 여행 인쇄형 실 십자수 패키지 도안 실 원단 포함 풀세트,스마트스토어,,,판매중,전시중,99999,31000,31000,,,N,N,N,,,,,1.0%,0,0,0,0,0,,,,오늘출발,"평일 16시00분까지 결제 완료된 주문

",기본 배송비 묶음그룹,무료,,0,3000,6000,N,Y,-,88223076756,,,,,,,가구/인테리어,수예,자수,패키지,스팃스,스팃스,,,,N,N,N,,,,http://shop1.phinf.naver.net/20240801_173/17224782837631uUHf_JPEG/3141078547315624_995879039.jpg,,,,Y,2024-08-01 11:12:10,2026-06-17 10:08:48,
,10678563361,,스팃스 황혼의 크리스마스 인쇄형 실 십자수 패키지 도안 실 원단 포함 풀세트,스마트스토어,,,판매중,전시중,99999,31000,31000,,,N,N,N,,,,,1.0%,0,0,0,0,0,,,,오늘출발,"평일 16시00분까지 결제 완료된 주문

",기본 배송비 묶음그룹,무료,,0,3000,6000,N,Y,-,88223069283,,,,,,,가구/인테리어,수예,자수,패키지,스팃스,스팃스,,,,N,N,N,,,,http://shop1.phinf.naver.net/20240801_69/1722478182122NePPN_JPEG/9140928469484161_607941607.jpg,,,,Y,2024-08-01 11:10:45,2026-06-17 10:09:13,
,10678555156,,스팃스 대초원 인쇄형 실 십자수 패키지 도안 실 원단 포함 풀세트,스마트스토어,,,판매중,전시중,99999,27000,27000,,,N,N,N,,,,,1.0%,0,0,0,0,0,,,,오늘출발,"평일 16시00분까지 결제 완료된 주문

",기본 배송비 묶음그룹,무료,,0,3000,6000,N,Y,-,88223061078,,,,,,,가구/인테리어,수예,자수,패키지,스팃스,스팃스,,,,N,N,N,,,,http://shop1.phinf.naver.net/20240801_87/1722478115782UrRkn_JPEG/12831533805569178_984602833.jpg,,,,Y,2024-08-01 11:09:17,2026-02-20 12:51:08,
,10678549264,,스팃스 키친 인쇄형 실 십자수 패키지 도안 실 원단 포함 풀세트,스마트스토어,,,판매중,전시중,9998,27000,27000,,,N,N,N,,,,,1.0%,0,0,0,0,0,,,,오늘출발,"평일 16시00분까지 결제 완료된 주문

",기본 배송비 묶음그룹,무료,,0,3000,6000,N,Y,-,88223055186,,,,,,,가구/인테리어,수예,자수,패키지,스팃스,스팃스,,,,N,N,N,,,,http://shop1.phinf.naver.net/20240801_125/1722478047600maaE1_JPEG/4231040766227599_1283584339.jpg,,,,Y,2024-08-01 11:08:10,2026-02-20 12:51:08,
,10678543587,,스팃스 꽃이 핀 정원 인쇄형 실 십자수 패키지 도안 실 원단 포함 풀세트,스마트스토어,,,판매중,전시중,99999,30000,30000,,,N,N,N,,,,,1.0%,0,0,0,0,0,,,,오늘출발,"평일 16시00분까지 결제 완료된 주문

",기본 배송비 묶음그룹,무료,,0,3000,6000,N,Y,-,88223049510,,,,,,,가구/인테리어,수예,자수,패키지,스팃스,스팃스,,,,N,N,N,,,,http://shop1.phinf.naver.net/20240801_217/1722477957215fR4qR_JPEG/5025955404884347_1348188037.jpg,,,,Y,2024-08-01 11:07:05,2026-06-16 20:31:32,
,10678535199,,스팃스 양귀비 필드 인쇄형 실 십자수 패키지 도안 실 원단 포함 풀세트,스마트스토어,,,판매중,전시중,99999,30000,30000,,,N,N,N,,,,,1.0%,0,0,0,0,0,,,,오늘출발,"평일 16시00분까지 결제 완료된 주문

",기본 배송비 묶음그룹,무료,,0,3000,6000,N,Y,-,88223041121,,,,,,,가구/인테리어,수예,자수,패키지,스팃스,스팃스,,,,N,N,N,,,,http://shop1.phinf.naver.net/20240801_63/1722477870604Bk9Q3_JPEG/12831288642028508_2019561772.jpg,,,,Y,2024-08-01 11:05:34,2026-06-17 10:09:59,
,10678527338,,스팃스 겨울의 동화집 인쇄형 실 십자수 패키지 도안 실 원단 포함 풀세트,스마트스토어,,,판매중,전시중,99999,27000,27000,,,N,N,N,,,,,1.0%,0,0,0,0,0,,,,오늘출발,"평일 16시00분까지 결제 완료된 주문

",기본 배송비 묶음그룹,무료,,0,3000,6000,N,Y,-,88223033260,,,,,,,가구/인테리어,수예,자수,패키지,스팃스,스팃스,,,,N,N,N,,,,http://shop1.phinf.naver.net/20240801_278/1722477790510NYy5D_JPEG/4230783689408873_233215500.jpg,,,,Y,2024-08-01 11:04:06,2026-06-16 20:32:41,
,10678517123,,스팃스 희망의 고래 인쇄형 실 십자수 패키지 도안 실 원단 포함 풀세트,스마트스토어,,,판매중,전시중,99999,30000,30000,,,N,N,N,,,,,1.0%,0,0,0,0,0,,,,오늘출발,"평일 16시00분까지 결제 완료된 주문

",기본 배송비 묶음그룹,무료,,0,3000,6000,N,Y,-,88223023045,,,,,,,가구/인테리어,수예,자수,패키지,스팃스,스팃스,,,,N,N,N,,,,http://shop1.phinf.naver.net/20240801_198/172247766501971kp1_JPEG/5025663195814141_559617146.jpg,,,,Y,2024-08-01 11:02:08,2026-06-17 10:10:23,
,10678509583,,스팃스 하이랜드 코티지 인쇄형 실 십자수 패키지 도안 실 원단 포함 풀세트,스마트스토어,,,판매중,전시중,99999,27000,27000,,,N,N,N,,,,,1.0%,0,0,0,0,0,,,,오늘출발,"평일 16시00분까지 결제 완료된 주문

",기본 배송비 묶음그룹,무료,,0,3000,6000,N,Y,-,88223015505,,,,,,,가구/인테리어,수예,자수,패키지,스팃스,스팃스,,,,N,N,N,,,,http://shop1.phinf.naver.net/20240801_212/1722477593511sS76W_JPEG/39804525046444116_1619770762.jpg,,,,Y,2024-08-01 11:00:42,2026-06-17 10:10:48,
,10678503658,,스팃스 리버사이드 하우스 인쇄형 실 십자수 패키지 도안 실 원단 포함 풀세트,스마트스토어,,,판매중,전시중,99999,27000,27000,,,N,N,N,,,,,1.0%,0,0,0,0,0,,,,오늘출발,"평일 16시00분까지 결제 완료된 주문

",기본 배송비 묶음그룹,무료,,0,3000,6000,N,Y,-,88223009580,,,,,,,가구/인테리어,수예,자수,패키지,스팃스,스팃스,,,,N,N,N,,,,http://shop1.phinf.naver.net/20240801_176/1722477509453k0MKj_JPEG/2059707432570111_1301841516.jpg,,,,Y,2024-08-01 10:59:32,2026-06-17 10:11:13,
,10678496388,,스팃스 장미 꽃 화병 인쇄형 실 십자수 패키지 도안 실 원단 포함 풀세트,스마트스토어,,,판매중,전시중,99998,29000,29000,,,N,N,N,,,,,1.0%,0,0,0,0,0,,,,오늘출발,"평일 16시00분까지 결제 완료된 주문

",기본 배송비 묶음그룹,무료,,0,3000,6000,N,Y,-,88223002310,,,,,,,가구/인테리어,수예,자수,패키지,스팃스,스팃스,,,,N,N,N,,,,http://shop1.phinf.naver.net/20240801_228/1722477443249LOwQ2_JPEG/3054997932128535_906054825.jpg,,,,Y,2024-08-01 10:58:07,2026-06-17 10:11:37,
,10678490370,,스팃스 다채로운 장미 인쇄형 실 십자수 패키지 도안 실 원단 포함 풀세트,스마트스토어,,,판매중,전시중,99999,29000,29000,,,N,N,N,,,,,1.0%,0,0,0,0,0,,,,오늘출발,"평일 16시00분까지 결제 완료된 주문

",기본 배송비 묶음그룹,무료,,0,3000,6000,N,Y,-,88222996292,,,,,,,가구/인테리어,수예,자수,패키지,스팃스,스팃스,,,,N,N,N,,,,http://shop1.phinf.naver.net/20240801_109/1722477363064ckHQR_JPEG/752074892214800_159226568.jpg,,,,Y,2024-08-01 10:57:02,2026-06-16 20:35:12,
,10678483618,,스팃스 부엉이의 티타임 인쇄형 실 십자수 패키지 도안 실 원단 포함 풀세트,스마트스토어,,,판매중,전시중,99999,30000,30000,,,N,N,N,,,,,1.0%,0,0,0,0,0,,,,오늘출발,"평일 16시00분까지 결제 완료된 주문

",기본 배송비 묶음그룹,무료,,0,3000,6000,N,Y,-,88222989540,,,,,,,가구/인테리어,수예,자수,패키지,스팃스,스팃스,,,,N,N,N,,,,http://shop1.phinf.naver.net/20240801_211/1722477291065HGekR_JPEG/68850870124547653_153047771.jpg,,,,Y,2024-08-01 10:55:39,2026-06-17 10:12:01,
,10678477708,,스팃스 파이 레시피 인쇄형 실 십자수 패키지 도안 실 원단 포함 풀세트,스마트스토어,,,판매중,전시중,99998,30000,30000,,,N,N,N,,,,,1.0%,0,0,0,0,0,,,,오늘출발,"평일 16시00분까지 결제 완료된 주문

",기본 배송비 묶음그룹,무료,,0,3000,6000,N,Y,-,88222983630,,,,,,,가구/인테리어,수예,자수,패키지,스팃스,스팃스,,,,N,N,N,,,,http://shop1.phinf.naver.net/20240801_256/1722477213391aL6BM_JPEG/25850621362369355_1447819916.jpg,,,,Y,2024-08-01 10:54:26,2026-06-16 20:36:19,
,10678470900,,스팃스 식물원 인쇄형 실 십자수 패키지 도안 실 원단 포함 풀세트,스마트스토어,,,판매중,전시중,99999,30000,30000,,,N,N,N,,,,,1.0%,0,0,0,0,0,,,,오늘출발,"평일 16시00분까지 결제 완료된 주문

",기본 배송비 묶음그룹,무료,,0,3000,6000,N,Y,-,88222976822,,,,,,,가구/인테리어,수예,자수,패키지,스팃스,스팃스,,,,N,N,N,,,,http://shop1.phinf.naver.net/20240801_170/1722477134812JxX9R_JPEG/3139929612191112_215357942.jpg,,,,Y,2024-08-01 10:53:07,2026-02-20 12:51:08,
,10678464735,,스팃스 조용한 저택 인쇄형 실 십자수 패키지 도안 실 원단 포함 풀세트,스마트스토어,,,판매중,전시중,99999,27000,27000,,,N,N,N,,,,,1.0%,0,0,0,0,0,,,,오늘출발,"평일 16시00분까지 결제 완료된 주문

",기본 배송비 묶음그룹,무료,,0,3000,6000,N,Y,-,88222970657,,,,,,,가구/인테리어,수예,자수,패키지,스팃스,스팃스,,,,N,N,N,,,,http://shop1.phinf.naver.net/20240801_146/1722477053952bVQIg_JPEG/72046548582428500_152902881.jpg,,,,Y,2024-08-01 10:51:55,2026-06-17 10:12:47,
,10678457925,,스팃스 새로운 바다풍경 인쇄형 실 십자수 패키지 도안 실 원단 포함 풀세트,스마트스토어,,,판매중,전시중,99999,30000,30000,,,N,N,N,,,,,1.0%,0,0,0,0,0,,,,오늘출발,"평일 16시00분까지 결제 완료된 주문

",기본 배송비 묶음그룹,무료,,0,3000,6000,N,Y,-,88222963847,,,,,,,가구/인테리어,수예,자수,패키지,스팃스,스팃스,,,,N,N,N,,,,http://shop1.phinf.naver.net/20240801_131/1722476984765mPqPP_JPEG/3054539460031882_928754798.jpg,,,,Y,2024-08-01 10:50:35,2026-06-16 20:37:57,
,10678451671,,스팃스 꽃이있는 해안가 인쇄형 실 십자수 패키지 도안 실 원단 포함 풀세트,스마트스토어,,,판매중,전시중,99998,32000,32000,,,N,N,N,,,,,1.0%,0,0,0,0,0,,,,오늘출발,"평일 16시00분까지 결제 완료된 주문

",기본 배송비 묶음그룹,무료,,0,3000,6000,N,Y,-,88222957593,,,,,,,가구/인테리어,수예,자수,패키지,스팃스,스팃스,,,,N,N,N,,,,http://shop1.phinf.naver.net/20240801_207/1722476920457i99B4_JPEG/9139666818927179_1353838644.jpg,,,,Y,2024-08-01 10:49:26,2026-06-16 20:38:37,
,10678443645,,스팃스 수채화 튤립 인쇄형 실 십자수 패키지 도안 실 원단 포함 풀세트,스마트스토어,,,판매중,전시중,99997,30000,30000,,,N,N,N,,,,,1.0%,0,0,0,0,0,,,,오늘출발,"평일 16시00분까지 결제 완료된 주문

",기본 배송비 묶음그룹,무료,,0,3000,6000,N,Y,-,88222949567,,,,,,,가구/인테리어,수예,자수,패키지,스팃스,스팃스,,,,N,N,N,,,,http://shop1.phinf.naver.net/20240801_185/1722476826351SsH2e_JPEG/4229819520196130_2098973716.jpg,,,,Y,2024-08-01 10:47:53,2026-06-17 10:13:12,
,10678437742,,스팃스 해변가의 요트 인쇄형 실 십자수 패키지 도안 실 원단 포함 풀세트,스마트스토어,,,판매중,전시중,9999,30000,30000,,,N,N,N,,,,,1.0%,0,0,0,0,0,,,,오늘출발,"평일 16시00분까지 결제 완료된 주문

",기본 배송비 묶음그룹,무료,,0,3000,6000,N,Y,-,88222943663,,,,,,,가구/인테리어,수예,자수,패키지,스팃스,스팃스,,,,N,N,N,,,,http://shop1.phinf.naver.net/20240801_284/1722476755256X585i_JPEG/751467099782572_314828091.jpg,,,,Y,2024-08-01 10:46:42,2026-06-17 10:13:37,
,10678430160,,스팃스 호랑이 인쇄형 실 십자수 패키지 도안 실 원단 포함 풀세트,스마트스토어,,,판매중,전시중,99998,31000,31000,,,N,N,N,,,,,1.0%,0,0,0,0,0,,,,오늘출발,"평일 16시00분까지 결제 완료된 주문

",기본 배송비 묶음그룹,무료,,0,3000,6000,N,Y,-,88222936082,,,,,,,가구/인테리어,수예,자수,패키지,스팃스,스팃스,,,,N,N,N,,,,http://shop1.phinf.naver.net/20240801_213/1722476639940oegtR_JPEG/17084164889445019_1236367532.jpg,,,,Y,2024-08-01 10:45:10,2026-02-20 12:51:08,
,10543326206,,스팃스 태팅레이스 태팅 셔틀 1개 색상랜덤 레이스 뜨기 코바늘 도구 기초 DIY,스마트스토어,,,판매중,전시중,999998,1900,1900,,,N,N,N,,,,,1.0%,0,0,0,0,0,,,,오늘출발,"평일 16시00분까지 결제 완료된 주문

",기본 배송비 묶음그룹,조건부 무료,선결제,3000,3000,6000,N,Y,-,88087831689,,,,,,,가구/인테리어,수예,뜨개질,뜨개질바늘,스팃스,스팃스,,,,N,N,N,,,,http://shop1.phinf.naver.net/20240705_261/1720155199034UA2EP_JPEG/3984189914805574_2023796661.jpg,,,,Y,2024-07-05 13:54:42,2026-06-17 10:14:23,
,10366213711,,스팃스 보리 달마도 보석십자수 불교 도안형 DIY 키트 마음평화 기도용,스마트스토어,,,판매중,전시중,99997,26000,26000,,,N,N,N,,,,,1.0%,0,0,0,0,0,,,,오늘출발,"평일 16시00분까지 결제 완료된 주문

",기본 배송비 묶음그룹,무료,,0,3000,6000,N,Y,-,87910718372,,,,,,,가구/인테리어,수예,보석십자수,,스팃스,스팃스,,,,N,N,N,,,,http://shop1.phinf.naver.net/20260529_190/1780065646761hgba5_PNG/60265260611890837_186959555.png,,,,Y,2024-05-24 15:37:07,2026-06-17 10:14:50,
,10361689467,,스팃스 DMC U1951 자수 가위 세트 5개입 프랑스 자수 실사 가위 십자수 도구,스마트스토어,,,판매중,전시중,99997,47600,47600,,,N,N,N,,,,,1.0%,0,0,0,0,0,,,,오늘출발,"평일 16시00분까지 결제 완료된 주문

",기본 배송비 묶음그룹,조건부 무료,선결제,3000,3000,6000,N,Y,-,87906194115,,,,,,,가구/인테리어,수예,수예용품/부자재,,DMC,DMC,11194,,,N,N,N,,,,http://shop1.phinf.naver.net/20240523_134/1716442890569TxG5j_JPEG/43745574450322145_950479022.jpg,,,,Y,2024-05-23 14:41:52,2026-06-17 10:15:15,
,10361687232,,스팃스 DMC U1951 자수가위2개입 파우치세트 자수 실사 가위 십자수 도구  프랑스 자수 실사 가위 십자수 도구,스마트스토어,,,판매중,전시중,99998,23000,23000,,,N,N,N,,,,,1.0%,0,0,0,0,0,,,,오늘출발,"평일 16시00분까지 결제 완료된 주문

",기본 배송비 묶음그룹,조건부 무료,선결제,3000,3000,6000,N,Y,-,87906191880,,,,,,,가구/인테리어,수예,수예용품/부자재,,DMC,DMC,11194,,,N,N,N,,,,http://shop1.phinf.naver.net/20240523_92/1716442828681JPLNU_JPEG/117578717395075640_2107965819.jpg,,,,Y,2024-05-23 14:41:02,2026-06-17 10:15:40,
,10325762483,,스팃스 눈부신 바닷가 일출 보석십자수 도안형 DIY 키트 감성 풍경 자수,스마트스토어,,,판매중,전시중,99999,12800,12800,,,N,N,N,,,,,1.0%,0,0,0,0,0,,,,오늘출발,"평일 16시00분까지 결제 완료된 주문

",기본 배송비 묶음그룹,무료,,0,3000,6000,N,Y,-,87870266685,,,,,,,가구/인테리어,수예,보석십자수,,스팃스,스팃스,,,,N,N,N,,,,http://shop1.phinf.naver.net/20260530_226/1780147565044QTH7S_PNG/60347178903619342_1104330105.png,,,,Y,2024-05-14 14:35:41,2026-05-30 22:26:29,
,10325759226,,스팃스 14ct 십자수 아이다 원단 12종 컬러 자수 천 반마 택1 14카운트,스마트스토어,,,판매중,전시중,1199983,8000,8000,,,Y,N,N,,,,,1.0%,0,0,0,0,0,,,,오늘출발,"평일 16시00분까지 결제 완료된 주문

",기본 배송비 묶음그룹,조건부 무료,선결제,3000,3000,6000,N,Y,-,87870263428,,,,,,,가구/인테리어,수예,자수,원단,스팃스,스팃스,,,,N,N,N,,,,http://shop1.phinf.naver.net/20240514_121/1715664813606AXU2N_JPEG/116800709335855574_1726175002.jpg,,,,Y,2024-05-14 14:34:33,2026-06-17 10:16:04,
,10253692548,,스팃스 자수실 실감개 보빈 와인더 자수 도구 실 정리 십자수 부자재,스마트스토어,,,판매중,전시중,99975,2300,2300,,,N,N,N,,,,,1.0%,0,0,0,0,0,,,,오늘출발,"평일 16시00분까지 결제 완료된 주문

",기본 배송비 묶음그룹,조건부 무료,선결제,3000,3000,6000,N,Y,-,87798196246,,,,,,,가구/인테리어,수예,수예용품/부자재,,스팃스,스팃스,,,,N,N,N,,,,http://shop1.phinf.naver.net/20240425_272/1714020245650obDJm_JPEG/115156088362288860_40244066.jpg,,,,Y,2024-04-25 13:44:39,2026-06-17 10:16:28,
,10253688797,,스팃스 야생화와 땅벌 무지원단 실 십자수 패키지 도안 실 원단 포함 풀세트,스마트스토어,,,판매중,전시중,99999,35000,35000,,,N,N,N,,,,,1.0%,0,0,0,0,0,,,,오늘출발,"평일 16시00분까지 결제 완료된 주문

",기본 배송비 묶음그룹,무료,,0,3000,6000,N,Y,-,87798192495,,,,,,,가구/인테리어,수예,자수,패키지,스팃스,스팃스,,,,N,N,N,,,,http://shop1.phinf.naver.net/20240425_152/1714020166788Ar7ic_JPEG/115156009503712018_408677157.jpg,,,,Y,2024-04-25 13:43:36,2026-06-16 20:43:56,
,10212987306,,자수서적 십자수로 펼쳐낸 그리운 어린시절,스마트스토어,,,판매중,전시중,99996,25500,25500,,,N,N,N,,,,,1.0%,0,0,0,0,0,,,,오늘출발,"평일 16시00분까지 결제 완료된 주문

",기본 배송비 묶음그룹,조건부 무료,선결제,3000,3000,6000,N,Y,-,87757490833,,,,,,,가구/인테리어,수예,자수,도안,,,,,,N,N,N,,,,https://shop-phinf.pstatic.net/20240416_5/1713247563939ymmKQ_JPEG/114383452646868706_841236363.jpg,,,,Y,2024-04-16 15:06:41,2026-06-17 10:16:51,
,10198182108,,스팃스 DMC 14ct 아이다 십자수원단 1마 14카운트,스마트스토어,,,판매중,전시중,19998,26300,26300,,,Y,N,N,,,,,1.0%,0,0,0,0,0,,,,일반배송,,기본 배송비 묶음그룹,조건부 무료,선결제,3000,3000,6000,N,Y,-,87742685569,,,,,,,가구/인테리어,수예,자수,원단,DMC,DMC,11194,,,N,N,N,,,,http://shop1.phinf.naver.net/20240412_270/17129042577679G6cb_JPEG/114040153498005775_1463039020.jpg,,,,Y,2024-04-12 15:45:35,2026-02-13 16:41:05,
,10198175248,,스팃스 DMC 14ct 아이다 십자수원단 멀티  1마 14카운트,스마트스토어,,,판매중,전시중,29993,29900,29900,,,Y,N,N,,,,,1.0%,0,0,0,0,0,,,,오늘출발,"평일 16시00분까지 결제 완료된 주문

",기본 배송비 묶음그룹,조건부 무료,선결제,3000,3000,6000,N,Y,-,87742678709,,,,,,,가구/인테리어,수예,자수,원단,DMC,DMC,11194,,,N,N,N,,,,http://shop1.phinf.naver.net/20240412_170/1712904170813UYuxN_JPEG/114040013522024204_16496301.jpg,,,,Y,2024-04-12 15:43:49,2026-06-16 20:45:43,
,10119840823,,스팃스 계곡속 황금폭포 보석십자수 도안형 DIY 키트 재물운,스마트스토어,,,판매중,전시중,99999,36000,36000,,,N,N,N,,,,,1.0%,0,0,0,0,0,,,,오늘출발,"평일 16시00분까지 결제 완료된 주문

",기본 배송비 묶음그룹,무료,,0,3000,6000,N,Y,-,87664343699,,,,,,,가구/인테리어,수예,보석십자수,,스팃스,스팃스,,,,N,N,N,,,,http://shop1.phinf.naver.net/20260530_232/1780141536834QlIUN_JPEG/1501987968858116_1540215792.jpg,,,,Y,2024-03-25 14:27:24,2026-06-04 12:43:41,
,10119834196,,스팃스 행운의 고양이 보석십자수 도안형 DIY 키트 재물운,스마트스토어,,,판매중,전시중,9999,23000,23000,,,N,N,N,,,,,1.0%,0,0,0,0,0,,,,오늘출발,"평일 16시00분까지 결제 완료된 주문

",기본 배송비 묶음그룹,무료,,0,3000,6000,N,Y,-,87664337072,,,,,,,가구/인테리어,수예,보석십자수,,스팃스,스팃스,,,,N,N,N,,,,http://shop1.phinf.naver.net/20260529_238/1780065790483vnYkw_PNG/14714526251248645_541241726.png,,,,Y,2024-03-25 14:26:10,2026-06-17 10:17:17,
,10108023118,,스팃스 장미꽃밭의 토끼 캔버스 판넬 액자 보석십자수 DIY 키트 30x40cm,스마트스토어,,,판매중,전시중,99998,16500,16500,,,N,N,N,,,,,1.0%,0,0,0,0,0,,28칸비즈케이스증정,,오늘출발,"평일 16시00분까지 결제 완료된 주문

",기본 배송비 묶음그룹,무료,,0,3000,6000,N,Y,-,87652525888,,,,,,,가구/인테리어,수예,보석십자수,,스팃스,스팃스,,,,N,N,N,,,,http://shop1.phinf.naver.net/20260424_145/1777016211776ktUft_PNG/844190872283442_799624304.png,,,,Y,2024-03-22 15:01:22,2026-04-24 16:38:32,
,10108019426,,스팃스 몽환의 성 캔버스 판넬 액자 보석십자수 DIY 키트 30x40cm,스마트스토어,,,판매중,전시중,9999,16500,16500,,,N,N,N,,,,,1.0%,0,0,0,0,0,,28칸비즈케이스증정,,오늘출발,"평일 16시00분까지 결제 완료된 주문

",기본 배송비 묶음그룹,무료,,0,3000,6000,N,Y,-,87652522196,,,,,,,가구/인테리어,수예,보석십자수,,스팃스,스팃스,,,,N,N,N,,,,http://shop1.phinf.naver.net/20240322_31/1711087217521e9ENV_JPEG/112223045350832105_1678304222.jpg,,,,Y,2024-03-22 15:00:39,2026-06-16 20:47:46,
,10108015775,,스팃스 불새 캔버스 판넬 액자 보석십자수 DIY 키트 30x40cm,스마트스토어,,,판매중,전시중,99999,16500,16500,,,N,N,N,,,,,1.0%,0,0,0,0,0,,28칸비즈케이스증정,,오늘출발,"평일 16시00분까지 결제 완료된 주문

",기본 배송비 묶음그룹,무료,,0,3000,6000,N,Y,-,87652518545,,,,,,,가구/인테리어,수예,보석십자수,,스팃스,스팃스,,,,N,N,N,,,,http://shop1.phinf.naver.net/20240322_216/1711087174778rERO5_JPEG/112223002607561675_1302421325.jpg,,,,Y,2024-03-22 14:59:56,2026-06-17 10:17:45,
,10108011979,,스팃스 우아한 핑크장미 캔버스 판넬 액자 보석십자수 DIY 키트 30x40cm,스마트스토어,,,판매중,전시중,9999,16500,16500,,,N,N,Y,,,,,1.0%,0,0,0,0,0,,28칸비즈케이스증정,,오늘출발,"평일 16시00분까지 결제 완료된 주문

",기본 배송비 묶음그룹,무료,,0,3000,6000,N,Y,-,87652514749,,,,,,,가구/인테리어,수예,보석십자수,,스팃스,스팃스,,,,N,N,N,,,,http://shop1.phinf.naver.net/20240322_28/17110871242185ROpF_JPEG/112223012925018527_255426465.jpg,,,,Y,2024-03-22 14:59:12,2026-04-27 16:52:21,
,10078528708,,스팃스 2개세트 보석십자수 마무리용 코팅제 광택제 120ml 보석십자수마감제,스마트스토어,,,판매중,전시중,9988,14000,14000,,,N,N,N,,,,,1.0%,0,0,0,0,0,,,,오늘출발,"평일 16시00분까지 결제 완료된 주문

",기본 배송비 묶음그룹,무료,,0,3000,6000,N,Y,-,87623031361,,,,,,,가구/인테리어,수예,수예용품/부자재,,스팃스,스팃스,,,,N,N,N,,,,http://shop1.phinf.naver.net/20260326_194/1774503373808VgjgF_PNG/29163812601687850_1216141389.png,,,,Y,2024-03-15 15:55:39,2026-03-26 15:05:59,
,10073949622,,스팃스 77종 액자형 보석십자수 큐빅 비즈 구슬 캔버스형 DIY 취미키트,스마트스토어,,,판매중,전시중,7699923,16500,16500,,,Y,N,Y,,,,,1.0%,0,0,0,0,0,,28칸비즈케이스증정,,오늘출발,"평일 16시00분까지 결제 완료된 주문

",기본 배송비 묶음그룹,무료,,0,3000,6000,N,Y,-,87618452275,,,,,,,가구/인테리어,수예,보석십자수,,스팃스,스팃스,,,,N,N,N,,,,https://shop-phinf.pstatic.net/20240321_108/17109977160821rvxW_JPEG/112133611816647630_395337489.jpg,,,,Y,2024-03-14 16:11:51,2026-06-17 10:18:40,
,10058425152,,스팃스 항해 무지원단 실 십자수 패키지 도안 실 원단 포함 풀세트,스마트스토어,,,판매중,전시중,99998,30000,30000,,,N,N,Y,,,,,1.0%,0,0,0,0,0,,,,오늘출발,"평일 16시00분까지 결제 완료된 주문

",기본 배송비 묶음그룹,무료,,0,3000,6000,N,Y,-,87602927694,,,,,,,가구/인테리어,수예,자수,패키지,스팃스,스팃스,,,,N,N,N,,,,https://shop-phinf.pstatic.net/20240311_207/1710140787634Pu4nX_JPEG/111276571350052792_930261887.jpg,,,,Y,2024-03-11 16:06:52,2026-02-20 12:51:08,
,10058422609,,스팃스 연꽃과 잉어 무지원단 실 십자수 패키지 도안 실 원단 포함 풀세트,스마트스토어,,,판매중,전시중,9999,35000,35000,,,N,N,N,,,,,1.0%,0,0,0,0,0,,,,오늘출발,"평일 16시00분까지 결제 완료된 주문

",기본 배송비 묶음그룹,무료,,0,3000,6000,N,Y,-,87602925151,,,,,,,가구/인테리어,수예,자수,패키지,스팃스,스팃스,,,,N,N,N,,,,http://shop1.phinf.naver.net/20240311_273/171014073860839s7L_JPEG/111276581318261082_1414930306.jpg,,,,Y,2024-03-11 16:06:09,2026-06-17 10:19:06,
,10058419409,,스팃스 가옥과 밤풍경 캔버스 판넬 액자 보석십자수 DIY 키트 30x40cm,스마트스토어,,,판매중,전시중,99997,16500,16500,,,N,N,N,,,,,1.0%,0,0,0,0,0,,28칸비즈케이스증정,,오늘출발,"평일 16시00분까지 결제 완료된 주문

",기본 배송비 묶음그룹,무료,,0,3000,6000,N,Y,-,87602921951,,,,,,,가구/인테리어,수예,보석십자수,,스팃스,스팃스,,,,N,N,N,,,,http://shop1.phinf.naver.net/20240311_117/1710140695276adbJn_JPEG/111276583982305430_628393870.jpg,,,,Y,2024-03-11 16:05:17,2026-06-17 10:19:34,
,10058416656,,스팃스 벚꽃과 동화의성 캔버스 판넬 액자 보석십자수 DIY 키트 30x40cm,스마트스토어,,,판매중,전시중,9998,16500,16500,,,N,N,N,,,,,1.0%,0,0,0,0,0,,28칸비즈케이스증정,,오늘출발,"평일 16시00분까지 결제 완료된 주문

",기본 배송비 묶음그룹,무료,,0,3000,6000,N,Y,-,87602919198,,,,,,,가구/인테리어,수예,보석십자수,,스팃스,스팃스,,,,N,N,N,,,,http://shop1.phinf.naver.net/20240311_10/1710140632832BX2BC_JPEG/37443316713254212_679008490.jpg,,,,Y,2024-03-11 16:04:33,2026-04-24 13:38:05,
,9999266027,,스팃스 18ct 십자수 아이다 원단 3종 컬러 자수 천 1마 18카운트,스마트스토어,,,판매중,전시중,199998,18400,18400,,,Y,N,N,,,,,1.0%,0,0,0,0,0,,,,오늘출발,"평일 16시00분까지 결제 완료된 주문

",기본 배송비 묶음그룹,조건부 무료,선결제,3000,3000,6000,N,Y,-,87543768300,,,,,,,가구/인테리어,수예,자수,원단,스팃스,스팃스,,,,N,N,N,,,,http://shop1.phinf.naver.net/20240226_299/1708927260653Ji49X_JPEG/110063149365430281_407049947.jpg,,,,Y,2024-02-26 15:01:25,2026-06-17 10:20:00,
,9911820301,,스팃스 스트로베리 무지원단 실 십자수 패키지 도안 실 원단 포함 풀세트,스마트스토어,,,판매중,전시중,9999,29800,29800,,,N,N,N,,,,,1.0%,0,0,0,0,0,,,,오늘출발,"평일 16시00분까지 결제 완료된 주문

",기본 배송비 묶음그룹,무료,,0,3000,6000,N,Y,-,87456322574,,,,,,,가구/인테리어,수예,자수,패키지,자체제작,자체브랜드,,,,N,N,N,,,,http://shop1.phinf.naver.net/20240202_262/17068526086422CXi8_JPEG/107988507352986487_2127572906.jpg,,,,Y,2024-02-02 14:43:55,2026-02-23 12:00:42,
,9911814777,,스팃스 아름다운 도자기 그릇 무지원단 실 십자수 패키지 도안 실 원단 포함 풀세트,스마트스토어,아름다운도자기그릇 실 십자수 패키지 (도안+원단+실+바늘),,판매중,전시중,99998,29800,29800,,,N,N,Y,,,,,1.0%,0,0,0,0,0,,,,오늘출발,"평일 16시00분까지 결제 완료된 주문

",기본 배송비 묶음그룹,무료,,0,3000,6000,N,Y,-,87456317050,,,,,,,가구/인테리어,수예,자수,패키지,스팃스,스팃스,,,,N,N,N,,,,https://shop-phinf.pstatic.net/20240202_79/1706852497535Mlo7y_JPEG/107988281245300810_131977305.jpg,,,,Y,2024-02-02 14:42:09,2026-06-17 10:20:52,
,9904516048,,57 335 크로바 New 크래프트 확대경 핑크 1.6배 2배 세트 수예용 돋보기,스마트스토어,,,판매중지,전시중,9996,130000,130000,,,N,N,N,,,,,1.0%,0,0,0,0,0,,,,오늘출발,"평일 16시00분까지 결제 완료된 주문

",기본 배송비 묶음그룹,무료,,0,3000,6000,N,Y,-,87449018321,,,,,,,가구/인테리어,수예,수예용품/부자재,,,,,,,N,N,N,,,,http://shop1.phinf.naver.net/20240131_179/1706675941520aPntH_JPEG/107811721243811019_322653119.jpg,,,,Y,2024-01-31 13:39:19,2026-05-29 12:33:50,
,9904514720,,57 336 크로바 New 크래프트 확대경그레이 1.6배 2배 세트 수예용 돋보기,스마트스토어,,,판매중,전시중,9999,130000,130000,,,N,N,N,,,,,1.0%,0,0,0,0,0,,,,오늘출발,"평일 16시00분까지 결제 완료된 주문

",기본 배송비 묶음그룹,무료,,0,3000,6000,N,Y,-,87449016993,,,,,,,가구/인테리어,수예,수예용품/부자재,,,,,,,N,N,N,,,,http://shop1.phinf.naver.net/20240131_73/1706675898594VfdHU_JPEG/107811678316194845_2057765796.jpg,,,,Y,2024-01-31 13:38:40,2026-06-17 10:21:18,
,9904513164,,디즈니 앨리스 원더랜드 커트지 1 인테리어 원단,스마트스토어,,,판매중,전시중,99999,18000,18000,,,N,N,N,,,,,1.0%,0,0,0,0,0,,,,오늘출발,"평일 16시00분까지 결제 완료된 주문

",기본 배송비 묶음그룹,조건부 무료,선결제,3000,3000,6000,N,Y,-,87449015437,,,,,,,가구/인테리어,수예,원단,,스팃스,스팃스,,,,N,N,N,,,,http://shop1.phinf.naver.net/20240131_230/1706675847883qcalG_JPEG/107811743620558230_659388329.jpg,,,,Y,2024-01-31 13:37:55,2026-06-16 20:54:38,
,9904511496,,디즈니 앨리스 원더랜드 커트지 2 인테리어 원단,스마트스토어,,,판매중,전시중,9999,18000,18000,,,N,N,N,,,,,1.0%,0,0,0,0,0,,,,오늘출발,"평일 16시00분까지 결제 완료된 주문

",기본 배송비 묶음그룹,조건부 무료,선결제,3000,3000,6000,N,Y,-,87449013769,,,,,,,가구/인테리어,수예,원단,,스팃스,스팃스,,,,N,N,N,,,,http://shop1.phinf.naver.net/20240131_174/17066757953760ln3g_JPEG/107811575099238747_1625760969.jpg,,,,Y,2024-01-31 13:37:04,2026-06-17 10:21:44,
,9622867579,,스팃스 14ct 칼라 십자수 아이다 원단 6종 컬러 자수 천 1마 14카운트 칼라십자수원단,스마트스토어,,,판매중,전시중,599993,20900,20900,,,Y,N,N,,,,,1.0%,0,0,0,0,0,,,,오늘출발,"평일 16시00분까지 결제 완료된 주문

",기본 배송비 묶음그룹,조건부 무료,선결제,3000,3000,6000,N,Y,-,87167369849,,,,,,,가구/인테리어,수예,자수,원단,스팃스,스팃스,,,,N,N,N,,,,https://shop-phinf.pstatic.net/20231205_158/1701758378010QXaTM_JPEG/668950322116986_1589010793.jpg,,,,Y,2023-12-06 13:19:47,2026-06-16 20:55:53,
,9580125090,,일본서적  꽃과 풍경의 자수 샘플러,스마트스토어,,,판매중,전시중,342342,24500,24500,,,N,N,N,,,,,1.0%,0,0,0,0,0,,,,오늘출발,"평일 16시00분까지 결제 완료된 주문

",기본 배송비 묶음그룹,조건부 무료,선결제,3000,3000,6000,N,N,-,87124627360,,,,,,,가구/인테리어,수예,자수,도안,,,,,,N,N,N,,,,http://shop1.phinf.naver.net/20171026_62/es84214_1508982008899agPKP_JPEG/32287973523502270_-1274691043.jpg,,,,Y,2023-11-24 14:17:22,2026-06-17 10:22:10,
,9574977397,,일본서적 십자수로 즐기는 작은 세계 - 계절을 물들이는 자수,스마트스토어,,,판매중,전시중,99999,23000,23000,,,N,N,N,,,,,1.0%,0,0,0,0,0,,,,오늘출발,"평일 16시00분까지 결제 완료된 주문

",기본 배송비 묶음그룹,조건부 무료,선결제,3000,3000,6000,N,Y,-,87119479667,,,,,,,가구/인테리어,수예,자수,도안,,,,,,N,N,N,,,,http://shop1.phinf.naver.net/20231123_88/17007166581506Ow3l_JPEG/5115936018690634_521773033.jpg,,,,Y,2023-11-23 14:18:04,2026-02-13 16:41:05,
,9574973233,,일본서적 annas의 맛있는 자수 CAFE SWEETS,스마트스토어,,,판매중,전시중,99998,18000,18000,,,N,N,N,,,,,1.0%,0,0,0,0,0,,,,오늘출발,"평일 16시00분까지 결제 완료된 주문

",기본 배송비 묶음그룹,조건부 무료,선결제,3000,3000,6000,N,Y,-,87119475503,,,,,,,가구/인테리어,수예,자수,도안,,,,,,N,N,N,,,,https://shop-phinf.pstatic.net/20231123_202/1700716581451RQy67_JPEG/14081518318070190_923895301.jpg,,,,Y,2023-11-23 14:17:12,2026-06-17 10:22:37,
,9469809973,,스팃스 크로바 10 520 NEW 자동 실꿰기 퀵 핑크 책상용 실끼우기 바느질 도구,스마트스토어,,,판매중,전시중,99989,17700,17700,,,N,N,N,,,,,1.0%,0,0,0,0,0,,,,오늘출발,"평일 16시00분까지 결제 완료된 주문

",기본 배송비 묶음그룹,조건부 무료,선결제,3000,3000,6000,N,Y,-,87014310296,,,,,,,가구/인테리어,수예,수예용품/부자재,,크로바,크로바,270,,,N,N,N,,,,https://shop-phinf.pstatic.net/20231102_281/1698902335464zGrIV_JPEG/25820905875185470_1302846464.jpg,,,,Y,2023-11-02 14:19:24,2026-02-13 16:41:05,
,9469806105,,스팃스 크로바 10 520 NEW 자동 실꿰기 퀵 핑크 책상용 실끼우기 바느질 도구,스마트스토어,,,판매중,전시중,99999,17700,17700,,,N,N,N,,,,,1.0%,0,0,0,0,0,,,,오늘출발,"평일 16시00분까지 결제 완료된 주문

",기본 배송비 묶음그룹,조건부 무료,선결제,3000,3000,6000,N,Y,-,87014306428,,,,,,,가구/인테리어,수예,수예용품/부자재,,,,,,,N,N,N,,,,http://shop1.phinf.naver.net/20231102_46/1698902274862QD7L2_JPEG/5450687839948809_880071356.jpg,,,,Y,2023-11-02 14:18:31,2026-02-13 16:41:05,
,9429681614,,스팃스 포도3송이 무지원단 실 십자수 패키지 도안 실 원단 포함 풀세트,스마트스토어,,,판매중,전시중,9993,28000,28000,,,N,N,Y,,,,,1.0%,0,0,0,0,0,,,,오늘출발,"평일 16시00분까지 결제 완료된 주문

",기본 배송비 묶음그룹,무료,,0,3000,6000,N,Y,-,86974181937,,,,,,,가구/인테리어,수예,자수,패키지,스팃스,스팃스,,,,N,N,N,,,,https://shop-phinf.pstatic.net/20231025_223/16982149190837qJtg_JPEG/11422317534841136_279846819.jpg,,,,Y,2023-10-25 15:22:16,2026-02-20 12:51:08,
,9429678630,,스팃스 백련과 공작 무지원단 실 십자수 패키지 도안 실 원단 포함 풀세트,스마트스토어,,,판매중,전시중,9999,28000,28000,,,N,N,N,,,,,1.0%,0,0,0,0,0,,,,오늘출발,"평일 16시00분까지 결제 완료된 주문

",기본 배송비 묶음그룹,무료,,0,3000,6000,N,Y,-,86974178953,,,,,,,가구/인테리어,수예,자수,패키지,스팃스,스팃스,,,,N,N,N,,,,http://shop1.phinf.naver.net/20231025_170/1698214879261drjk7_JPEG/15541810798636801_479429737.jpg,,,,Y,2023-10-25 15:21:39,2026-06-17 10:24:18,
,9429675467,,스팃스 풍차 무지원단 실 십자수 패키지 도안 실 원단 포함 풀세트,스마트스토어,,,판매중,전시중,9999,26000,26000,,,N,N,N,,,,,1.0%,0,0,0,0,0,,,,오늘출발,"평일 16시00분까지 결제 완료된 주문

",기본 배송비 묶음그룹,무료,,0,3000,6000,N,Y,-,86974175790,,,,,,,가구/인테리어,수예,자수,패키지,스팃스,스팃스,,,,N,N,N,,,,http://shop1.phinf.naver.net/20231025_235/1698214837675S8Kxn_JPEG/6588516535505872_1031740435.jpg,,,,Y,2023-10-25 15:20:58,2026-06-17 10:24:45,
,9429671741,,스팃스 네잎클로버 부엉이 무지원단 실 십자수 패키지 도안 실 원단 포함 풀세트,스마트스토어,,,판매중,전시중,9999,26000,26000,,,N,N,N,,,,,1.0%,0,0,0,0,0,,,,오늘출발,"평일 16시00분까지 결제 완료된 주문

",기본 배송비 묶음그룹,무료,,0,3000,6000,N,Y,-,86974172064,,,,,,,가구/인테리어,수예,자수,패키지,스팃스,스팃스,,,,N,N,N,,,,http://shop1.phinf.naver.net/20231025_159/1698214784705JbtRF_JPEG/1227393580948182_1478147465.jpg,,,,Y,2023-10-25 15:20:17,2026-06-17 10:25:12,
,9352775670,,스팃스 행복의 백호랑이 캔버스 판넬 액자 보석십자수 DIY 키트 30x40cm,스마트스토어,,,판매중,전시중,9997,16500,16500,,,N,N,Y,,,,,1.0%,0,0,0,0,0,,28칸비즈케이스증정,,오늘출발,"평일 16시00분까지 결제 완료된 주문

",기본 배송비 묶음그룹,무료,,0,3000,6000,N,Y,-,86897275993,,,,,,,가구/인테리어,수예,보석십자수,,스팃스,스팃스,,,,N,N,N,,,,https://shop-phinf.pstatic.net/20231011_296/1696989656676D36hc_JPEG/42420867466974612_526841708.jpg,,,,Y,2023-10-11 11:01:26,2026-04-27 16:52:21,
,9317262296,,자수서적 프랑스 자수와 도안151 메르헨 꽃과 귀여운 친구들,스마트스토어,,,판매중,전시중,4232,29200,29200,,,N,N,N,,,,,1.0%,0,0,0,0,0,,,,오늘출발,"평일 16시00분까지 결제 완료된 주문

",기본 배송비 묶음그룹,조건부 무료,선결제,3000,3000,6000,N,N,-,86861762619,,,,,,,가구/인테리어,수예,자수,도안,,,,,,N,N,N,,,,http://shop1.phinf.naver.net/20170820_95/es84214_1503220818518L48ID_JPEG/26528012158999428_1281945850.jpg,,,,Y,2023-10-04 15:44:05,2026-02-13 16:41:05,
,9275231198,,스팃스 풍차와 튤립 캔버스 판넬 액자 보석십자수 DIY 키트 30x40cm,스마트스토어,,,판매중,전시중,9999,16500,16500,,,N,N,Y,,,,,1.0%,0,0,0,0,0,,28칸비즈케이스증정,,오늘출발,"평일 16시00분까지 결제 완료된 주문

",기본 배송비 묶음그룹,무료,,0,3000,6000,N,Y,-,86819731521,,,,,,,가구/인테리어,수예,보석십자수,,스팃스,스팃스,,,,N,N,N,,,,https://shop-phinf.pstatic.net/20230925_240/1695622791936jt9zF_JPEG/9940063756069974_608893769.jpg,,,,Y,2023-09-25 15:20:14,2026-06-17 10:25:41,
,9275229947,,스팃스 눈부시게 아름다운 튤립꽃 캔버스 판넬 액자 보석십자수 DIY 키트 30x40cm,스마트스토어,,,판매중,전시중,9985,16500,16500,,,N,N,N,,,,,1.0%,0,0,0,0,0,,28칸비즈케이스증정,,오늘출발,"평일 16시00분까지 결제 완료된 주문

",기본 배송비 묶음그룹,무료,,0,3000,6000,N,Y,-,86819730270,,,,,,,가구/인테리어,수예,보석십자수,,스팃스,스팃스,,,,N,N,N,,,,http://shop1.phinf.naver.net/20260421_129/1776780984084uFcIW_JPEG/131609539009149336_1704843390.jpg,,,,Y,2023-09-25 15:19:33,2026-04-21 23:24:33,
,9275228712,,스팃스 핑크튤립 캔버스 판넬 액자 보석십자수 DIY 키트 30x40cm,스마트스토어,,,판매중,전시중,9999,16500,16500,,,N,N,N,,,,,1.0%,0,0,0,0,0,,28칸비즈케이스증정,,오늘출발,"평일 16시00분까지 결제 완료된 주문

",기본 배송비 묶음그룹,무료,,0,3000,6000,N,Y,-,86819729035,,,,,,,가구/인테리어,수예,보석십자수,,스팃스,스팃스,,,,N,N,N,,,,http://shop1.phinf.naver.net/20230925_67/1695622719198PlPLn_JPEG/13626386002072402_912201080.jpg,,,,Y,2023-09-25 15:18:56,2026-06-17 10:26:10,
,9275227060,,스팃스 귀여운 토끼와 장미 캔버스 판넬 액자 보석십자수 DIY 키트 30x40cm,스마트스토어,,,판매중,전시중,9999,16500,16500,,,N,N,N,,,,,1.0%,0,0,0,0,0,,28칸비즈케이스증정,,오늘출발,"평일 16시00분까지 결제 완료된 주문

",기본 배송비 묶음그룹,무료,,0,3000,6000,N,Y,-,86819727383,,,,,,,가구/인테리어,수예,보석십자수,,스팃스,스팃스,,,,N,N,N,,,,http://shop1.phinf.naver.net/20230925_170/1695622675792v9oIY_JPEG/13926107618878433_1356623602.jpg,,,,Y,2023-09-25 15:18:19,2026-06-17 10:26:40,
,9275225122,,스팃스 어린왕자의 꿈 캔버스 판넬 액자 보석십자수 DIY 키트 30x40cm,스마트스토어,,,판매중,전시중,9999,16500,16500,,,N,N,N,,,,,1.0%,0,0,0,0,0,,28칸비즈케이스증정,,오늘출발,"평일 16시00분까지 결제 완료된 주문

",기본 배송비 묶음그룹,무료,,0,3000,6000,N,Y,-,86819725445,,,,,,,가구/인테리어,수예,보석십자수,,스팃스,스팃스,,,,N,N,N,,,,http://shop1.phinf.naver.net/20260424_161/1777023384369Esoe3_JPEG/56419905516511485_2108555466.jpg,,,,Y,2023-09-25 15:17:36,2026-04-24 18:37:31,
,9275223618,,스팃스 눈부신 바닷가 일출 캔버스 판넬 액자 보석십자수 DIY 키트 30x40cm,스마트스토어,,,판매중,전시중,9995,16500,16500,,,N,N,N,,,,,1.0%,0,0,0,0,0,,28칸비즈케이스증정,,오늘출발,"평일 16시00분까지 결제 완료된 주문

",기본 배송비 묶음그룹,무료,,0,3000,6000,N,Y,-,86819723941,,,,,,,가구/인테리어,수예,보석십자수,,스팃스,스팃스,,,,N,N,N,,,,http://shop1.phinf.naver.net/20230925_147/1695622601471pa6Xw_JPEG/40532606288716956_2052517126.jpg,,,,Y,2023-09-25 15:16:59,2026-06-17 10:27:08,
,9275222233,,스팃스 눈덮힌 동화의 성 캔버스 판넬 액자 보석십자수 DIY 키트 30x40cm,스마트스토어,,,판매중,전시중,9997,16500,16500,,,N,N,Y,,,,,1.0%,0,0,0,0,0,,28칸비즈케이스증정,,오늘출발,"평일 16시00분까지 결제 완료된 주문

",기본 배송비 묶음그룹,무료,,0,3000,6000,N,Y,-,86819722556,,,,,,,가구/인테리어,수예,보석십자수,,스팃스,스팃스,,,,N,N,N,,,,https://shop-phinf.pstatic.net/20230925_252/1695622562656FumlM_JPEG/23430520610220377_891060241.jpg,,,,Y,2023-09-25 15:16:22,2026-04-27 16:52:21,
,9275220568,,스팃스 장미 공주의 성 캔버스 판넬 액자 보석십자수 DIY 키트 30x40cm,스마트스토어,,,판매중,전시중,9999,16500,16500,,,N,N,Y,,,,,1.0%,0,0,0,0,0,,28칸비즈케이스증정,,오늘출발,"평일 16시00분까지 결제 완료된 주문

",기본 배송비 묶음그룹,무료,,0,3000,6000,N,Y,-,86819720890,,,,,,,가구/인테리어,수예,보석십자수,,스팃스,스팃스,,,,N,N,N,,,,https://shop-phinf.pstatic.net/20230925_92/1695622525477Go3KT_JPEG/13626192281259358_393589235.jpg,,,,Y,2023-09-25 15:15:43,2026-06-17 10:27:38,
,9275219024,,스팃스 별이 빛나는 하늘 성 캔버스 판넬 액자 보석십자수 DIY 키트 30x40cm,스마트스토어,,,판매중,전시중,9997,16500,16500,,,N,N,N,,,,,1.0%,0,0,0,0,0,,28칸비즈케이스증정,,오늘출발,"평일 16시00분까지 결제 완료된 주문

",기본 배송비 묶음그룹,무료,,0,3000,6000,N,Y,-,86819719347,,,,,,,가구/인테리어,수예,보석십자수,,스팃스,스팃스,,,,N,N,N,,,,http://shop1.phinf.naver.net/20230925_73/1695622484273v31D6_JPEG/10519383072445339_1444493119.jpg,,,,Y,2023-09-25 15:15:04,2026-06-17 10:28:08,
,9275217576,,스팃스 코스모스 꽃 토끼 캔버스 판넬 액자 보석십자수 DIY 키트 30x40cm,스마트스토어,,,판매중,전시중,9999,16500,16500,,,N,N,N,,,,,1.0%,0,0,0,0,0,,28칸비즈케이스증정,,오늘출발,"평일 16시00분까지 결제 완료된 주문

",기본 배송비 묶음그룹,무료,,0,3000,6000,N,Y,-,86819717899,,,,,,,가구/인테리어,수예,보석십자수,,스팃스,스팃스,,,,N,N,N,,,,http://shop1.phinf.naver.net/20230925_35/1695622435612m4ayD_JPEG/40532440426549871_728069494.jpg,,,,Y,2023-09-25 15:14:23,2026-06-17 10:28:38,
,9255232776,,스팃스 엔틱브라운 15cmx15cm 20종 원단패키지 패치워크 조각원단 DIY,스마트스토어,,,판매중,전시중,99999,4500,4500,,,N,N,N,,,,,1.0%,0,0,0,0,0,,,,오늘출발,"평일 16시00분까지 결제 완료된 주문

",기본 배송비 묶음그룹,조건부 무료,선결제,3000,3000,6000,N,Y,-,86799733099,,,,,,,가구/인테리어,수예,원단,,스팃스,스팃스,,,,N,N,N,,,,https://shop-phinf.pstatic.net/20230921_86/1695274831341oteuT_JPEG/13278498137583249_628352472.jpg,,,,Y,2023-09-21 14:40:53,2026-06-17 10:29:06,
,9222457783,,6.0mm 금속 알루미늄 코바늘 뜨개바늘,스마트스토어,,,판매중,전시중,9999,1500,1500,,,N,N,Y,,,,,1.0%,0,0,0,0,0,,,,오늘출발,"평일 16시00분까지 결제 완료된 주문

",기본 배송비 묶음그룹,조건부 무료,선결제,3000,3000,6000,N,Y,-,86766958106,,,,,,,가구/인테리어,수예,뜨개질,뜨개질바늘,스팃스,스팃스,,,,N,N,N,,,,https://shop-phinf.pstatic.net/20230915_29/1694756118840o7lTL_JPEG/43553627662769657_918963952.jpg,,,,Y,2023-09-15 14:35:47,2026-06-17 10:29:34,
,9177628998,,보석십자수 마무리용 코팅제 광택제 120ML 보석십자수 마감제,스마트스토어,,,판매중,전시중,99998,5500,5500,,,N,N,N,,,,,1.0%,0,0,0,0,0,,,,오늘출발,"평일 16시00분까지 결제 완료된 주문

",기본 배송비 묶음그룹,조건부 무료,선결제,3000,3000,6000,N,Y,-,86722129321,,,,,,,가구/인테리어,수예,수예용품/부자재,,스팃스,스팃스,,,,N,N,N,,,,http://shop1.phinf.naver.net/20260326_202/17745038235345n914_PNG/108636732046352307_704336534.png,,,,Y,2023-09-07 12:50:36,2026-03-26 15:02:23,
,9177625771,,자수 소잉용 아이롱 열펜 레드 블루 화이트 베이지 블랙  택1 퀼트펜,스마트스토어,"자수 소잉용 아이롱 열펜 레드, 블루, 화이트,베이지,블랙 - 택1",,판매중,전시중,499978,1200,1200,,,Y,N,N,,,,,1.0%,0,0,0,0,0,,,,오늘출발,"평일 16시00분까지 결제 완료된 주문

",기본 배송비 묶음그룹,조건부 무료,선결제,3000,3000,6000,N,Y,-,86722126092,,,,,,,가구/인테리어,수예,수예용품/부자재,,스팃스,스팃스,,,,N,N,N,,,,https://shop-phinf.pstatic.net/20230907_30/1694058509303dEKAs_JPEG/10521396670338643_951247798.jpg,,,,Y,2023-09-07 12:49:39,2026-06-16 21:09:21,
,8973243265,,스팃스 원단용 차코 수성펜 12개 세트 4종 택1 물에 지워지는 자수 기화펜,스마트스토어,원단용 차코수성펜 12개세트 (4종 택1),,판매중,전시중,399963,12000,12000,,,Y,N,N,,,,,1.0%,0,0,0,0,0,,,,오늘출발,"평일 16시00분까지 결제 완료된 주문

",기본 배송비 묶음그룹,조건부 무료,선결제,3000,3000,6000,N,Y,-,86517743588,,,,,,,가구/인테리어,수예,수예용품/부자재,,스팃스,스팃스,,,,N,N,N,,,,https://shop-phinf.pstatic.net/20230801_276/1690862946448wBCIO_JPEG/2491044310705756_1259979268.jpg,,,,Y,2023-08-01 13:10:27,2026-06-16 21:10:07,
,8872676702,,스팃스 벌새와 밀꽃 무지원단 실 십자수 패키지 도안 실 원단 포함 풀세트,스마트스토어,,,판매중,전시중,9999,30000,30000,,,N,N,N,,,,,1.0%,0,0,0,0,0,,,,오늘출발,"평일 16시00분까지 결제 완료된 주문

",기본 배송비 묶음그룹,무료,,0,3000,6000,N,Y,-,86417177025,,,,,,,가구/인테리어,수예,자수,패키지,스팃스,스팃스,,,,N,N,N,,,,http://shop1.phinf.naver.net/20230714_276/1689313979588AfH0B_JPEG/5776866950844390_851527340.jpg,,,,Y,2023-07-14 14:53:24,2026-06-17 10:30:41,
,8872672499,,스팃스 커피 무지원단 실 십자수 패키지 도안 실 원단 포함 풀세트,스마트스토어,커피 coffee 실 십자수 패키지 (도안+원단+실+바늘),,판매중,전시중,9998,30000,30000,,,N,N,N,,,,,1.0%,0,0,0,0,0,,,,오늘출발,"평일 16시00분까지 결제 완료된 주문

",기본 배송비 묶음그룹,무료,,0,3000,6000,N,Y,-,86417172822,,,,,,,가구/인테리어,수예,자수,패키지,스팃스,스팃스,,,,N,N,N,,,,https://shop-phinf.pstatic.net/20230714_291/1689313934671KiT3M_JPEG/5776822024944099_1938596969.jpg,,,,Y,2023-07-14 14:52:34,2026-06-17 10:31:10,
,8872669355,,스팃스 상자에 담긴 꽃다발 무지원단 실 십자수 패키지 도안 실 원단 포함 풀세트,스마트스토어,,,판매중,전시중,9998,30000,30000,,,N,N,N,,,,,1.0%,0,0,0,0,0,,,,오늘출발,"평일 16시00분까지 결제 완료된 주문

",기본 배송비 묶음그룹,무료,,0,3000,6000,N,Y,-,86417169678,,,,,,,가구/인테리어,수예,자수,패키지,스팃스,스팃스,,,,N,N,N,,,,http://shop1.phinf.naver.net/20230714_87/1689313887772FCKWn_JPEG/5596777044027702_419286717.jpg,,,,Y,2023-07-14 14:51:51,2026-06-17 10:31:37,
,8872665077,,스팃스 5송이 재물사과 무지원단 실 십자수 패키지 도안 실 원단 포함 풀세트,스마트스토어,,,판매중,전시중,9997,29000,29000,,,N,N,N,,,,,1.0%,0,0,0,0,0,,,,오늘출발,"평일 16시00분까지 결제 완료된 주문

",기본 배송비 묶음그룹,무료,,0,3000,6000,N,Y,-,86417165400,,,,,,,가구/인테리어,수예,자수,패키지,스팃스,스팃스,,,,N,N,N,,,,http://shop1.phinf.naver.net/20230714_276/1689313837627lJPXv_JPEG/20506866600499157_475996797.jpg,,,,Y,2023-07-14 14:50:58,2026-06-16 21:12:32,
,8872661515,,스팃스 회전목마 무지원단 실 십자수 패키지 도안 실 원단 포함 풀세트,스마트스토어,,,판매중,전시중,9999,29000,29000,,,N,N,N,,,,,1.0%,0,0,0,0,0,,,,오늘출발,"평일 16시00분까지 결제 완료된 주문

",기본 배송비 묶음그룹,무료,,0,3000,6000,N,Y,-,86417161838,,,,,,,가구/인테리어,수예,자수,패키지,스팃스,스팃스,,,,N,N,N,,,,http://shop1.phinf.naver.net/20230714_284/16893137837056dRwE_JPEG/4830272063631993_2145408849.jpg,,,,Y,2023-07-14 14:50:09,2026-02-20 12:51:08,
,8872658307,,스팃스 해바라기 들판 무지원단 실 십자수 패키지 도안 실 원단 포함 풀세트,스마트스토어,,,판매중,전시중,9999,28000,28000,,,N,N,N,,,,,1.0%,0,0,0,0,0,,,,오늘출발,"평일 16시00분까지 결제 완료된 주문

",기본 배송비 묶음그룹,무료,,0,3000,6000,N,Y,-,86417158630,,,,,,,가구/인테리어,수예,자수,패키지,스팃스,스팃스,,,,N,N,N,,,,http://shop1.phinf.naver.net/20230714_43/1689313736945NezPf_JPEG/6991779766081314_846703465.jpg,,,,Y,2023-07-14 14:49:18,2026-06-17 10:32:32,
,8872655733,,스팃스 나팔꽃과 벌새 무지원단 실 십자수 패키지 도안 실 원단 포함 풀세트,스마트스토어,,,판매중,전시중,9999,28000,28000,,,N,N,N,,,,,1.0%,0,0,0,0,0,,,,오늘출발,"평일 16시00분까지 결제 완료된 주문

",기본 배송비 묶음그룹,무료,,0,3000,6000,N,Y,-,86417156056,,,,,,,가구/인테리어,수예,자수,패키지,스팃스,스팃스,,,,N,N,N,,,,http://shop1.phinf.naver.net/20230714_145/1689313691825rVzka_JPEG/20506720794529987_2138453181.jpg,,,,Y,2023-07-14 14:48:34,2026-06-17 10:33:02,
,8872652762,,스팃스 금전 잉어도 무지원단 실 십자수 패키지 도안 실 원단 포함 풀세트,스마트스토어,,,판매중,전시중,9999,28000,28000,,,N,N,N,,,,,1.0%,0,0,0,0,0,,,,오늘출발,"평일 16시00분까지 결제 완료된 주문

",기본 배송비 묶음그룹,무료,,0,3000,6000,N,Y,-,86417153085,,,,,,,가구/인테리어,수예,자수,패키지,스팃스,스팃스,,,,N,N,N,,,,https://shop-phinf.pstatic.net/20230714_260/1689313646002ld8xR_JPEG/17591741902293971_1739933833.jpg,,,,Y,2023-07-14 14:47:48,2026-06-17 10:33:32,
,8872649954,,스팃스 벌과 양귀비꽃 무지원단 실 십자수 패키지 도안 실 원단 포함 풀세트,스마트스토어,,,판매중,전시중,9999,26000,26000,,,N,N,N,,,,,1.0%,0,0,0,0,0,,,,오늘출발,"평일 16시00분까지 결제 완료된 주문

",기본 배송비 묶음그룹,무료,,0,3000,6000,N,Y,-,86417150277,,,,,,,가구/인테리어,수예,자수,패키지,스팃스,스팃스,,,,N,N,N,,,,http://shop1.phinf.naver.net/20230714_222/1689313600219vmsWu_JPEG/17591696109073426_411101747.jpg,,,,Y,2023-07-14 14:47:03,2026-06-17 10:34:02,
,8872647050,,스팃스 우아한 백조 무지원단 실 십자수 패키지 도안 실 원단 포함 풀세트,스마트스토어,,,판매중,전시중,9999,26000,26000,,,N,N,N,,,,,1.0%,0,0,0,0,0,,,,오늘출발,"평일 16시00분까지 결제 완료된 주문

",기본 배송비 묶음그룹,무료,,0,3000,6000,N,Y,-,86417147373,,,,,,,가구/인테리어,수예,자수,패키지,스팃스,스팃스,,,,N,N,N,,,,http://shop1.phinf.naver.net/20230714_165/1689313554566AOI58_JPEG/6991597392340668_1805126918.jpg,,,,Y,2023-07-14 14:46:17,2026-06-17 10:34:31,
,8872643369,,스팃스 겨울의 장난감 가게 무지원단 실 십자수 패키지 도안 실 원단 포함 풀세트,스마트스토어,,,판매중,전시중,9999,28000,28000,,,N,N,Y,,,,,1.0%,0,0,0,0,0,,,,오늘출발,"평일 16시00분까지 결제 완료된 주문

",기본 배송비 묶음그룹,무료,,0,3000,6000,N,Y,-,86417143692,,,,,,,가구/인테리어,수예,자수,패키지,스팃스,스팃스,,,,N,N,N,,,,https://shop-phinf.pstatic.net/20230714_65/1689313490438R4Kdx_JPEG/5596379692084943_1859817840.jpg,,,,Y,2023-07-14 14:45:18,2026-06-17 10:35:01,
,8789432833,,자수서적 프랑스  숲과 동물의 십자수,스마트스토어,,,판매중,전시중,999,24000,24000,,,N,N,N,,,,,1.0%,0,0,0,0,0,,,,오늘출발,"평일 16시00분까지 결제 완료된 주문

",기본 배송비 묶음그룹,조건부 무료,선결제,3000,3000,6000,N,Y,-,86333933156,,,,,,,가구/인테리어,수예,자수,도안,,,,,,N,N,N,,,,http://shop1.phinf.naver.net/20230629_17/1688018845880zaC3e_JPEG/20753723841910362_1915763520.jpg,,,,Y,2023-06-29 15:07:50,2026-06-16 21:17:12,
,8789027374,,자수서적 프랑스의 자연을 수놓는 십자수,스마트스토어,,,판매중,전시중,99994,24000,24000,,,N,N,N,,,,,1.0%,0,0,0,0,0,,,,오늘출발,"평일 16시00분까지 결제 완료된 주문

",기본 배송비 묶음그룹,조건부 무료,선결제,3000,3000,6000,N,Y,-,86333527697,,,,,,,가구/인테리어,수예,자수,도안,,,,,,N,N,N,,,,http://shop1.phinf.naver.net/20230629_191/1688014100127bwlBM_JPEG/3501388371913119_508943166.jpg,,,,Y,2023-06-29 13:48:42,2026-06-17 10:35:30,
,8746153630,,스팃스 프랑스자수 십자수 자수실 실 왁스 실꼬임방지 자수실광택,스마트스토어,,,판매중,전시중,99994,3500,3500,,,N,N,N,,,,,1.0%,0,0,0,0,0,,,,오늘출발,"평일 16시00분까지 결제 완료된 주문

",기본 배송비 묶음그룹,조건부 무료,선결제,3000,3000,6000,N,Y,-,86290653953,,,,,,,가구/인테리어,수예,수예용품/부자재,,스팃스,스팃스,,,,N,N,N,,,,http://shop1.phinf.naver.net/20230621_250/16873229728512BCP7_JPEG/1163355190032101_1180365873.jpg,,,,Y,2023-06-21 13:50:10,2026-02-20 12:51:08,
,8514779092,,보석십자수 컬러풀 금전사자 소형 30cmx30cm,스마트스토어,,,판매중지,전시중,9997,15000,15000,,,N,N,N,,,,,1.0%,0,0,0,0,0,,,,오늘출발,"평일 16시00분까지 결제 완료된 주문

",기본 배송비 묶음그룹,무료,,0,3000,6000,N,Y,-,86059279415,,,,,,,가구/인테리어,수예,보석십자수,,자체제작,자체브랜드,,,,N,N,N,,,,http://shop1.phinf.naver.net/20201212_17/16077616560505ROWb_JPEG/8897439731195049_649665832.jpg,,,,Y,2023-05-08 13:38:59,2026-02-13 15:33:49,
,8488425299,,스팃스 여름날의해변가 캔버스 판넬 액자 보석십자수 DIY 키트 30x40cm,스마트스토어,,,판매중,전시중,9999,16500,16500,,,N,N,N,,,,,1.0%,0,0,0,0,0,,28칸비즈케이스증정,,오늘출발,"평일 16시00분까지 결제 완료된 주문

",기본 배송비 묶음그룹,무료,,0,3000,6000,N,Y,-,86032925622,,,,,,,가구/인테리어,수예,보석십자수,,스팃스,스팃스,,,,N,N,N,,,,http://shop1.phinf.naver.net/20230503_91/1683080928579c48IU_JPEG/11620647397873555_1801557658.jpg,,,,Y,2023-05-03 11:29:09,2026-04-22 13:05:22,
,8488420938,,스팃스 휴양지 풍경 캔버스 판넬 액자 보석십자수 DIY 키트 30x40cm,스마트스토어,,,판매중,전시중,9998,16500,16500,,,N,N,N,,,,,1.0%,0,0,0,0,0,,28칸비즈케이스증정,,오늘출발,"평일 16시00분까지 결제 완료된 주문

",기본 배송비 묶음그룹,무료,,0,3000,6000,N,Y,-,86032921261,,,,,,,가구/인테리어,수예,보석십자수,,스팃스,스팃스,,,,N,N,N,,,,http://shop1.phinf.naver.net/20230503_75/1683080880765BDBIh_JPEG/5872104678198478_2035518994.jpg,,,,Y,2023-05-03 11:28:23,2026-06-17 10:36:26,
,8488415683,,스팃스 오로라 달빛 인어 캔버스 판넬 액자 보석십자수 DIY 키트 30x40cm,스마트스토어,,,판매중,전시중,99998,16500,16500,,,N,N,N,,,,,1.0%,0,0,0,0,0,,28칸비즈케이스증정,,오늘출발,"평일 16시00분까지 결제 완료된 주문

",기본 배송비 묶음그룹,무료,,0,3000,6000,N,Y,-,86032916006,,,,,,,가구/인테리어,수예,보석십자수,,스팃스,스팃스,,,,N,N,N,,,,http://shop1.phinf.naver.net/20230503_238/1683080829205ovEuM_JPEG/31612085014647114_1669058854.jpg,,,,Y,2023-05-03 11:27:38,2026-06-17 10:36:57,
,8488408795,,스팃스 인조이 투데이 부엉이 캔버스 판넬 액자 보석십자수 DIY 키트 30x40cm,스마트스토어,,,판매중,전시중,99997,16500,16500,,,N,N,N,,,,,1.0%,0,0,0,0,0,,28칸비즈케이스증정,,오늘출발,"평일 16시00분까지 결제 완료된 주문

",기본 배송비 묶음그룹,무료,,0,3000,6000,N,Y,-,86032909118,,,,,,,가구/인테리어,수예,보석십자수,,스팃스,스팃스,,,,N,N,N,,,,http://shop1.phinf.naver.net/20230503_94/1683080759068VIXlW_JPEG/14427412364663994_990060294.jpg,,,,Y,2023-05-03 11:26:39,2026-06-17 10:37:29,
,8450953409,,스팃스 크로바 장인 줄바늘 100cm 24종 택1 대바늘 뜨개질 뜨개 바늘 타쿠미,스마트스토어,,,판매중,전시중,339974,15400,15400,,,Y,N,Y,,,,,1.0%,0,0,0,0,0,,,,일반배송,,기본 배송비 묶음그룹,조건부 무료,선결제,3000,3000,6000,N,Y,-,85995453732,,,,,,,가구/인테리어,수예,뜨개질,뜨개질바늘,크로바,크로바,,,,N,N,N,,,,https://shop-phinf.pstatic.net/20230424_115/1682316614149CfP5d_JPEG/29464058973071993_137247533.jpg,,,,Y,2023-04-24 15:10:49,2026-06-17 10:38:00,
,8450548062,,스팃스 57 711 크로바 코바늘 달린 태팅셔틀 12호 태팅 레이스,스마트스토어,,,판매중,전시중,9992,16500,16500,,,N,N,N,,,,,1.0%,0,0,0,0,0,,,,오늘출발,"평일 16시00분까지 결제 완료된 주문

",기본 배송비 묶음그룹,조건부 무료,선결제,3000,3000,6000,N,Y,-,85995048385,,,,,,,가구/인테리어,수예,수예용품/부자재,,,,,,,N,N,N,,,,http://shop1.phinf.naver.net/20230424_210/1682312066458elh9B_JPEG/615373396164579_340483803.jpg,,,,Y,2023-04-24 13:56:39,2026-06-17 10:38:30,
,8450542573,,스팃스 57 710 크로바 코바늘 달린 태팅셔틀 8호 태팅 레이스,스마트스토어,,,판매중,전시중,9998,16500,16500,,,N,N,N,,,,,1.0%,0,0,0,0,0,,,,오늘출발,"평일 16시00분까지 결제 완료된 주문

",기본 배송비 묶음그룹,조건부 무료,선결제,3000,3000,6000,N,Y,-,85995042896,,,,,,,가구/인테리어,수예,수예용품/부자재,,,,,,,N,N,N,,,,http://shop1.phinf.naver.net/20230424_210/1682312066458elh9B_JPEG/615373396164579_340483803.jpg,,,,Y,2023-04-24 13:55:46,2026-06-16 21:21:19,
,8425101801,,스팃스 해피 참장식 1개 귀여운 키링 장식 팬던트 DIY 열쇠고리 만들기,스마트스토어,,,판매중,전시중,9998,1600,1600,,,N,N,N,,,,,1.0%,0,0,0,0,0,,,,오늘출발,"평일 16시00분까지 결제 완료된 주문

",기본 배송비 묶음그룹,조건부 무료,선결제,3000,3000,6000,N,Y,-,85969602124,,,,,,,가구/인테리어,수예,수예용품/부자재,,스팃스,스팃스,,,,N,N,N,,,,http://shop1.phinf.naver.net/20230419_222/16818802587367w8K1_JPEG/3197595730615791_1378559568.jpg,,,,Y,2023-04-19 13:58:04,2026-06-16 21:22:07,
,8425099022,,스팃스 풍선 참장식 1개 귀여운 키링 장식 팬던트 DIY 열쇠고리 만들기,스마트스토어,,,판매중,전시중,99998,1600,1600,,,N,N,N,,,,,1.0%,0,0,0,0,0,,,,오늘출발,"평일 16시00분까지 결제 완료된 주문

",기본 배송비 묶음그룹,조건부 무료,선결제,3000,3000,6000,N,Y,-,85969599345,,,,,,,가구/인테리어,수예,수예용품/부자재,,스팃스,스팃스,,,,N,N,N,,,,http://shop1.phinf.naver.net/20230419_152/16818802092906DPM1_JPEG/837855304822925_350983426.jpg,,,,Y,2023-04-19 13:57:16,2026-06-16 21:22:54,
,8425096634,,스팃스 휴대용 바느질도구 세트 핑크 1세트,스마트스토어,,,판매중,전시중,9997,3500,3500,,,N,N,N,,,,,1.0%,0,0,0,0,0,,,,오늘출발,"평일 16시00분까지 결제 완료된 주문

",기본 배송비 묶음그룹,조건부 무료,선결제,3000,3000,6000,N,Y,-,85969596957,,,,,,,가구/인테리어,수예,수예용품/부자재,,스팃스,스팃스,,,,N,N,N,,,,http://shop1.phinf.naver.net/20230419_76/1681880156828GdffN_JPEG/3197493832475816_415235756.jpg,,,,Y,2023-04-19 13:56:29,2026-06-17 10:39:01,
,8425092973,,스팃스 허리 수선 요술 옷핀 허리줄이는 옷핀,스마트스토어,,,판매중,전시중,9999,1200,1200,,,N,N,N,,,,,1.0%,0,0,0,0,0,,,,오늘출발,"평일 16시00분까지 결제 완료된 주문

",기본 배송비 묶음그룹,조건부 무료,선결제,3000,3000,6000,N,Y,-,85969593296,,,,,,,가구/인테리어,수예,수예용품/부자재,,스팃스,스팃스,,,,N,N,N,,,,http://shop1.phinf.naver.net/20230419_214/168188007713447Uwv_JPEG/3197414112526360_1793542102.jpg,,,,Y,2023-04-19 13:55:25,2026-06-17 10:39:31,
,8382406861,,스팃스 플라스틱 원형 수틀 십자수틀 자수틀 ,스마트스토어,,,판매중,전시중,19966,1800,1800,,,Y,N,N,,,,,1.0%,0,0,0,0,0,,,,오늘출발,"평일 16시00분까지 결제 완료된 주문

",기본 배송비 묶음그룹,조건부 무료,선결제,3000,3000,6000,N,Y,-,85926907184,,,,,,,가구/인테리어,수예,수예용품/부자재,,스팃스,스팃스,,,,N,N,N,,,,https://shop-phinf.pstatic.net/20230411_72/1681177759014MKMSe_JPEG/82313657721453780_405599462.jpg,,,,Y,2023-04-11 10:50:02,2026-02-20 12:51:08,
,8350446779,,스팃스 시접단용 롤러 헤라 시접 롤러 다리미 대용 퀼트 바느질 도구 헤라,스마트스토어,,,판매중,전시중,9994,3800,3800,,,N,N,N,,,,,1.0%,0,0,0,0,0,,,,오늘출발,"평일 16시00분까지 결제 완료된 주문

",기본 배송비 묶음그룹,조건부 무료,선결제,3000,3000,6000,N,Y,-,85894947102,,,,,,,가구/인테리어,수예,수예용품/부자재,,스팃스,스팃스,,,,N,N,N,,,,https://shop-phinf.pstatic.net/20230405_167/1680660328497Yc9q9_JPEG/81796162303422235_1461418381.jpg,,,,Y,2023-04-05 11:05:55,2026-06-17 10:40:01,
,8320288347,,스팃스 불 달마 보석십자수 도안형 DIY 키트 불교 마음평화 기도용,스마트스토어,(보석십자수) 불교 불 달마도,,판매중,전시중,9999,30000,30000,,,N,N,Y,,,,,1.0%,0,0,0,0,0,,,,오늘출발,"평일 16시00분까지 결제 완료된 주문

",기본 배송비 묶음그룹,조건부 무료,선결제,3000,3000,6000,N,Y,-,85864788670,,,,,,,가구/인테리어,수예,보석십자수,,스팃스,스팃스,,,,N,N,N,,,,https://shop-phinf.pstatic.net/20230330_247/16801519637938HIwR_JPEG/81287791603687220_1283264937.jpg,,,,Y,2023-03-30 13:53:24,2026-06-17 10:40:34,
,8156818971,,스팃스 20개세트 플라스틱 뜨개바늘 돗바늘 위빙바늘 니트바늘 플라스틱바늘,스마트스토어,,,판매중,전시중,99994,1000,1000,,,N,N,N,,,,,1.0%,0,0,0,0,0,,,,오늘출발,"평일 16시00분까지 결제 완료된 주문

",기본 배송비 묶음그룹,조건부 무료,선결제,3000,3000,6000,N,Y,-,85701319294,,,,,,,가구/인테리어,수예,자수,실/바늘,스팃스,스팃스,,,,N,N,N,,,,http://shop1.phinf.naver.net/20230227_27/1677476256627oPsG7_JPEG/78612155334622751_538748124.jpg,,,,Y,2023-02-27 14:38:45,2026-06-17 10:41:03,
,8129588911,,스팃스 평화와 번영 보석십자수 도안형 DIY 키트 마음평화 기도용,스마트스토어,,,판매중,전시중,999,29000,29000,,,N,N,N,,,,,1.0%,0,0,0,0,0,,,,오늘출발,"평일 16시00분까지 결제 완료된 주문

",기본 배송비 묶음그룹,무료,,0,3000,6000,N,Y,-,85674089234,,,,,,,가구/인테리어,수예,보석십자수,,스팃스,스팃스,,,,N,N,N,,,,http://shop1.phinf.naver.net/20260529_21/17800659271381dUAa_PNG/56527272929782118_900296104.png,,,,Y,2023-02-22 10:52:38,2026-05-29 23:46:22,
,8056367045,,스팃스 크로바 36 192 재단 가위 21cm 블랙 천 가위 수선 재단용 도구,스마트스토어,,,판매중,전시중,9997,43000,43000,,,N,N,N,,,,,1.0%,0,0,0,0,0,,,,오늘출발,"평일 16시00분까지 결제 완료된 주문

",기본 배송비 묶음그룹,조건부 무료,선결제,3000,3000,6000,N,Y,-,85600867368,,,,,,,가구/인테리어,수예,수예용품/부자재,,,,,,,N,N,N,,,,http://shop1.phinf.naver.net/20230209_227/1675910109017VSdWd_JPEG/3212792887142297_1112095531.jpg,,,,Y,2023-02-09 11:37:55,2026-02-13 16:57:44,
,7937484305,,스팃스 보석십자수 서랍형 다용도 트레이 정리함 보석십자수정리 악세사리정리,스마트스토어,,,판매중,전시중,19996,20000,20000,,,Y,N,N,,,,,1.0%,0,0,0,0,0,,,,오늘출발,"평일 16시00분까지 결제 완료된 주문

",기본 배송비 묶음그룹,조건부 무료,선결제,3000,3000,6000,N,Y,-,85481984628,,,,,,,가구/인테리어,수예,수예용품/부자재,,스팃스,스팃스,,,,N,N,N,,,,http://shop1.phinf.naver.net/20230118_45/16740091705126dAsF_JPEG/75144954206677204_1135443693.jpg,,,,Y,2023-01-18 11:33:45,2026-06-17 10:41:33,
,7937474391,,스팃스 DMC 자수실 컬러형 번호 스티커 자수실번호표,스마트스토어,,,판매중,전시중,9977,1500,1500,,,N,N,N,,,,,1.0%,0,0,0,0,0,,,,오늘출발,"평일 16시00분까지 결제 완료된 주문

",기본 배송비 묶음그룹,조건부 무료,선결제,3000,3000,6000,N,Y,-,85481974714,,,,,,,가구/인테리어,수예,수예용품/부자재,,스팃스,스팃스,,,,N,N,N,,,,http://shop1.phinf.naver.net/20230118_249/1674009070886Hb9Hp_JPEG/1311754762576452_137250139.jpg,,,,Y,2023-01-18 11:32:00,2026-02-20 12:51:08,
,7937467924,,스팃스 보석십자수 도구 세트 고체풀 멀티펜 트레이 스크래퍼 부자재,스마트스토어,,,판매중,전시중,9997,14900,14900,,,N,N,Y,,,,,1.0%,0,0,0,0,0,,,,오늘출발,"평일 16시00분까지 결제 완료된 주문

",기본 배송비 묶음그룹,조건부 무료,선결제,3000,3000,6000,N,Y,-,85481968247,,,,,,,가구/인테리어,수예,보석십자수,,스팃스,스팃스,,,,N,N,N,,,,http://shop1.phinf.naver.net/20260617_79/1781666948966Fp0Pn_PNG/115799743962163146_1031234848.png,,,,Y,2023-01-18 11:30:43,2026-06-17 12:39:24,
,7795991960,,자수서적 볼록함이 귀여운 입체 자수,스마트스토어,,,판매중지,전시중,3422,14300,14300,,,N,N,N,,,,,1.0%,0,0,0,0,0,,,,오늘출발,"평일 16시00분까지 결제 완료된 주문

",기본 배송비 묶음그룹,조건부 무료,선결제,3000,3000,6000,N,N,-,85340492291,,,,,,,가구/인테리어,수예,기타수예,,,,,,,N,N,N,,,,http://shop1.phinf.naver.net/20170820_258/es84214_1503219828000mBFgu_JPEG/26526128628132842_-233784018.jpg,,,,Y,2022-12-22 23:53:43,2026-02-13 15:33:49,
,7795984319,,자수서적 간단하고 귀여운 파리모양 자수500,스마트스토어,,,판매중지,전시중,2342,20400,20400,,,N,N,N,,,,,1.0%,0,0,0,0,0,,,,오늘출발,"평일 16시00분까지 결제 완료된 주문

",기본 배송비 묶음그룹,조건부 무료,선결제,3000,3000,6000,N,N,-,85340484640,,,,,,,가구/인테리어,수예,기타수예,,,,,,,N,N,N,,,,http://shop1.phinf.naver.net/20170820_105/es84214_1503223566482DAKUV_JPEG/26530760124887707_-471777863.jpg,,,,Y,2022-12-22 23:52:14,2026-02-13 15:33:49,
,7795977289,,자수서적 간단하고 귀여운 파리모양 자수500,스마트스토어,,,판매중지,전시중,2342,20400,20400,,,N,N,N,,,,,1.0%,0,0,0,0,0,,,,오늘출발,"평일 16시00분까지 결제 완료된 주문

",기본 배송비 묶음그룹,조건부 무료,선결제,3000,3000,6000,N,N,-,85340477611,,,,,,,가구/인테리어,수예,기타수예,,,,,,,N,N,N,,,,http://shop1.phinf.naver.net/20170820_105/es84214_1503223566482DAKUV_JPEG/26530760124887707_-471777863.jpg,,,,Y,2022-12-22 23:51:06,2026-02-13 15:33:49,
,7795971652,,자수서적 부케-자수 꽃다발,스마트스토어,,,판매중지,전시중,4323,32000,32000,,,N,N,N,,,,,1.0%,0,0,0,0,0,,,,오늘출발,"평일 16시00분까지 결제 완료된 주문

",기본 배송비 묶음그룹,조건부 무료,선결제,3000,3000,6000,N,N,-,85340471974,,,,,,,가구/인테리어,수예,기타수예,,,,,,,N,N,N,,,,http://shop1.phinf.naver.net/20170820_31/es84214_1503227041666YlqWU_JPEG/26534201283561106_963620244.jpg,,,,Y,2022-12-22 23:49:56,2026-02-13 15:33:49,
,7795965245,,자수서적 아오키 카즈코의 스티치 라이프,스마트스토어,,,판매중,전시중,4543,20400,20400,,,N,N,N,,,,,1.0%,0,0,0,0,0,,,,오늘출발,"평일 16시00분까지 결제 완료된 주문

",기본 배송비 묶음그룹,조건부 무료,선결제,3000,3000,6000,N,N,-,85340465567,,,,,,,가구/인테리어,수예,기타수예,,,,,,,N,N,N,,,,http://shop1.phinf.naver.net/20170820_256/es84214_1503227554039KxdWu_JPEG/26533854666124716_1813113595.jpg,,,,Y,2022-12-22 23:48:25,2026-06-17 10:42:32,
,7795960874,,자수서적 아오키 카즈코의 여행의 자수3 코츠월드와 호수지방의 여행,스마트스토어,,,판매중지,전시중,524,23200,23200,,,N,N,N,,,,,1.0%,0,0,0,0,0,,,,오늘출발,"평일 16시00분까지 결제 완료된 주문

",기본 배송비 묶음그룹,조건부 무료,선결제,3000,3000,6000,N,N,-,85340461196,,,,,,,가구/인테리어,수예,기타수예,,,,,,,N,N,N,,,,http://shop1.phinf.naver.net/20170820_145/es84214_1503229053220zUrrU_JPEG/26536232862623420_1595481513.jpg,,,,Y,2022-12-22 23:47:24,2026-02-13 15:33:49,
,7795956779,,자수서적 설탕처럼 달콤한 자수,스마트스토어,,,판매중지,전시중,4324,16560,16560,,,N,N,N,,,,,1.0%,0,0,0,0,0,,,,오늘출발,"평일 16시00분까지 결제 완료된 주문

",기본 배송비 묶음그룹,조건부 무료,선결제,3000,3000,6000,N,N,-,85340457101,,,,,,,가구/인테리어,수예,기타수예,,,,,,,N,N,N,,,,http://shop1.phinf.naver.net/20171124_34/es84214_1511494710429L8jdE_JPEG/34800675054510710_-596921710.jpg,,,,Y,2022-12-22 23:46:20,2026-02-13 15:33:49,
,7795952563,,처음하는 자수의 원 포인트 스티치 500+120,스마트스토어,,,판매중지,전시중,3423,21000,21000,,,N,N,N,,,,,1.0%,0,0,0,0,0,,,,오늘출발,"평일 16시00분까지 결제 완료된 주문

",기본 배송비 묶음그룹,조건부 무료,선결제,3000,3000,6000,N,N,-,85340452885,,,,,,,가구/인테리어,수예,기타수예,,,,,,,N,N,N,,,,http://shop1.phinf.naver.net/20171124_44/es84214_1511495028413rFrXQ_JPEG/34802208055622729_-1128397844.jpg,,,,Y,2022-12-22 23:45:23,2026-02-13 15:33:49,
,7795946791,,자수서적프랑스자수도안148 토츠카 자수사진집,스마트스토어,,,판매중지,전시중,432424,30500,30500,,,N,N,N,,,,,1.0%,0,0,0,0,0,,,,오늘출발,"평일 16시00분까지 결제 완료된 주문

",기본 배송비 묶음그룹,조건부 무료,선결제,3000,3000,6000,N,N,-,85340447113,,,,,,,가구/인테리어,수예,기타수예,,,,,,,N,N,N,,,,http://shop1.phinf.naver.net/20171124_91/es84214_15114957947039y7Xd_JPEG/34802988345696079_172191869.jpg,,,,Y,2022-12-22 23:44:24,2026-02-13 15:33:49,
,7795940735,,자수서적 선물하고 싶은꽃 장식하고 싶은꽃,스마트스토어,,,판매중,전시중,43242,30500,30500,,,N,N,N,,,,,1.0%,0,0,0,0,0,,,,오늘출발,"평일 16시00분까지 결제 완료된 주문

",기본 배송비 묶음그룹,조건부 무료,선결제,3000,3000,6000,N,N,-,85340441057,,,,,,,가구/인테리어,수예,기타수예,,,,,,,N,N,N,,,,http://shop1.phinf.naver.net/20171124_266/es84214_15114964086813bFW5_JPEG/34803568300710296_-671565859.jpg,,,,Y,2022-12-22 23:43:25,2026-06-16 21:31:33,
,7795932346,,자수서적 파리의 산책도,스마트스토어,,,판매중지,전시중,324342,22700,22700,,,N,N,N,,,,,1.0%,0,0,0,0,0,,,,오늘출발,"평일 16시00분까지 결제 완료된 주문

",기본 배송비 묶음그룹,조건부 무료,선결제,3000,3000,6000,N,N,-,85340432668,,,,,,,가구/인테리어,수예,기타수예,,,,,,,N,N,N,,,,http://shop1.phinf.naver.net/20171124_123/es84214_1511496731844jYMft_JPEG/34803925485668999_-611528963.jpg,,,,Y,2022-12-22 23:42:17,2026-02-13 15:33:49,
,7795926087,,자수서적 귀여운 자수 도안집,스마트스토어,,,판매중,전시중,34242,18500,18500,,,N,N,N,,,,,1.0%,0,0,0,0,0,,,,오늘출발,"평일 16시00분까지 결제 완료된 주문

",기본 배송비 묶음그룹,조건부 무료,선결제,3000,3000,6000,N,N,-,85340426409,,,,,,,가구/인테리어,수예,기타수예,,,,,,,N,N,N,,,,http://shop1.phinf.naver.net/20240318_158/1710741607780MED1r_JPEG/111877387505751127_2136898974.jpg,,,,Y,2022-12-22 23:41:23,2026-06-17 10:43:02,
,7795919140,,자수서적 파리의 아틀리에에서 크로스스티치 260,스마트스토어,,,판매중지,전시중,4314,25000,25000,,,N,N,N,,,,,1.0%,0,0,0,0,0,,,,오늘출발,"평일 16시00분까지 결제 완료된 주문

",기본 배송비 묶음그룹,조건부 무료,선결제,3000,3000,6000,N,N,-,85340419462,,,,,,,가구/인테리어,수예,기타수예,,,,,,,N,N,N,,,,http://shop1.phinf.naver.net/20171215_55/es84214_1513304775926QRlqS_JPEG/36611935544792899_2137487098.jpg,,,,Y,2022-12-22 23:40:16,2026-02-13 15:33:49,
,7795912965,,자수서적 프랑스정원과 꽃 스티치 250,스마트스토어,,,판매중,전시중,43236,24000,24000,,,N,N,N,,,,,1.0%,0,0,0,0,0,,,,오늘출발,"평일 16시00분까지 결제 완료된 주문

",기본 배송비 묶음그룹,조건부 무료,선결제,3000,3000,6000,N,N,-,85340413287,,,,,,,가구/인테리어,수예,기타수예,,,,,,,N,N,N,,,,http://shop1.phinf.naver.net/20171215_140/es84214_1513305962704Ar5vl_JPEG/36613142242874424_-47867690.jpg,,,,Y,2022-12-22 23:39:12,2026-02-13 16:57:44,
,7795907818,,자수서적 파리의알파벳 십자수 380점과 모티브,스마트스토어,,,판매중,전시중,43239,24000,24000,,,N,N,N,,,,,1.0%,0,0,0,0,0,,,,오늘출발,"평일 16시00분까지 결제 완료된 주문

",기본 배송비 묶음그룹,조건부 무료,선결제,3000,3000,6000,N,N,-,85340408140,,,,,,,가구/인테리어,수예,기타수예,,,,,,,N,N,N,,,,http://shop1.phinf.naver.net/20171215_173/es84214_1513329443391rHKVX_JPEG/36635744016551542_-1651706603.jpg,,,,Y,2022-12-22 23:38:18,2026-06-16 21:33:42,
,7795897882,,자수서적 파리의 가게 가게 크로스 스티치 480 점,스마트스토어,,,판매중지,전시중,22426,24000,24000,,,N,N,N,,,,,1.0%,0,0,0,0,0,,,,오늘출발,"평일 16시00분까지 결제 완료된 주문

",기본 배송비 묶음그룹,조건부 무료,선결제,3000,3000,6000,N,N,-,85340398204,,,,,,,가구/인테리어,수예,기타수예,,,,,,,N,N,N,,,,http://shop1.phinf.naver.net/20171215_17/es84214_1513330445578OqYXO_JPEG/36636746201062378_1773534642.jpg,,,,Y,2022-12-22 23:36:57,2026-06-15 19:27:41,
,7795882238,,자수서적 파리의 비스코뉴 십자수 35,스마트스토어,,,판매중,전시중,43241,24000,24000,,,N,N,N,,,,,1.0%,0,0,0,0,0,,,,오늘출발,"평일 16시00분까지 결제 완료된 주문

",기본 배송비 묶음그룹,조건부 무료,선결제,3000,2500,5000,N,N,-,85340382560,,,,,,,가구/인테리어,수예,기타수예,,,,,,,N,N,N,,,,http://shop1.phinf.naver.net/20171215_207/es84214_1513330927277qCKF3_JPEG/36636891899050353_720137232.jpg,,,,Y,2022-12-22 23:34:56,2026-06-16 21:34:27,
,7795865937,,자수서적 Sweet Lovely 십자수 2,스마트스토어,,,판매중,전시중,43240,22000,22000,,,N,N,N,,,,,1.0%,0,0,0,0,0,,,,오늘출발,"평일 16시00분까지 결제 완료된 주문

",기본 배송비 묶음그룹,조건부 무료,선결제,3000,2500,5000,N,N,-,85340366259,,,,,,,가구/인테리어,수예,기타수예,,,,,,,N,N,N,,,,http://shop1.phinf.naver.net/20171215_41/es84214_1513331423876vLLA7_JPEG/36637724501772516_-1761652759.jpg,,,,Y,2022-12-22 23:32:26,2026-06-16 21:35:15,
,7795857354,,자수서적 Sweet & Lovely 십자수,스마트스토어,,,판매중지,전시중,43242,21000,21000,,,N,N,N,,,,,1.0%,0,0,0,0,0,,,,오늘출발,"평일 16시00분까지 결제 완료된 주문

",기본 배송비 묶음그룹,조건부 무료,선결제,3000,2500,5000,N,N,-,85340357676,,,,,,,가구/인테리어,수예,기타수예,,,,,,,N,N,N,,,,http://shop1.phinf.naver.net/20171215_201/es84214_151333251716595TbI_JPEG/36639696807930905_2008027759.jpg,,,,Y,2022-12-22 23:30:50,2026-02-13 15:33:49,
,7795842083,,자수서적 오노메구미의 십자수 정원과 소녀,스마트스토어,,,판매중,전시중,341,18700,18700,,,N,N,N,,,,,1.0%,0,0,0,0,0,,,,오늘출발,"평일 16시00분까지 결제 완료된 주문

",기본 배송비 묶음그룹,조건부 무료,선결제,3000,2500,5000,N,N,-,85340342405,,,,,,,가구/인테리어,수예,기타수예,,,,,,,N,N,N,,,,http://shop1.phinf.naver.net/20171215_195/es84214_15133332809385xKeO_JPEG/36639581566317110_1426024719.jpg,,,,Y,2022-12-22 23:27:58,2026-06-16 21:36:00,
,7058148796,,스팃스 NEW 투명 하트 막대 보빈 케이스,스마트스토어,,,판매중,전시중,999974,9000,9000,,,N,N,N,,,,,1.0%,0,0,0,0,0,,,,오늘출발,"평일 16시00분까지 결제 완료된 주문

",기본 배송비 묶음그룹,조건부 무료,선결제,3000,3000,6000,N,Y,-,84602649118,,,,,,,가구/인테리어,수예,수예용품/부자재,,스팃스,스팃스,,,,N,N,N,,,,https://shop-phinf.pstatic.net/20220818_16/16608005543289bTaQ_JPEG/61936450062931476_685777464.jpg,,,,Y,2022-08-18 14:29:50,2026-02-20 12:51:08,
,7058138751,,스팃스 NEW 투명 하트 막대 보빈 10개 자수실정리,스마트스토어,,,판매중,전시중,99916,1500,1500,,,N,N,N,,,,,1.0%,0,0,0,0,0,,,,오늘출발,"평일 16시00분까지 결제 완료된 주문

",기본 배송비 묶음그룹,조건부 무료,선결제,3000,3000,6000,N,Y,-,84602639073,,,,,,,가구/인테리어,수예,수예용품/부자재,,스팃스,스팃스,,,,N,N,N,,,,https://shop-phinf.pstatic.net/20220818_99/1660800368663HxaFi_JPEG/61936257372679575_1155769360.jpg,,,,Y,2022-08-18 14:26:49,2026-02-20 12:51:08,
,7015991443,,스팃스 크로바 57 709 피코 콤 스몰 태팅레이스 도구 피코게이지 간격 조절,스마트스토어,,,판매중,전시중,9998,19800,19800,,,N,N,N,,,,,1.0%,0,0,0,0,0,,,,오늘출발,"평일 16시00분까지 결제 완료된 주문

",기본 배송비 묶음그룹,조건부 무료,선결제,3000,3000,6000,N,Y,-,84560491765,,,,,,,가구/인테리어,수예,수예용품/부자재,,,,,,,N,N,N,,,,http://shop1.phinf.naver.net/20220808_247/1659939846684lKjs6_JPEG/61075630402706849_80579570.jpg,,,,Y,2022-08-08 15:24:44,2026-02-13 16:57:44,
,7015988937,,스팃스 크로바 57 708 피코 콤 라지 태팅레이스 도구 피코게이지 간격 조절,스마트스토어,,,판매중,전시중,9999,19800,19800,,,N,N,N,,,,,1.0%,0,0,0,0,0,,,,오늘출발,"평일 16시00분까지 결제 완료된 주문

",기본 배송비 묶음그룹,조건부 무료,선결제,3000,3000,6000,N,Y,-,84560489259,,,,,,,가구/인테리어,수예,수예용품/부자재,,,,,,,N,N,N,,,,http://shop1.phinf.naver.net/20220808_23/1659939787922ixuel_JPEG/61075676629293511_1873439784.jpg,,,,Y,2022-08-08 15:23:35,2026-06-17 10:43:33,
,7015901749,,스팃스 57 590 크로바  다닝 실세트 2 핑크케이스 자수실세트 십자수실,스마트스토어,,,판매중지,전시중,9997,26400,26400,,,N,N,N,,,,,1.0%,0,0,0,0,0,,,,오늘출발,"평일 16시00분까지 결제 완료된 주문

",기본 배송비 묶음그룹,조건부 무료,선결제,3000,3000,6000,N,Y,-,84560402071,,,,,,,가구/인테리어,수예,자수,실/바늘,크로바,크로바,,,,N,N,N,,,,https://shop-phinf.pstatic.net/20220808_211/1659938187717aLaAP_JPEG/61074015547391589_248812369.jpg,,,,Y,2022-08-08 14:57:01,2026-05-29 12:35:27,
,7015896526,,스팃스 57 589 크로바  다닝 실세트 1  블루케이스 자수실세트 십자수실,스마트스토어,,,판매중,전시중,9997,26400,26400,,,N,N,N,,,,,1.0%,0,0,0,0,0,,,,오늘출발,"평일 16시00분까지 결제 완료된 주문

",기본 배송비 묶음그룹,조건부 무료,선결제,3000,3000,6000,N,Y,-,84560396848,,,,,,,가구/인테리어,수예,자수,실/바늘,크로바,크로바,270,,,N,N,N,,,,https://shop-phinf.pstatic.net/20220808_48/1659938116666cSVPM_JPEG/61073959383278378_780414685.jpg,,,,Y,2022-08-08 14:55:53,2026-06-17 10:44:05,
,6933322780,,스팃스 황금 연꽃 불상 보석십자수 도안형 DIY 키트 마음평화 기도용,스마트스토어,,,판매중,전시중,9999,25000,25000,,,N,N,N,,,,,1.0%,0,0,0,0,0,,,,오늘출발,"평일 16시00분까지 결제 완료된 주문

",기본 배송비 묶음그룹,무료,,0,3000,6000,N,Y,-,84477823102,,,,,,,가구/인테리어,수예,보석십자수,,스팃스,스팃스,,,,N,N,N,,,,http://shop1.phinf.naver.net/20260529_129/1780066130762I9q9U_PNG/97810579969201413_1504851629.png,,,,Y,2022-07-19 11:02:03,2026-06-17 10:44:39,
,6808099028,,창가의 등나무 의자 실 십자수 패키지 도안 실 원단 포함 풀세트,스마트스토어,,,판매중지,전시중,9999,28000,28000,,,N,N,N,,,,,1.0%,0,0,0,0,0,,,,오늘출발,"평일 16시00분까지 결제 완료된 주문

",기본 배송비 묶음그룹,조건부 무료,선결제,2500,2500,2500,N,Y,-,84352599350,,,,,,,가구/인테리어,수예,자수,패키지,자체제작,자체브랜드,,,,N,N,N,,,,http://shop1.phinf.naver.net/20220617_8/1655445185353KrALa_JPEG/56581074063888747_1221404592.jpg,,,,Y,2022-06-17 14:53:31,2026-02-13 15:33:49,
,6799359400,,할머니의 마법 지우개 얼룩제거제,스마트스토어,,,판매중지,전시중,9997,11900,11900,,,N,N,N,,,,,1.0%,0,0,0,0,0,,,,오늘출발,"평일 16시00분까지 결제 완료된 주문

",기본 배송비 묶음그룹,조건부 무료,선결제,3000,3000,6000,N,Y,-,84343859722,,,,,,,가구/인테리어,수예,수예용품/부자재,,자체제작,자체브랜드,,,,N,N,N,,,,http://shop1.phinf.naver.net/20220615_291/1655258742942tbPTx_JPEG/56394638419215871_1558372796.jpg,,,,Y,2022-06-15 11:06:23,2026-02-13 15:33:49,
,6739840142,,스팃스 나비와 해바라기 캔버스 판넬 액자 보석십자수 DIY 키트 40x50cm,스마트스토어,,,판매중,전시중,9998,21800,21800,,,N,N,N,,,,,1.0%,0,0,0,0,0,,28칸비즈케이스증정,,오늘출발,"평일 16시00분까지 결제 완료된 주문

",기본 배송비 묶음그룹,무료,,0,3000,6000,N,Y,-,84284340499,,,,,,,가구/인테리어,수예,보석십자수,,스팃스,스팃스,,,,N,N,N,,,,http://shop1.phinf.naver.net/20220531_8/1653960175039LLB74_JPEG/55096009854491000_2040584866.jpg,,,,Y,2022-05-31 10:23:19,2026-06-17 10:45:16,
,6739838964,,스팃스 달빛 아름다운 소녀 캔버스 판넬 액자 보석십자수 DIY 키트 40x50cm,스마트스토어,,,판매중,전시중,99997,21800,21800,,,N,N,N,,,,,1.0%,0,0,0,0,0,,28칸비즈케이스증정,,오늘출발,"평일 16시00분까지 결제 완료된 주문

",기본 배송비 묶음그룹,무료,,0,3000,6000,N,Y,-,84284339286,,,,,,,가구/인테리어,수예,보석십자수,,스팃스,스팃스,,,,N,N,N,,,,http://shop1.phinf.naver.net/20220531_96/1653960119316HdVHn_JPEG/55095953913022191_1356307392.jpg,,,,Y,2022-05-31 10:22:25,2026-04-29 18:24:29,
,6739837663,,스팃스 천사 유니콘 캔버스 판넬 액자 보석십자수 DIY 키트 40x50cm,스마트스토어,,,판매중,전시중,9999,21800,21800,,,N,N,N,,,,,1.0%,0,0,0,0,0,,28칸비즈케이스증정,,오늘출발,"평일 16시00분까지 결제 완료된 주문

",기본 배송비 묶음그룹,무료,,0,3000,6000,N,Y,-,84284337985,,,,,,,가구/인테리어,수예,보석십자수,,스팃스,스팃스,,,,N,N,N,,,,http://shop1.phinf.naver.net/20260429_5/1777454712803G1iPj_PNG/49422202857796178_970555305.png,,,,Y,2022-05-31 10:21:25,2026-06-17 10:46:26,
,6739836185,,스팃스 행운을 부르는 청사과 캔버스 판넬 액자 보석십자수 DIY 키트 40x50cm,스마트스토어,,,판매중,전시중,99997,21800,21800,,,N,N,N,,,,,1.0%,0,0,0,0,0,,28칸비즈케이스증정,,오늘출발,"평일 16시00분까지 결제 완료된 주문

",기본 배송비 묶음그룹,무료,,0,3000,6000,N,Y,-,84284336507,,,,,,,가구/인테리어,수예,보석십자수,,스팃스,스팃스,,,,N,N,N,,,,http://shop1.phinf.naver.net/20220531_93/1653959988729x9xOo_JPEG/55095823420132348_1400038275.jpg,,,,Y,2022-05-31 10:20:25,2026-06-17 10:47:03,
,6679342665,,스팃스 독일 쯔바이 18ct 십자수원단 금사 은사 원단  1마 90cmx130cm 18카운트,스마트스토어,,,판매중,전시중,999,31900,31900,,,Y,N,N,,,,,1.0%,0,0,0,0,0,,,,오늘출발,"평일 16시00분까지 결제 완료된 주문

",기본 배송비 묶음그룹,조건부 무료,선결제,3000,3000,6000,N,Y,-,84223842987,,,,,,,가구/인테리어,수예,원단,,,,,,,N,N,N,,,,http://shop1.phinf.naver.net/20220516_75/1652682783772BQUI3_JPEG/53818672473403742_1379118023.jpg,,,,Y,2022-05-16 15:34:09,2026-06-17 10:47:38,
,6650964118,,스팃스 강아지와 해바라기 캔버스 판넬 액자 보석십자수 DIY 키트 40x50cm,스마트스토어,,,판매중,전시중,9999,21800,21800,,,N,N,N,,,,,1.0%,0,0,0,0,0,,28칸비즈케이스증정,,오늘출발,"평일 16시00분까지 결제 완료된 주문

",기본 배송비 묶음그룹,무료,,0,3000,6000,N,Y,-,84195464440,,,,,,,가구/인테리어,수예,보석십자수,,스팃스,스팃스,,,,N,N,N,,,,http://shop1.phinf.naver.net/20220509_78/1652074226394qdX30_JPEG/53210060961722879_2003193306.jpg,,,,Y,2022-05-09 14:31:04,2026-04-29 20:17:16,
,6650950953,,스팃스 행운을 부르는 홍사과 캔버스 판넬 액자 보석십자수 DIY 키트 40x50cm,스마트스토어,,,판매중,전시중,997,21800,21800,,,N,N,N,,,,,1.0%,0,0,0,0,0,,28칸비즈케이스증정,,오늘출발,"평일 16시00분까지 결제 완료된 주문

",기본 배송비 묶음그룹,무료,,0,3000,6000,N,Y,-,84195451275,,,,,,,가구/인테리어,수예,보석십자수,,스팃스,스팃스,,,,N,N,N,,,,http://shop1.phinf.naver.net/20220509_273/1652073793569vjy9U_JPEG/53209627346208551_1728569035.jpg,,,,Y,2022-05-09 14:23:38,2026-04-29 19:35:54,
,6650949021,,스팃스 해바라기와 고양이 캔버스 판넬 액자 보석십자수 DIY 키트 40x50cm,스마트스토어,,,판매중,전시중,9999,21800,21800,,,N,N,N,,,,,1.0%,0,0,0,0,0,,28칸비즈케이스증정,,오늘출발,"평일 16시00분까지 결제 완료된 주문

",기본 배송비 묶음그룹,무료,,0,3000,6000,N,Y,-,84195449343,,,,,,,가구/인테리어,수예,보석십자수,,스팃스,스팃스,,,,N,N,N,,,,http://shop1.phinf.naver.net/20220509_276/1652073730784sqJSK_JPEG/53209564194351251_1239629735.jpg,,,,Y,2022-05-09 14:22:38,2026-06-17 10:48:14,
,6650947430,,스팃스 초원위의 예수님 캔버스 판넬 액자 보석십자수 DIY 키트 40x50cm,스마트스토어,,,판매중,전시중,9994,21800,21800,,,N,N,Y,,,,,1.0%,0,0,0,0,0,,28칸비즈케이스증정,,오늘출발,"평일 16시00분까지 결제 완료된 주문

",기본 배송비 묶음그룹,무료,,0,3000,6000,N,Y,-,84195447752,,,,,,,가구/인테리어,수예,보석십자수,,스팃스,스팃스,,,,N,N,N,,,,https://shop-phinf.pstatic.net/20220509_3/16520736659233rxIj_JPEG/53209499715067318_239636209.jpg,,,,Y,2022-05-09 14:21:34,2026-06-17 10:50:42,
,6650946048,,스팃스 아기예수 탄생 캔버스 판넬 액자 보석십자수 DIY 키트 40x50cm,스마트스토어,,,판매중,전시중,9995,21800,21800,,,N,N,N,,,,,1.0%,0,0,0,0,0,,28칸비즈케이스증정,,오늘출발,"평일 16시00분까지 결제 완료된 주문

",기본 배송비 묶음그룹,무료,,0,3000,6000,N,Y,-,84195446370,,,,,,,가구/인테리어,수예,보석십자수,,스팃스,스팃스,,,,N,N,N,,,,http://shop1.phinf.naver.net/20220509_156/1652073599573R4IJk_JPEG/53209433135121475_547161143.jpg,,,,Y,2022-05-09 14:20:32,2026-02-20 12:51:08,
,6650941556,,스팃스 금꽃 화병 금전수 캔버스 판넬 액자 보석십자수 DIY 키트 40x50cm,스마트스토어,,,판매중,전시중,9999,21800,21800,,,N,N,N,,,,,1.0%,0,0,0,0,0,,28칸비즈케이스증정,,오늘출발,"평일 16시00분까지 결제 완료된 주문

",기본 배송비 묶음그룹,무료,,0,3000,6000,N,Y,-,84195441878,,,,,,,가구/인테리어,수예,보석십자수,,스팃스,스팃스,,,,N,N,N,,,,http://shop1.phinf.naver.net/20220509_131/1652073444865QTPIk_JPEG/53209290564322600_93322643.jpg,,,,Y,2022-05-09 14:17:48,2026-06-17 10:53:50,
,6650940090,,스팃스 로맨틱 벚꽃 여행 캔버스 판넬 액자 보석십자수 DIY 키트 40x50cm,스마트스토어,,,판매중,전시중,9999,21800,21800,,,N,N,N,,,,,1.0%,0,0,0,0,0,,28칸비즈케이스증정,,오늘출발,"평일 16시00분까지 결제 완료된 주문

",기본 배송비 묶음그룹,무료,,0,3000,6000,N,Y,-,84195440412,,,,,,,가구/인테리어,수예,보석십자수,,스팃스,스팃스,,,,N,N,N,,,,http://shop1.phinf.naver.net/20220509_66/1652073380871v9bJY_JPEG/53209226334295831_691529802.jpg,,,,Y,2022-05-09 14:16:49,2026-05-03 15:58:29,
,6650936631,,스팃스 소녀의 기도 캔버스 판넬 액자 보석십자수 DIY 키트 40x50cm,스마트스토어,,,판매중,전시중,9999,21800,21800,,,N,N,N,,,,,1.0%,0,0,0,0,0,,28칸비즈케이스증정,,오늘출발,"평일 16시00분까지 결제 완료된 주문

",기본 배송비 묶음그룹,무료,,0,3000,6000,N,Y,-,84195436953,,,,,,,가구/인테리어,수예,보석십자수,,스팃스,스팃스,,,,N,N,N,,,,http://shop1.phinf.naver.net/20220509_144/1652073197196bSH2E_JPEG/53209042894602338_377788107.jpg,,,,Y,2022-05-09 14:14:58,2026-05-05 17:17:23,
,6506313367,,스팃스 스냅 단추 플라이어 세트 똑딱이 단추 달기,스마트스토어,,,판매중,전시중,9998,24000,24000,,,N,N,N,,,,,1.0%,0,0,0,0,0,,,,오늘출발,"평일 16시00분까지 결제 완료된 주문

",기본 배송비 묶음그룹,조건부 무료,선결제,3000,3000,6000,N,Y,-,84050813700,,,,,,,가구/인테리어,수예,수예용품/부자재,,스팃스,스팃스,,,,N,N,N,,,,http://shop1.phinf.naver.net/20220405_14/1649123029565OWCnL_JPEG/50258813195908618_400608371.jpg,,,,Y,2022-04-05 10:45:45,2026-06-17 10:55:46,
,6501767692,,스팃스 보빈함포함 25색상 세트 두꺼운실 바느질 가죽공예실,스마트스토어,,,판매중,전시중,2997,16000,16000,,,Y,N,N,,,,,1.0%,0,0,0,0,0,,,,오늘출발,"평일 16시00분까지 결제 완료된 주문

",기본 배송비 묶음그룹,조건부 무료,선결제,3000,3000,6000,N,Y,-,84046268025,,,,,,,가구/인테리어,수예,자수,실/바늘,스팃스,스팃스,,,,N,N,N,,,,http://shop1.phinf.naver.net/20220404_283/1649037206932lB6Uf_JPEG/50173049619415526_1814343837.jpg,,,,Y,2022-04-04 10:54:13,2026-02-20 12:51:08,
,6501756472,,스팃스 가죽공예 도구 스타터 세트,스마트스토어,,,판매중,전시중,9999,36000,36000,,,N,N,N,,,,,1.0%,0,0,0,0,0,,,,오늘출발,"평일 16시00분까지 결제 완료된 주문

",기본 배송비 묶음그룹,조건부 무료,선결제,3000,3000,6000,N,Y,-,84046256805,,,,,,,가구/인테리어,수예,수예용품/부자재,,스팃스,스팃스,,,,N,N,N,,,,http://shop1.phinf.naver.net/20220404_133/1649036952478NDjst_JPEG/50172732198285929_1592812071.jpg,,,,Y,2022-04-04 10:50:06,2026-06-17 10:56:19,
,6501746268,,스팃스 대형 방안자 6개세트 눈금 시접자 휘어지는자,스마트스토어,,,판매중,전시중,9998,23000,23000,,,N,N,N,,,,,1.0%,0,0,0,0,0,,,,오늘출발,"평일 16시00분까지 결제 완료된 주문

",기본 배송비 묶음그룹,조건부 무료,선결제,3000,3000,6000,N,Y,-,84046246601,,,,,,,가구/인테리어,수예,수예용품/부자재,,스팃스,스팃스,,,,N,N,N,,,,https://shop-phinf.pstatic.net/20220404_118/1649036775471BURAQ_JPEG/50172554908204907_1764954751.jpg,,,,Y,2022-04-04 10:46:54,2026-06-16 21:48:50,
,6473478561,,스팃스 고쿠요 미끄럼 방지 골무 사무용골무,스마트스토어,,,판매중,전시중,19987,2000,2000,,,Y,N,N,,,,,1.0%,0,0,0,0,0,,,,오늘출발,"평일 16시00분까지 결제 완료된 주문

",기본 배송비 묶음그룹,조건부 무료,선결제,3000,3000,6000,N,Y,-,84017978894,,,,,,,가구/인테리어,수예,수예용품/부자재,,,,,,,N,N,N,,,,http://shop1.phinf.naver.net/20220329_56/1648517667312RgcDE_JPEG/49653495135349406_767814023.jpg,,,,Y,2022-03-29 10:36:07,2026-04-15 17:37:33,
,6473470678,,스팃스 가죽공예용 가죽 이니셜 펀칭 스템프 이니셜 각인도구 가죽이니셜,스마트스토어,,,판매중,전시중,1995,20000,20000,,,Y,N,N,,,,,1.0%,0,0,0,0,0,,,,오늘출발,"평일 16시00분까지 결제 완료된 주문

",기본 배송비 묶음그룹,조건부 무료,선결제,3000,3000,6000,N,Y,-,84017971011,,,,,,,가구/인테리어,수예,수예용품/부자재,,스팃스,스팃스,,,,N,N,N,,,,http://shop1.phinf.naver.net/20230330_234/1680151838730Cs3Aa_JPEG/81287672545282608_577257223.jpg,,,,Y,2022-03-29 10:33:08,2026-02-20 12:51:08,
,6473461036,,스팃스 skc 로터리 커터 28mm,스마트스토어,,,판매중,전시중,9999,10000,10000,,,N,N,N,,,,,1.0%,0,0,0,0,0,,,,오늘출발,"평일 16시00분까지 결제 완료된 주문

",기본 배송비 묶음그룹,조건부 무료,선결제,3000,3000,6000,N,Y,-,84017961369,,,,,,,가구/인테리어,수예,수예용품/부자재,,,,,,,N,N,N,,,,http://shop1.phinf.naver.net/20220329_210/16485173447168DlmT_JPEG/49653178474440158_1299378349.jpg,,,,Y,2022-03-29 10:29:35,2026-02-13 16:57:44,
,6473457816,,스팃스 skc 로터리 커터 45mm,스마트스토어,,,판매중,전시중,9999,12000,12000,,,N,N,N,,,,,1.0%,0,0,0,0,0,,,,오늘출발,"평일 16시00분까지 결제 완료된 주문

",기본 배송비 묶음그룹,조건부 무료,선결제,3000,3000,6000,N,Y,-,84017958149,,,,,,,가구/인테리어,수예,수예용품/부자재,,,,,,,N,N,N,,,,http://shop1.phinf.naver.net/20220329_36/1648517257040ucpE3_JPEG/49653090857376076_1387890285.jpg,,,,Y,2022-03-29 10:28:23,2026-02-13 16:57:44,
,6458049984,,스팃스 금빛 장미 2송이 보석십자수 도안형 DIY 키트 재물운,스마트스토어,,,판매중,전시중,9999,19000,19000,,,N,N,N,,,,,1.0%,0,0,0,0,0,,,,오늘출발,"평일 16시00분까지 결제 완료된 주문

",기본 배송비 묶음그룹,무료,,0,2500,5000,N,Y,-,84002550317,,,,,,,가구/인테리어,수예,보석십자수,,스팃스,스팃스,,,,N,N,N,,,,http://shop1.phinf.naver.net/20260530_160/1780080024077Uupsv_PNG/1440475206270891_1407279352.png,,,,Y,2022-03-25 15:10:16,2026-06-16 22:03:19,
,6458045529,,스팃스 57 832 크로바 태팅셔틀 곡선형 태팅레이스 ,스마트스토어,,,판매중,전시중,9800,9800,9800,,,N,N,N,,,,,1.0%,0,0,0,0,0,,,,오늘출발,"평일 16시00분까지 결제 완료된 주문

",기본 배송비 묶음그룹,조건부 무료,선결제,3000,3000,6000,N,Y,-,84002545862,,,,,,,가구/인테리어,수예,수예용품/부자재,,,,,,,N,N,N,,,,http://shop1.phinf.naver.net/20220325_299/16481883657839IkWN_JPEG/49324200043121607_2069871229.jpg,,,,Y,2022-03-25 15:08:18,2026-02-13 16:57:44,
,6444466030,,스팃스 가죽공예 이니셜 각인 투명 문자 펀칭기,스마트스토어,,,판매중,전시중,9997,9800,9800,,,N,N,N,,,,,1.0%,0,0,0,0,0,,,,오늘출발,"평일 16시00분까지 결제 완료된 주문

",기본 배송비 묶음그룹,조건부 무료,선결제,3000,3000,6000,N,Y,-,83988966363,,,,,,,생활/건강,문구/사무용품,문구용품,펀치,스팃스,스팃스,,,,N,N,N,,,,http://shop1.phinf.naver.net/20220322_51/1647915190037D5jYg_JPEG/49050973748158129_1760860589.jpg,,,,Y,2022-03-22 11:14:00,2026-02-20 12:51:08,
,6444455024,,스팃스 꽃밭의 부엉이 가족 캔버스 판넬 액자 보석십자수 DIY 키트 40x50cm,스마트스토어,,,판매중,전시중,9999,21800,21800,,,N,N,N,,,,,1.0%,0,0,0,0,0,,28칸비즈케이스증정,,오늘출발,"평일 16시00분까지 결제 완료된 주문

",기본 배송비 묶음그룹,무료,,0,3000,6000,N,Y,-,83988955357,,,,,,,가구/인테리어,수예,보석십자수,,스팃스,스팃스,,,,N,N,N,,,,http://shop1.phinf.naver.net/20260503_46/1777798527462u14bL_JPEG/32352056236996272_1601582417.jpg,,,,Y,2022-03-22 11:11:01,2026-05-03 17:58:10,
,6444449237,,스팃스 행복의 벚꽃길 캔버스 판넬 액자 보석십자수 DIY 키트 40x50cm,스마트스토어,,,판매중,전시중,9999,21800,21800,,,N,N,N,,,,,1.0%,0,0,0,0,0,,28칸비즈케이스증정,,오늘출발,"평일 16시00분까지 결제 완료된 주문

",기본 배송비 묶음그룹,무료,,0,3000,6000,N,Y,-,83988949570,,,,,,,가구/인테리어,수예,보석십자수,,스팃스,스팃스,,,,N,N,N,,,,http://shop1.phinf.naver.net/20220322_267/16479149240527Mrbi_JPEG/49050707743011766_1973606517.jpg,,,,Y,2022-03-22 11:09:18,2026-05-03 16:39:37,
,6444444114,,스팃스 화려한 장미 한송이 캔버스 판넬 액자 보석십자수 DIY 키트 40x50cm,스마트스토어,,,판매중,전시중,9999,21800,21800,,,N,N,N,,,,,1.0%,0,0,0,0,0,,28칸비즈케이스증정,,오늘출발,"평일 16시00분까지 결제 완료된 주문

",기본 배송비 묶음그룹,무료,,0,3000,6000,N,Y,-,83988944447,,,,,,,가구/인테리어,수예,보석십자수,,스팃스,스팃스,,,,N,N,N,,,,http://shop1.phinf.naver.net/20220322_154/1647914832939VFO5f_JPEG/49050616632766311_872789942.jpg,,,,Y,2022-03-22 11:07:58,2026-04-30 18:46:20,
,6444427422,,스팃스 아름답게 빛나는 연꽃 2사이즈 보석십자수 도안형 DIY 키트 재물운,스마트스토어,,,판매중,전시중,199997,15000,15000,,,Y,N,N,,,,,1.0%,0,0,0,0,0,,,,오늘출발,"평일 16시00분까지 결제 완료된 주문

",기본 배송비 묶음그룹,무료,,0,3000,6000,N,Y,-,83988927755,,,,,,,가구/인테리어,수예,보석십자수,,스팃스,스팃스,,,,N,N,N,,,,http://shop1.phinf.naver.net/20260529_215/1780066553430eFXzL_PNG/8073201454579699_375858663.png,,,,Y,2022-03-22 11:04:18,2026-05-30 00:29:16,
,6444418722,,스팃스 크리스마스 전경 보석십자수 도안형 DIY 키트 감성 풍경 자수,스마트스토어,,,판매중,전시중,9999,26000,26000,,,N,N,N,,,,,1.0%,0,0,0,0,0,,,,오늘출발,"평일 16시00분까지 결제 완료된 주문

",기본 배송비 묶음그룹,무료,,0,3000,6000,N,Y,-,83988919055,,,,,,,가구/인테리어,수예,보석십자수,,스팃스,스팃스,,,,N,N,N,,,,http://shop1.phinf.naver.net/20260530_79/1780071943890YH4m2_PNG/5039760549316918_1353846916.png,,,,Y,2022-03-22 11:02:43,2026-05-30 01:26:07,
,6444410287,,스팃스 평안 부귀 사군자 보석십자수 도안형 매난국죽 부귀 DIY 키트 풍수 인테리어,스마트스토어,,,판매중,전시중,9997,45000,45000,,,N,N,Y,,,,,1.0%,0,0,0,0,0,,,,오늘출발,"평일 16시00분까지 결제 완료된 주문

",기본 배송비 묶음그룹,무료,,0,2500,2500,N,Y,-,83988910620,,,,,,,가구/인테리어,수예,보석십자수,,스팃스,스팃스,,,,N,N,N,,,,http://shop1.phinf.naver.net/20260529_219/1780066406916rnWsi_PNG/45660856014869080_1295962757.png,,,,Y,2022-03-22 11:01:10,2026-06-16 22:04:49,
,6429011183,,스팃스 핸디 종합 바늘세트 바느질도구 ,스마트스토어,,,판매중,전시중,9998,2500,2500,,,N,N,N,,,,,1.0%,0,0,0,0,0,,,,오늘출발,"평일 16시00분까지 결제 완료된 주문

",기본 배송비 묶음그룹,조건부 무료,선결제,3000,3000,6000,N,Y,-,83973511516,,,,,,,가구/인테리어,수예,수예용품/부자재,,스팃스,스팃스,,,,N,N,N,,,,http://shop1.phinf.naver.net/20220318_47/16475859816252SX2D_JPEG/48721870303616784_737691201.jpg,,,,Y,2022-03-18 15:46:50,2026-02-20 12:51:08,
,6429009490,,스팃스 베스트 니들 손바늘 1호5호 바늘세트  바느질도구 ,스마트스토어,,,판매중,전시중,9999,2500,2500,,,N,N,N,,,,,1.0%,0,0,0,0,0,,,,오늘출발,"평일 16시00분까지 결제 완료된 주문

",기본 배송비 묶음그룹,조건부 무료,선결제,3000,3000,6000,N,Y,-,83973509823,,,,,,,가구/인테리어,수예,수예용품/부자재,,스팃스,스팃스,,,,N,N,N,,,,http://shop1.phinf.naver.net/20220318_240/1647585921170wfxqE_JPEG/48721809621898244_834476617.jpg,,,,Y,2022-03-18 15:45:52,2026-02-20 12:51:08,
,6429006075,,스팃스 베스트 니들 손바늘 1호 2호 바늘세트  바느질도구 ,스마트스토어,,,판매중,전시중,9999,2500,2500,,,N,N,N,,,,,1.0%,0,0,0,0,0,,,,오늘출발,"평일 16시00분까지 결제 완료된 주문

",기본 배송비 묶음그룹,조건부 무료,선결제,3000,3000,6000,N,Y,-,83973506408,,,,,,,가구/인테리어,수예,수예용품/부자재,,스팃스,스팃스,,,,N,N,N,,,,http://shop1.phinf.naver.net/20220318_104/1647585818249cuzrE_JPEG/48721706940547203_413752695.jpg,,,,Y,2022-03-18 15:44:15,2026-02-20 12:51:08,
,6428999081,,스팃스 성모와 아기 보석십자수 도안형 DIY 키트 마음평화 기도용,스마트스토어,,,판매중,전시중,9999,24000,24000,,,N,N,Y,,,,,1.0%,0,0,0,0,0,,,,오늘출발,"평일 16시00분까지 결제 완료된 주문

",기본 배송비 묶음그룹,무료,,0,3000,6000,N,Y,-,83973499414,,,,,,,가구/인테리어,수예,보석십자수,,스팃스,스팃스,,,,N,N,N,,,,http://shop1.phinf.naver.net/20260530_113/1780134234153EqNbT_PNG/114267075364605143_247879288.png,,,,Y,2022-03-18 15:42:10,2026-06-16 22:05:33,
,6428990419,,20cm 탄소강 재단 가위 원단가위 시접가위,스마트스토어,,,판매중,전시중,9995,12000,12000,,,N,N,N,,,,,1.0%,0,0,0,0,0,,,,오늘출발,"평일 16시00분까지 결제 완료된 주문

",기본 배송비 묶음그룹,조건부 무료,선결제,3000,3000,6000,N,Y,-,83973490752,,,,,,,가구/인테리어,수예,수예용품/부자재,,스팃스,스팃스,,,,N,N,N,,,,http://shop1.phinf.naver.net/20220318_86/1647585534559cljcJ_JPEG/48721380274440623_18466199.jpg,,,,Y,2022-03-18 15:39:46,2026-06-16 22:05:44,
,6415141234,,스팃스 불교 반야심경  보석십자수 도안형 DIY 키트 마음평화 기도용,스마트스토어,,,판매중,전시중,99966,38000,38000,,,N,N,Y,,,,,1.0%,0,0,0,0,0,,,,오늘출발,"평일 16시00분까지 결제 완료된 주문

",기본 배송비 묶음그룹,무료,,0,2500,5000,N,Y,-,83959641567,,,,,,,가구/인테리어,수예,보석십자수,,스팃스,스팃스,,,,N,N,N,,,,http://shop1.phinf.naver.net/20260529_166/1780066693800NeRNe_PNG/45661142922223270_985071762.png,,,,Y,2022-03-15 10:52:52,2026-05-30 17:28:27,
,6415137520,,스팃스 예수님의 보살핌 보석십자수 도안형 DIY 키트 마음평화 기도용,스마트스토어,,,판매중,전시중,9999,25000,25000,,,N,N,N,,,,,1.0%,0,0,0,0,0,,,,오늘출발,"평일 16시00분까지 결제 완료된 주문

",기본 배송비 묶음그룹,무료,,0,2500,5000,N,Y,-,83959637853,,,,,,,가구/인테리어,수예,보석십자수,,스팃스,스팃스,,,,N,N,N,,,,http://shop1.phinf.naver.net/20260530_252/1780068785239abxft_PNG/97813234447261720_1184090860.png,,,,Y,2022-03-15 10:50:57,2026-05-30 00:34:17,
,6414969756,,스팃스 skc 사각수틀 클립형 마크라메 프랑스자수 십자수용 5사이즈택1,스마트스토어,,,판매중,전시중,49965,8800,8800,,,Y,N,N,,,,,1.0%,0,0,0,0,0,,,,오늘출발,"평일 16시00분까지 결제 완료된 주문

",기본 배송비 묶음그룹,조건부 무료,선결제,3000,3000,6000,N,Y,-,83959470089,,,,,,,가구/인테리어,수예,수예용품/부자재,,skc,SKC,232607,,,N,N,N,,,,https://shop-phinf.pstatic.net/20220315_211/1647306085347oPsWn_JPEG/48441919163631995_1201977453.jpg,,,,Y,2022-03-15 10:22:11,2026-06-16 22:06:19,
,6372358860,,일본서적 십자수로 즐기는 12개월 계절의 리스 자수,스마트스토어,,,판매중,전시중,99799,19500,19500,,,N,N,N,,,,,1.0%,0,0,0,0,0,,,,오늘출발,"평일 16시00분까지 결제 완료된 주문

",기본 배송비 묶음그룹,조건부 무료,선결제,3000,3000,6000,N,Y,-,83916859193,,,,,,,가구/인테리어,수예,자수,도안,,,,,,N,N,N,,,,http://shop1.phinf.naver.net/20220304_287/1646375510850yt3Pr_JPEG/47511406542995040_736894079.jpg,,,,Y,2022-03-04 15:32:34,2026-02-13 16:57:44,
,6372353562,,일본서적 십자수로 즐기는 12개월 사계절을 물들이는 자수,스마트스토어,,,판매중,전시중,99998,19500,19500,,,N,N,N,,,,,1.0%,0,0,0,0,0,,,,오늘출발,"평일 16시00분까지 결제 완료된 주문

",기본 배송비 묶음그룹,조건부 무료,선결제,3000,3000,6000,N,Y,-,83916853895,,,,,,,가구/인테리어,수예,자수,도안,기타,기타,,,,N,N,N,,,,https://shop-phinf.pstatic.net/20220304_137/1646375388697TavBm_JPEG/47511284403495459_33465582.jpg,,,,Y,2022-03-04 15:30:53,2026-06-16 22:06:40,
,6372349390,,일본서적 십자수로 즐기는 앤틱 무늬 타일,스마트스토어,,,판매중,전시중,99798,19500,19500,,,N,N,N,,,,,1.0%,0,0,0,0,0,,,,오늘출발,"평일 16시00분까지 결제 완료된 주문

",기본 배송비 묶음그룹,조건부 무료,선결제,3000,3000,6000,N,Y,-,83916849723,,,,,,,가구/인테리어,수예,자수,도안,,,,,,N,N,N,,,,http://shop1.phinf.naver.net/20220304_277/1646375310467XntPv_JPEG/47511206161443556_2119730550.jpg,,,,Y,2022-03-04 15:29:07,2026-02-13 16:57:44,
,6372342749,,일본서적 장식할수 있는 미니 액자 십자수,스마트스토어,,,판매중,전시중,9998,21500,21500,,,N,N,N,,,,,1.0%,0,0,0,0,0,,,,오늘출발,"평일 16시00분까지 결제 완료된 주문

",기본 배송비 묶음그룹,조건부 무료,선결제,3000,3000,6000,N,Y,-,83916843082,,,,,,,가구/인테리어,수예,자수,도안,,,,,,N,N,N,,,,http://shop1.phinf.naver.net/20220304_135/1646374803216WHfch_JPEG/47510648910522702_63163380.jpg,,,,Y,2022-03-04 15:26:38,2026-02-13 16:57:44,
,6371619943,,스팃스 월드맵북유럽 스타일 인테리어 커트지 80cmx60cm 인테리어원단,스마트스토어,,,판매중,전시중,99998,12000,12000,,,N,N,N,,,,,1.0%,0,0,0,0,0,,,,오늘출발,"평일 16시00분까지 결제 완료된 주문

",기본 배송비 묶음그룹,조건부 무료,선결제,3000,3000,6000,N,Y,-,83916120276,,,,,,,가구/인테리어,수예,원단,,스팃스,스팃스,,,,N,N,N,,,,https://shop-phinf.pstatic.net/20220304_36/16463576559865pSmQ_JPEG/47493498696543345_1942235456.jpg,,,,Y,2022-03-04 10:35:07,2026-02-20 12:51:08,
,6354506771,,스팃스 57 550 크로바 대형 수틀 30cm 두꺼운수틀 자수틀,스마트스토어,,,판매중,전시중,9998,45500,45500,,,N,N,N,,,,,1.0%,0,0,0,0,0,,,,오늘출발,"평일 16시00분까지 결제 완료된 주문

",기본 배송비 묶음그룹,조건부 무료,선결제,3000,3000,6000,N,Y,-,83899007092,,,,,,,가구/인테리어,수예,수예용품/부자재,,크로바,크로바,,,,N,N,N,,,,https://shop-phinf.pstatic.net/20220228_136/1646012311049nq4Em_JPEG/47148144851908320_1361789646.jpg,,,,Y,2022-02-28 10:39:16,2026-02-13 16:57:44,
,6337180545,,스팃스 42 020 크로바 점보 코바늘 20mm,스마트스토어,,,판매중,전시중,9996,11600,11600,,,N,N,Y,,,,,1.0%,0,0,0,0,0,,,,오늘출발,"평일 16시00분까지 결제 완료된 주문

",기본 배송비 묶음그룹,조건부 무료,선결제,3000,3000,6000,N,Y,-,83881683034,,,,,,,가구/인테리어,수예,뜨개질,뜨개질바늘,크로바,크로바,,,,N,N,N,,,,https://shop-phinf.pstatic.net/20220223_190/1645582164770vcX3u_JPEG/46717998580797758_783414894.jpg,,,,Y,2022-02-23 11:09:58,2026-06-16 22:07:36,
,6228094160,,크리스마스 양초 십자수 패키지 (도안+원단+실+바늘),스마트스토어,,,판매중지,전시중,9999,22000,22000,,,N,N,N,,,,,1.0%,0,0,0,0,0,,,,오늘출발,"평일 16시00분까지 결제 완료된 주문

",기본 배송비 묶음그룹,조건부 무료,선결제,2500,2500,2500,N,Y,-,83772596649,,,,,,,가구/인테리어,수예,자수,패키지,자체제작,자체브랜드,,,,N,N,N,,,,http://shop1.phinf.naver.net/20220125_60/1643101438995FXOOx_JPEG/44237281709425314_1183502777.jpg,,,,Y,2022-01-25 18:04:26,2026-02-10 15:30:02,
,6228089824,,스팃스 소잉룸 무지원단 실 십자수 패키지 도안 실 원단 포함 풀세트,스마트스토어,,,판매중,전시중,9984,24000,24000,,,N,N,N,,,,,1.0%,0,0,0,0,0,,,,오늘출발,"평일 16시00분까지 결제 완료된 주문

",기본 배송비 묶음그룹,무료,,0,3000,6000,N,Y,-,83772592313,,,,,,,가구/인테리어,수예,자수,패키지,스팃스,스팃스,,,,N,N,N,,,,http://shop1.phinf.naver.net/20220125_100/1643101391193eCunN_JPEG/44237233906971959_1025028841.jpg,,,,Y,2022-01-25 18:03:34,2026-02-20 12:51:08,
,6228083275,,얼음 왕국 십자수 패키지 (도안+원단+실+바늘),스마트스토어,,,판매중지,전시중,9999,28000,28000,,,N,N,N,,,,,1.0%,0,0,0,0,0,,,,오늘출발,"평일 16시00분까지 결제 완료된 주문

",기본 배송비 묶음그룹,조건부 무료,선결제,2500,2500,2500,N,Y,-,83772585764,,,,,,,가구/인테리어,수예,자수,패키지,자체제작,자체브랜드,,,,N,N,N,,,,http://shop1.phinf.naver.net/20220125_255/1643101322206oTw0N_JPEG/44237164913282036_615668725.jpg,,,,Y,2022-01-25 18:02:29,2026-02-10 15:30:02,
,6228077188,,별빛 돌고래 십자수 패키지 (도안+원단+실+바늘),스마트스토어,,,판매중지,전시중,9999,24000,24000,,,N,N,N,,,,,1.0%,0,0,0,0,0,,,,오늘출발,"평일 16시00분까지 결제 완료된 주문

",기본 배송비 묶음그룹,조건부 무료,선결제,2500,2500,2500,N,Y,-,83772579677,,,,,,,가구/인테리어,수예,자수,패키지,자체제작,자체브랜드,,,,N,N,N,,,,http://shop1.phinf.naver.net/20220125_37/1643101254421qIpur_JPEG/44237096512402919_147531136.jpg,,,,Y,2022-01-25 18:01:18,2026-02-10 15:30:02,
,6228072587,,파리 거리 십자수 패키지 (도안+원단+실+바늘),스마트스토어,,,판매중지,전시중,99999,39000,39000,,,N,N,N,,,,,1.0%,0,0,0,0,0,,,,오늘출발,"평일 16시00분까지 결제 완료된 주문

",기본 배송비 묶음그룹,조건부 무료,선결제,2500,2500,2500,N,Y,-,83772575076,,,,,,,가구/인테리어,수예,자수,패키지,자체제작,자체브랜드,,,,N,N,N,,,,http://shop1.phinf.naver.net/20220125_95/16431011883844gzDK_JPEG/44237031084273446_175215437.jpg,,,,Y,2022-01-25 18:00:20,2026-02-10 15:30:02,
,6228058074,,하나미 십자수 패키지 (도안+원단+실+바늘),스마트스토어,,,판매중지,전시중,9999,22000,22000,,,N,N,N,,,,,1.0%,0,0,0,0,0,,,,오늘출발,"평일 16시00분까지 결제 완료된 주문

",기본 배송비 묶음그룹,조건부 무료,선결제,2500,2500,2500,N,Y,-,83772560563,,,,,,,가구/인테리어,수예,자수,패키지,자체제작,자체브랜드,,,,N,N,N,,,,http://shop1.phinf.naver.net/20220125_194/16431010101335inBo_JPEG/44236852831880704_58822591.jpg,,,,Y,2022-01-25 17:57:45,2026-02-10 15:30:02,
,6191484392,,스팃스 57 881 크로바 휴대용 재단매트 원단매트 작업매트,스마트스토어,,,판매중,전시중,9999,12400,12400,,,N,N,N,,,,,1.0%,0,0,0,0,0,,,,오늘출발,"평일 16시00분까지 결제 완료된 주문

",기본 배송비 묶음그룹,조건부 무료,선결제,3000,3000,6000,N,Y,-,83735983969,,,,,,,가구/인테리어,수예,수예용품/부자재,,크로바,크로바,,,,N,N,N,,,,https://shop-phinf.pstatic.net/20220115_56/1642223853023caj8L_JPEG/43359695731141737_908766263.jpg,,,,Y,2022-01-15 14:19:40,2026-06-16 22:07:58,
,6191464611,,스팃스 눈내린 설원마을 캔버스 판넬 액자 보석십자수 DIY 키트 30x40cm,스마트스토어,,,판매중,전시중,9999,16500,16500,,,N,N,N,,,,,1.0%,0,0,0,0,0,,28칸비즈케이스증정,,오늘출발,"평일 16시00분까지 결제 완료된 주문

",기본 배송비 묶음그룹,무료,,0,3000,6000,N,Y,-,83735964188,,,,,,,가구/인테리어,수예,보석십자수,,스팃스,스팃스,,,,N,N,N,,,,http://shop1.phinf.naver.net/20220115_122/1642223626432eWQ14_JPEG/43359469133818159_376350304.jpg,,,,Y,2022-01-15 14:14:45,2026-05-03 20:36:50,
,6191448795,,스팃스 화창한 날의 할로윈 캔버스 판넬 액자 보석십자수 DIY 키트 30x40cm,스마트스토어,,,판매중,전시중,9998,16500,16500,,,N,N,Y,,,,,1.0%,0,0,0,0,0,,28칸비즈케이스증정,,오늘출발,"평일 16시00분까지 결제 완료된 주문

",기본 배송비 묶음그룹,무료,,0,3000,6000,N,Y,-,83735948372,,,,,,,가구/인테리어,수예,보석십자수,,스팃스,스팃스,,,,N,N,N,,,,https://shop-phinf.pstatic.net/20220115_149/1642223411344kz453_JPEG/43359257053297462_803108123.jpg,,,,Y,2022-01-15 14:10:57,2026-06-17 10:58:47,
,6191443610,,스팃스 밤 하늘 설경 캔버스 판넬 액자 보석십자수 DIY 키트 30x40cm,스마트스토어,,,판매중,전시중,9999,16500,16500,,,N,N,N,,,,,1.0%,0,0,0,0,0,,28칸비즈케이스증정,,오늘출발,"평일 16시00분까지 결제 완료된 주문

",기본 배송비 묶음그룹,무료,,0,3000,6000,N,Y,-,83735943187,,,,,,,가구/인테리어,수예,보석십자수,,스팃스,스팃스,,,,N,N,N,,,,http://shop1.phinf.naver.net/20220115_177/16422233295916PiaQ_JPEG/43359175302168850_2091541603.jpg,,,,Y,2022-01-15 14:09:34,2026-05-03 20:48:45,
,6191436732,,스팃스 유럽의 호수풍경 캔버스 판넬 액자 보석십자수 DIY 키트 30x40cm,스마트스토어,,,판매중,전시중,9999,16500,16500,,,N,N,N,,,,,1.0%,0,0,0,0,0,,28칸비즈케이스증정,,오늘출발,"평일 16시00분까지 결제 완료된 주문

",기본 배송비 묶음그룹,무료,,0,3000,6000,N,Y,-,83735936309,,,,,,,가구/인테리어,수예,보석십자수,,스팃스,스팃스,,,,N,N,N,,,,http://shop1.phinf.naver.net/20240722_128/1721619334148Lemvb_JPEG/11000693956972958_1419815152.jpg,,,,Y,2022-01-15 14:07:53,2026-05-03 20:51:43,
,6191429437,,스팃스 모란꽃 캔버스 판넬 액자 보석십자수 DIY 키트 40x50cm,스마트스토어,,,판매중,전시중,9997,21800,21800,,,N,N,N,,,,,1.0%,0,0,0,0,0,,28칸비즈케이스증정,,오늘출발,"평일 16시00분까지 결제 완료된 주문

",기본 배송비 묶음그룹,무료,,0,3000,6000,N,Y,-,83735929014,,,,,,,가구/인테리어,수예,보석십자수,,스팃스,스팃스,,,,N,N,N,,,,http://shop1.phinf.naver.net/20220115_228/1642223085585DvMf9_JPEG/43358931291769451_1626099357.jpg,,,,Y,2022-01-15 14:06:00,2026-05-03 20:50:21,
,6191422561,,스팃스 황금나무 금전수 캔버스 판넬 액자 보석십자수 DIY 키트 40x50cm,스마트스토어,,,판매중,전시중,9978,21800,21800,,,N,N,N,,,,,1.0%,0,0,0,0,0,,28칸비즈케이스증정,,오늘출발,"평일 16시00분까지 결제 완료된 주문

",기본 배송비 묶음그룹,무료,,0,3000,6000,N,Y,-,83735922138,,,,,,,가구/인테리어,수예,보석십자수,,스팃스,스팃스,,,,N,N,N,,,,http://shop1.phinf.naver.net/20220115_101/1642223010301awBR3_JPEG/43358856008544063_1040358384.jpg,,,,Y,2022-01-15 14:04:06,2026-05-03 18:31:08,
,6191416437,,스팃스 힘차게 달리는 돌고래 캔버스 판넬 액자 보석십자수 DIY 키트 40x50cm,스마트스토어,,,판매중,전시중,9997,21800,21800,,,N,N,Y,,,,,1.0%,0,0,0,0,0,,28칸비즈케이스증정,,오늘출발,"평일 16시00분까지 결제 완료된 주문

",기본 배송비 묶음그룹,무료,,0,3000,6000,N,Y,-,83735916014,,,,,,,가구/인테리어,수예,보석십자수,,스팃스,스팃스,,,,N,N,N,,,,https://shop-phinf.pstatic.net/20220115_116/1642222906241riavN_JPEG/43358751744651462_1870588462.jpg,,,,Y,2022-01-15 14:02:26,2026-05-03 18:28:32,
,6191411645,,스팃스 해바라기 부엉이 캔버스 판넬 액자 보석십자수 DIY 키트 40x50cm,스마트스토어,,,판매중,전시중,9997,21800,21800,,,N,N,N,,,,,1.0%,0,0,0,0,0,,28칸비즈케이스증정,,오늘출발,"평일 16시00분까지 결제 완료된 주문

",기본 배송비 묶음그룹,무료,,0,3000,6000,N,Y,-,83735911222,,,,,,,가구/인테리어,수예,보석십자수,,스팃스,스팃스,,,,N,N,N,,,,http://shop1.phinf.naver.net/20220115_201/1642222821140M3E3M_JPEG/43358666576066899_1816698412.jpg,,,,Y,2022-01-15 14:00:57,2026-06-17 10:59:27,
,6191406925,,스팃스 성모 마리아 캔버스 판넬 액자 보석십자수 DIY 키트 40x50cm,스마트스토어,,,판매중,전시중,9992,21800,21800,,,N,N,Y,,,,,1.0%,0,0,0,0,0,,28칸비즈케이스증정,,오늘출발,"평일 16시00분까지 결제 완료된 주문

",기본 배송비 묶음그룹,무료,,0,3000,6000,N,Y,-,83735906502,,,,,,,가구/인테리어,수예,보석십자수,,스팃스,스팃스,,,,N,N,N,,,,http://shop1.phinf.naver.net/20260503_254/1777799386946pTW0Q_PNG/67681868779413607_410817677.png,,,,Y,2022-01-15 13:59:27,2026-06-16 22:09:23,
,6186831806,,스팃스 가와구찌 올풀림 방지액 올스탑 리본 자수 미싱 원단 끝처리 보수액,스마트스토어,,,판매중,전시중,99391,7500,7500,,,N,N,N,,,,,1.0%,0,0,0,0,0,,,,오늘출발,"평일 16시00분까지 결제 완료된 주문

",기본 배송비 묶음그룹,조건부 무료,선결제,3000,3000,6000,N,Y,-,83731331383,,,,,,,가구/인테리어,수예,수예용품/부자재,,가와구찌,가와구찌,,,,N,N,N,,,,https://shop-phinf.pstatic.net/20220114_45/16421251483244qwiu_JPEG/43260982146003732_153976079.jpg,,,,Y,2022-01-14 10:54:03,2026-06-16 22:09:35,
,6142390637,,스팃스 10개세트 자수실 끼우는 도구 자수 실꿰기 실끼우기 도우미 ,스마트스토어,자수실 끼우는 도구/자수 실꿰기/실끼우기 도우미 - 10개,,판매중,전시중,99967,1300,1300,,,N,N,N,,,,,1.0%,0,0,0,0,0,,,,오늘출발,"평일 16시00분까지 결제 완료된 주문

",기본 배송비 묶음그룹,조건부 무료,선결제,3000,3000,6000,N,Y,-,83686890125,,,,,,,가구/인테리어,수예,수예용품/부자재,,스팃스,스팃스,,,,N,N,N,,,,https://shop-phinf.pstatic.net/20211231_122/1640933637663YgKjn_JPEG/42069417381545088_879265177.jpg,,,,Y,2021-12-31 15:55:13,2026-02-20 12:51:08,
,6142379294,,스팃스 화목한 기린 가족 보석십자수 도안형 DIY 키트 감성 풍경 자수,스마트스토어,,,판매중,전시중,99988,25000,25000,,,N,N,N,,,,,1.0%,0,0,0,0,0,,,,오늘출발,"평일 16시00분까지 결제 완료된 주문

",기본 배송비 묶음그룹,무료,,0,3000,6000,N,Y,-,83686878782,,,,,,,가구/인테리어,수예,보석십자수,,스팃스,스팃스,,,,N,N,N,,,,http://shop1.phinf.naver.net/20260530_224/1780068937078zOJVw_PNG/56530282881278437_2061035696.png,,,,Y,2021-12-31 15:52:37,2026-06-16 22:09:58,
,6142373856,,스팃스 연꽃 잉어도 보석십자수 도안형 DIY 키트 재물운,스마트스토어,스팃스 연꽃 잉어도 보석십자수 도안형 DIY 키트 재물운,,판매중,전시중,99998,32000,32000,,,N,N,N,,,,,1.0%,0,0,0,0,0,,,,오늘출발,"평일 16시00분까지 결제 완료된 주문

",기본 배송비 묶음그룹,무료,,0,3000,6000,N,Y,-,83686873344,,,,,,,가구/인테리어,수예,보석십자수,,스팃스,스팃스,,,,N,N,N,,,,http://shop1.phinf.naver.net/20260531_289/1780194808953bwtip_PNG/45789258024259755_1042539302.png,,,,Y,2021-12-31 15:51:16,2026-06-16 22:10:11,
,6142348173,,스팃스 잉어의 유영 보석십자수 도안형 DIY 키트 재물운,스마트스토어,,,판매중,전시중,99999,24000,24000,,,N,N,N,,,,,1.0%,0,0,0,0,0,,,,오늘출발,"평일 16시00분까지 결제 완료된 주문

",기본 배송비 묶음그룹,무료,,0,3000,6000,N,Y,-,83686847661,,,,,,,가구/인테리어,수예,보석십자수,,스팃스,스팃스,,,,N,N,N,,,,http://shop1.phinf.naver.net/20260530_40/1780069098815Fpxdt_PNG/102878809426512441_1868783334.png,,,,Y,2021-12-31 15:44:06,2026-06-16 22:10:23,
,6142341172,,스팃스 학 달마대사 보석십자수 도안형 DIY 키트 마음평화 기도용,스마트스토어,,,판매중,전시중,9998,22000,22000,,,N,N,N,,,,,1.0%,0,0,0,0,0,,,,오늘출발,"평일 16시00분까지 결제 완료된 주문

",기본 배송비 묶음그룹,무료,,0,3000,6000,N,Y,-,83686840660,,,,,,,가구/인테리어,수예,보석십자수,,스팃스,스팃스,,,,N,N,N,,,,http://shop1.phinf.naver.net/20260530_206/1780120842119wKDwT_JPEG/4405602823092630_2068106215.jpg,,,,Y,2021-12-31 15:42:12,2026-05-30 15:02:51,
,6052571976,,스팃스 여인과 파스텔 풍선 보석십자수 도안형 DIY 키트 감성 풍경 자수,스마트스토어,,,판매중,전시중,99999,16000,16000,,,N,N,N,,,,,1.0%,0,0,0,0,0,,,,오늘출발,"평일 16시00분까지 결제 완료된 주문

",기본 배송비 묶음그룹,무료,,0,3000,6000,N,Y,-,83597071465,,,,,,,가구/인테리어,수예,보석십자수,,스팃스,스팃스,,,,N,N,N,,,,http://shop1.phinf.naver.net/20260530_157/1780072007563QaOtQ_PNG/56296981370093600_797996106.png,,,,Y,2021-11-30 11:02:46,2026-05-30 17:31:01,
,6052565280,,스팃스 로맨틱풍선 보석십자수 도안형 DIY 키트 감성 풍경 자수,스마트스토어,스팃스 로맨틱풍선 보석십자수 도안형 DIY 키트 감성 풍경 자수,,판매중,전시중,99999,16000,16000,,,N,N,N,,,,,1.0%,0,0,0,0,0,,,,오늘출발,"평일 16시00분까지 결제 완료된 주문

",기본 배송비 묶음그룹,무료,,0,3000,6000,N,Y,-,83597064768,,,,,,,가구/인테리어,수예,보석십자수,,스팃스,스팃스,,,,N,N,N,,,,http://shop1.phinf.naver.net/20260530_24/1780146626783uToDp_PNG/8182765631061155_1002187922.png,,,,Y,2021-11-30 11:01:29,2026-06-17 11:00:09,
,6052554564,,스팃스 하늘풍선 여행 보석십자수 도안형 DIY 키트 감성 풍경 자수,스마트스토어,,,판매중,전시중,99997,16000,16000,,,N,N,N,,,,,1.0%,0,0,0,0,0,,,,오늘출발,"평일 16시00분까지 결제 완료된 주문

",기본 배송비 묶음그룹,무료,,0,3000,6000,N,Y,-,83597054052,,,,,,,가구/인테리어,수예,보석십자수,,스팃스,스팃스,,,,N,N,N,,,,http://shop1.phinf.naver.net/20260530_4/1780080120997RAy69_PNG/60279734867820045_877629174.png,,,,Y,2021-11-30 10:59:04,2026-05-30 17:32:11,
,6015336464,,스팃스 프랑스자수 도안그리기 전사지 트레이싱페이퍼 수용성심지 DIY,스마트스토어,,,판매중,전시중,299969,3000,3000,,,Y,N,N,,,,,1.0%,0,0,0,0,0,,,,오늘출발,"평일 16시00분까지 결제 완료된 주문

",기본 배송비 묶음그룹,조건부 무료,선결제,3000,3000,6000,N,Y,-,83559836021,,,,,,,가구/인테리어,수예,수예용품/부자재,,스팃스,스팃스,,,,N,N,N,,,,https://shop-phinf.pstatic.net/20211116_172/1637026482064FeeoV_JPEG/38162327589467393_563654006.jpg,,,,Y,2021-11-16 10:49:11,2026-06-16 22:11:17,
,6015299267,,스팃스 NEW 원목 우드 탁상형 후프용수틀 받침대 수틀미포함,스마트스토어,,,판매중,전시중,9987,33000,33000,,,N,N,N,,,,,1.0%,0,0,0,0,0,,,,오늘출발,"평일 16시00분까지 결제 완료된 주문

",기본 배송비 묶음그룹,조건부 무료,선결제,3000,3000,6000,N,Y,-,83559798755,,,,,,,가구/인테리어,수예,수예용품/부자재,,스팃스,스팃스,,,,N,N,N,,,,http://shop1.phinf.naver.net/20211116_125/1637026177978pfLfQ_JPEG/38162023503439193_931422076.jpg,,,,Y,2021-11-16 10:30:43,2026-02-20 12:51:08,
,6015293546,,스팃스 보빈함포함 프랑스자수 면사 자수실 4m 120개 십자수실 자수실세트,스마트스토어,,,판매중,전시중,9999,34500,34500,,,N,N,N,,,,,1.0%,0,0,0,0,0,,,,오늘출발,"평일 16시00분까지 결제 완료된 주문

",기본 배송비 묶음그룹,조건부 무료,선결제,3000,3000,6000,N,Y,-,83559793034,,,,,,,가구/인테리어,수예,수예용품/부자재,,스팃스,스팃스,,,,N,N,N,,,,https://shop-phinf.pstatic.net/20211116_282/1637025766787dhkGv_JPEG/38161655499518228_1566460722.jpg,,,,Y,2021-11-16 10:27:06,2026-02-20 12:51:08,
,6006159524,,스팃스 용맹한 호랑이 캔버스 판넬 액자 보석십자수 DIY 키트 30x40cm,스마트스토어,,,판매중,전시중,26900,16500,16500,,,N,N,Y,,,,,1.0%,0,0,0,0,0,,28칸비즈케이스증정,,오늘출발,"평일 16시00분까지 결제 완료된 주문

",기본 배송비 묶음그룹,무료,,0,3000,6000,N,Y,-,83550659012,,,,,,,가구/인테리어,수예,보석십자수,,스팃스,스팃스,,,,N,N,N,,,,https://shop-phinf.pstatic.net/20240826_141/1724650460734P1lIo_JPEG/49522945608689975_668618067.jpg,,,,Y,2021-11-12 10:57:22,2026-05-04 13:26:30,
,6006154580,,스팃스 나비와 백합 캔버스 판넬 액자 보석십자수 DIY 키트 30x40cm,스마트스토어,,,판매중,전시중,9998,16500,16500,,,N,N,N,,,,,1.0%,0,0,0,0,0,,28칸비즈케이스증정,,오늘출발,"평일 16시00분까지 결제 완료된 주문

",기본 배송비 묶음그룹,무료,,0,3000,6000,N,Y,-,83550654068,,,,,,,가구/인테리어,수예,보석십자수,,스팃스,스팃스,,,,N,N,N,,,,http://shop1.phinf.naver.net/20211112_217/1636682095263VrMrw_JPEG/37817990989520819_768736094.jpg,,,,Y,2021-11-12 10:55:27,2026-06-16 22:11:59,
,6006150346,,스팃스 로맨틱 수국화병 캔버스 판넬 액자 보석십자수 DIY 키트 30x40cm,스마트스토어,캔버스판넬액자 보석십자수 30cmx40cm - 로맨틱 수국화병,,판매중,전시중,9999,16500,16500,,,N,N,N,,,,,1.0%,0,0,0,0,0,,28칸비즈케이스증정,,오늘출발,"평일 16시00분까지 결제 완료된 주문

",기본 배송비 묶음그룹,무료,,0,3000,6000,N,Y,-,83550649834,,,,,,,가구/인테리어,수예,보석십자수,,스팃스,스팃스,,,,N,N,N,,,,https://shop-phinf.pstatic.net/20211112_74/1636681989102xXJHT_JPEG/37817884838796286_1127234518.jpg,,,,Y,2021-11-12 10:53:46,2026-05-04 13:28:54,
,6006146853,,스팃스 로맨틱 가든 캔버스 판넬 액자 보석십자수 DIY 키트 30x40cm,스마트스토어,캔버스판넬액자 보석십자수 30cmx40cm - 로맨틱 가든,,판매중,전시중,9998,16500,16500,,,N,N,N,,,,,1.0%,0,0,0,0,0,,28칸비즈케이스증정,,오늘출발,"평일 16시00분까지 결제 완료된 주문

",기본 배송비 묶음그룹,무료,,0,3000,6000,N,Y,-,83550646341,,,,,,,가구/인테리어,수예,보석십자수,,스팃스,스팃스,,,,N,N,N,,,,https://shop-phinf.pstatic.net/20211112_196/1636681894219gAldV_JPEG/37817789957639521_260839116.jpg,,,,Y,2021-11-12 10:52:07,2026-05-04 13:29:48,
,6006144395,,스팃스 향기로운 나의집 캔버스 판넬 액자 보석십자수 DIY 키트 30x40cm,스마트스토어,,,판매중,전시중,9999,16500,16500,,,N,N,N,,,,,1.0%,0,0,0,0,0,,28칸비즈케이스증정,,오늘출발,"평일 16시00분까지 결제 완료된 주문

",기본 배송비 묶음그룹,무료,,0,3000,6000,N,Y,-,83550643883,,,,,,,가구/인테리어,수예,보석십자수,,스팃스,스팃스,,,,N,N,N,,,,http://shop1.phinf.naver.net/20211112_144/1636681808794iF8mV_JPEG/37817704344747063_157615285.jpg,,,,Y,2021-11-12 10:50:39,2026-05-04 13:30:49,
,6006142032,,스팃스 화병 속 보라장미 캔버스 판넬 액자 보석십자수 DIY 키트 30x40cm,스마트스토어,,,판매중,전시중,9999,16500,16500,,,N,N,Y,,,,,1.0%,0,0,0,0,0,,28칸비즈케이스증정,,오늘출발,"평일 16시00분까지 결제 완료된 주문

",기본 배송비 묶음그룹,무료,,0,3000,6000,N,Y,-,83550641520,,,,,,,가구/인테리어,수예,보석십자수,,스팃스,스팃스,,,,N,N,N,,,,https://shop-phinf.pstatic.net/20211112_107/16366817297667Tku7_JPEG/37817625311395952_1952885506.jpg,,,,Y,2021-11-12 10:49:18,2026-06-17 11:02:58,
,6006138486,,스팃스 부귀 연꽃 잎 캔버스 판넬 액자 보석십자수 DIY 키트 40x50cm,스마트스토어,,,판매중,전시중,99994,21800,21800,,,N,N,N,,,,,1.0%,0,0,0,0,0,,28칸비즈케이스증정,,오늘출발,"평일 16시00분까지 결제 완료된 주문

",기본 배송비 묶음그룹,무료,,0,3000,6000,N,Y,-,83550637974,,,,,,,가구/인테리어,수예,보석십자수,,스팃스,스팃스,,,,N,N,N,,,,http://shop1.phinf.naver.net/20211112_145/1636681560309j6lK4_JPEG/37817456035880382_1313250181.jpg,,,,Y,2021-11-12 10:47:28,2026-06-16 22:12:46,
,6006133805,,스팃스 하늘 비행 캔버스 판넬 액자 보석십자수 DIY 키트 30x40cm,스마트스토어,,,판매중,전시중,9999,16500,16500,,,N,N,Y,,,,,1.0%,0,0,0,0,0,,28칸비즈케이스증정,,오늘출발,"평일 16시00분까지 결제 완료된 주문

",기본 배송비 묶음그룹,무료,,0,3000,6000,N,Y,-,83550633293,,,,,,,가구/인테리어,수예,보석십자수,,스팃스,스팃스,,,,N,N,N,,,,https://shop-phinf.pstatic.net/20211112_179/1636681454827rgLDL_JPEG/37817350556555513_1030867477.jpg,,,,Y,2021-11-12 10:45:04,2026-05-04 17:13:20,
,6006126497,,스팃스 태양과 해바라기 캔버스 판넬 액자 보석십자수 DIY 키트 30x40cm,스마트스토어,,,판매중,전시중,9999,16500,16500,,,N,N,N,,,,,1.0%,0,0,0,0,0,,28칸비즈케이스증정,,오늘출발,"평일 16시00분까지 결제 완료된 주문

",기본 배송비 묶음그룹,무료,,0,3000,6000,N,Y,-,83550625985,,,,,,,가구/인테리어,수예,보석십자수,,스팃스,스팃스,,,,N,N,N,,,,http://shop1.phinf.naver.net/20211112_183/1636681291689TPrSV_JPEG/37817180401331760_1741236509.jpg,,,,Y,2021-11-12 10:42:27,2026-05-04 17:08:38,
,6006121838,,스팃스 노을녘 해바라기 캔버스 판넬 액자 보석십자수 DIY 키트 30x40cm,스마트스토어,,,판매중,전시중,9998,16500,16500,,,N,N,N,,,,,1.0%,0,0,0,0,0,,28칸비즈케이스증정,,오늘출발,"평일 16시00분까지 결제 완료된 주문

",기본 배송비 묶음그룹,무료,,0,3000,6000,N,Y,-,83550621326,,,,,,,가구/인테리어,수예,보석십자수,,스팃스,스팃스,,,,N,N,N,,,,http://shop1.phinf.naver.net/20211112_121/1636681188613DhCr0_JPEG/37817077326434847_1464733636.jpg,,,,Y,2021-11-12 10:40:43,2026-05-04 17:06:51,
,6006117359,,스팃스 재물복 해바라기 캔버스 판넬 액자 보석십자수 DIY 키트 30x40cm,스마트스토어,,,판매중,전시중,9999,16500,16500,,,N,N,N,,,,,1.0%,0,0,0,0,0,,28칸비즈케이스증정,,오늘출발,"평일 16시00분까지 결제 완료된 주문

",기본 배송비 묶음그룹,무료,,0,3000,6000,N,Y,-,83550616847,,,,,,,가구/인테리어,수예,보석십자수,,스팃스,스팃스,,,,N,N,N,,,,http://shop1.phinf.naver.net/20211112_156/1636681082922O3D9d_JPEG/37816971635826529_476888380.jpg,,,,Y,2021-11-12 10:39:00,2026-06-17 11:06:30,
,6006112293,,스팃스 해바라기 바구니 캔버스 판넬 액자 보석십자수 DIY 키트 40x50cm,스마트스토어,,,판매중,전시중,9999,21800,21800,,,N,N,N,,,,,1.0%,0,0,0,0,0,,28칸비즈케이스증정,,오늘출발,"평일 16시00분까지 결제 완료된 주문

",기본 배송비 묶음그룹,무료,,0,3000,6000,N,Y,-,83550611781,,,,,,,가구/인테리어,수예,보석십자수,,스팃스,스팃스,,,,N,N,N,,,,http://shop1.phinf.naver.net/20211112_90/1636680978135PnMFH_JPEG/37816866848317441_164106560.jpg,,,,Y,2021-11-12 10:37:07,2026-05-04 17:29:31,
,6006107742,,스팃스 행복의 해바라기 2사이즈 캔버스 판넬 액자 보석십자수 DIY 키트 30x40cm 40x50cm,스마트스토어,,,판매중,전시중,19998,16500,16500,,,Y,N,N,,,,,1.0%,0,0,0,0,0,,28칸비즈케이스증정,,오늘출발,"평일 16시00분까지 결제 완료된 주문

",기본 배송비 묶음그룹,무료,,0,3000,6000,N,Y,-,83550607230,,,,,,,가구/인테리어,수예,보석십자수,,스팃스,스팃스,,,,N,N,N,,,,http://shop1.phinf.naver.net/20211112_41/1636680872768Rc4Qb_JPEG/37816761481201241_862168949.jpg,,,,Y,2021-11-12 10:35:23,2026-05-04 17:41:32,
,6006102287,,스팃스 5송이 해바라기 캔버스 판넬 액자 보석십자수 DIY 키트 30x40cm,스마트스토어,,,판매중,전시중,9999,16500,16500,,,N,N,N,,,,,1.0%,0,0,0,0,0,,28칸비즈케이스증정,,오늘출발,"평일 16시00분까지 결제 완료된 주문

",기본 배송비 묶음그룹,무료,,0,3000,6000,N,Y,-,83550601775,,,,,,,가구/인테리어,수예,보석십자수,,스팃스,스팃스,,,,N,N,N,,,,http://shop1.phinf.naver.net/20211112_139/1636680681241hSwkR_JPEG/37816515884518083_1986241147.jpg,,,,Y,2021-11-12 10:32:18,2026-05-04 17:31:33,
,6006099035,,스팃스 풍선 벌룬 캔버스 판넬 액자 보석십자수 DIY 키트 40x50cm,스마트스토어,,,판매중,전시중,9999,21800,21800,,,N,N,N,,,,,1.0%,0,0,0,0,0,,28칸비즈케이스증정,,오늘출발,"평일 16시00분까지 결제 완료된 주문

",기본 배송비 묶음그룹,무료,,0,3000,6000,N,Y,-,83550598523,,,,,,,가구/인테리어,수예,보석십자수,,스팃스,스팃스,,,,N,N,N,,,,http://shop1.phinf.naver.net/20211112_197/1636680594899N0fi0_JPEG/37816429735224921_442724704.jpg,,,,Y,2021-11-12 10:30:40,2026-05-04 17:32:19,
,6006095578,,스팃스 해바라기 들판 캔버스 판넬 액자 보석십자수 DIY 키트 40x50cm,스마트스토어,,,판매중,전시중,9999,21800,21800,,,N,N,N,,,,,1.0%,0,0,0,0,0,,28칸비즈케이스증정,,오늘출발,"평일 16시00분까지 결제 완료된 주문

",기본 배송비 묶음그룹,무료,,0,3000,6000,N,Y,-,83550595066,,,,,,,가구/인테리어,수예,보석십자수,,스팃스,스팃스,,,,N,N,N,,,,http://shop1.phinf.naver.net/20211112_18/1636680494393iUA2Y_JPEG/37816329215488751_1698262372.jpg,,,,Y,2021-11-12 10:29:14,2026-05-06 13:28:44,
,6006089270,,스팃스 고흐 별이 빛나는 밤 캔버스 판넬 액자 보석십자수 DIY 키트 40x50cm,스마트스토어,,,판매중,전시중,9998,21800,21800,,,N,N,Y,,,,,1.0%,0,0,0,0,0,,28칸비즈케이스증정,,오늘출발,"평일 16시00분까지 결제 완료된 주문

",기본 배송비 묶음그룹,무료,,0,3000,6000,N,Y,-,83550588758,,,,,,,가구/인테리어,수예,보석십자수,,스팃스,스팃스,,,,N,N,N,,,,https://shop-phinf.pstatic.net/20211112_178/1636680409402u2GrC_JPEG/37816244228540966_309805061.jpg,,,,Y,2021-11-12 10:27:34,2026-05-06 22:31:33,
,6006084804,,스팃스 7색 해바라기 캔버스 판넬 액자 보석십자수 DIY 키트 30x40cm,스마트스토어,,,판매중,전시중,9998,16500,16500,,,N,N,N,,,,,1.0%,0,0,0,0,0,,28칸비즈케이스증정,,오늘출발,"평일 16시00분까지 결제 완료된 주문

",기본 배송비 묶음그룹,무료,,0,3000,6000,N,Y,-,83550584292,,,,,,,가구/인테리어,수예,보석십자수,,스팃스,스팃스,,,,N,N,N,,,,http://shop1.phinf.naver.net/20211112_265/16366803217723CRUn_JPEG/37816156608012258_1306661994.jpg,,,,Y,2021-11-12 10:26:14,2026-05-05 17:35:36,
,6006080981,,스팃스 물위의 우아한 백조 캔버스 판넬 액자 보석십자수 DIY 키트 40x50cm,스마트스토어,,,판매중,전시중,9999,21800,21800,,,N,N,N,,,,,1.0%,0,0,0,0,0,,28칸비즈케이스증정,,오늘출발,"평일 16시00분까지 결제 완료된 주문

",기본 배송비 묶음그룹,무료,,0,3000,6000,N,Y,-,83550580469,,,,,,,가구/인테리어,수예,보석십자수,,스팃스,스팃스,,,,N,N,N,,,,http://shop1.phinf.naver.net/20211112_22/1636680223207fUyuu_JPEG/37816057948256223_448057034.jpg,,,,Y,2021-11-12 10:24:44,2026-05-05 17:31:28,
,6006075189,,스팃스 별이 빛나는 밤풍경 캔버스 판넬 액자 보석십자수 DIY 키트 40x50cm,스마트스토어,,,판매중,전시중,9999,21800,21800,,,N,N,N,,,,,1.0%,0,0,0,0,0,,28칸비즈케이스증정,,오늘출발,"평일 16시00분까지 결제 완료된 주문

",기본 배송비 묶음그룹,무료,,0,3000,6000,N,Y,-,83550574677,,,,,,,가구/인테리어,수예,보석십자수,,스팃스,스팃스,,,,N,N,N,,,,http://shop1.phinf.naver.net/20211112_4/1636680125379wKrpz_JPEG/37815960205327638_245967944.jpg,,,,Y,2021-11-12 10:23:03,2026-06-16 22:15:25,
,6006065406,,스팃스 나무위 부엉이 캔버스 판넬 액자 보석십자수 DIY 키트 30x40cm,스마트스토어,,,판매중,전시중,9994,16500,16500,,,N,N,Y,,,,,1.0%,0,0,0,0,0,,28칸비즈케이스증정,,오늘출발,"평일 16시00분까지 결제 완료된 주문

",기본 배송비 묶음그룹,무료,,0,3000,6000,N,Y,-,83550564894,,,,,,,가구/인테리어,수예,보석십자수,,스팃스,스팃스,,,,N,N,N,,,,https://shop-phinf.pstatic.net/20211112_50/1636679922091KeCuO_JPEG/37815820791169529_254460759.jpg,,,,Y,2021-11-12 10:20:09,2026-05-30 15:22:18,
,5977268387,,스팃스 거북 달마도 초특대형 보석십자수 도안형 DIY 키트 마음평화 기도용,스마트스토어,스팃스 거북 복 달마도 초특대형 보석십자수 도안형 DIY 키트 마음평화 기도용,,판매중,전시중,19997,48000,48000,,,Y,N,N,,,,,1.0%,0,0,0,0,0,,,,오늘출발,"평일 16시00분까지 결제 완료된 주문

",기본 배송비 묶음그룹,무료,,0,3000,6000,N,Y,-,83521767875,,,,,,,가구/인테리어,수예,보석십자수,,스팃스,스팃스,,,,N,N,N,,,,http://shop1.phinf.naver.net/20260530_5/1780072063882pgMd0_PNG/56533409684741248_1310909858.png,,,,Y,2021-11-02 11:07:03,2026-05-30 01:32:52,
,5970312307,,스팃스 연꽃 위 동자승 보석십자수 도안형 DIY 키트 마음평화 기도용,스마트스토어,스팃스 연꽃 위 동자승 보석십자수 도안형 DIY 키트 마음평화 기도용,,판매중,전시중,9998,38000,38000,,,N,N,N,,,,,1.0%,0,0,0,0,0,,,,오늘출발,"평일 16시00분까지 결제 완료된 주문

",기본 배송비 묶음그룹,무료,,0,3000,6000,N,Y,-,83514811795,,,,,,,가구/인테리어,수예,보석십자수,,스팃스,스팃스,,,,N,N,N,,,,http://shop1.phinf.naver.net/20260530_140/1780146675937z38gR_PNG/14795411710937299_1449296675.png,,,,Y,2021-10-30 11:27:09,2026-06-16 22:15:54,
,5970310671,,스팃스 목자와 양떼들 보석십자수 도안형 DIY 키트 마음평화 기도용,스마트스토어,,,판매중,전시중,9999,33000,33000,,,N,N,N,,,,,1.0%,0,0,0,0,0,,,,오늘출발,"평일 16시00분까지 결제 완료된 주문

",기본 배송비 묶음그룹,무료,,0,3000,6000,N,Y,-,83514810159,,,,,,,가구/인테리어,수예,보석십자수,,스팃스,스팃스,,,,N,N,N,,,,http://shop1.phinf.naver.net/20260530_245/1780072112267FNyMo_PNG/57594789133126565_2065610653.png,,,,Y,2021-10-30 11:24:40,2026-05-30 17:35:45,
,5950397601,,스팃스 주렁박 달마도 보석십자수 도안형 DIY 키트 마음평화 기도용,스마트스토어,,,판매중,전시중,999899,24000,24000,,,N,N,Y,,,,,1.0%,0,0,0,0,0,,,,오늘출발,"평일 16시00분까지 결제 완료된 주문

",기본 배송비 묶음그룹,무료,,0,3000,6000,N,Y,-,83494897089,,,,,,,가구/인테리어,수예,보석십자수,,스팃스,스팃스,,,,N,N,N,,,,http://shop1.phinf.naver.net/20260530_159/17800721682076NU2J_PNG/8108307027915174_1224483381.png,,,,Y,2021-10-22 13:31:34,2026-05-30 17:35:08,
,5950389599,,스팃스 행운과 재물 청홍사과 시즌2 보석십자수 도안형 DIY 키트 현관 인테리어,스마트스토어,,,판매중,전시중,999999,24000,24000,,,N,N,Y,,,,,1.0%,0,0,0,0,0,,,,오늘출발,"평일 16시00분까지 결제 완료된 주문

",기본 배송비 묶음그룹,무료,,0,3000,6000,N,Y,-,83494889087,,,,,,,가구/인테리어,수예,보석십자수,,스팃스,스팃스,,,,N,N,N,,,,http://shop1.phinf.naver.net/20260530_91/1780072216617waB40_PNG/8108355473679034_1204804241.png,,,,Y,2021-10-22 13:27:11,2026-06-17 11:07:15,
,5940987106,,수틀포함 프랑스자수 꽃 만들기 패키지 10종 택1 취미 DIY키트,스마트스토어,,,판매중,전시중,279974,5800,5800,,,Y,N,Y,,,,,1.0%,0,0,0,0,0,,,,오늘출발,"평일 16시00분까지 결제 완료된 주문

",기본 배송비 묶음그룹,조건부 무료,선결제,3000,3000,6000,N,Y,-,83485486594,,,,,,,가구/인테리어,수예,자수,패키지,스팃스,스팃스,,,,N,N,N,,,,https://shop-phinf.pstatic.net/20211019_202/1634610271774s111o_JPEG/35746170473472766_1187357909.jpg,,,,Y,2021-10-19 11:33:33,2026-06-16 22:16:38,
,5936864708,,스팃스 해바라기 마을 무지원단 실 십자수 패키지 도안 실 원단 포함 풀세트,스마트스토어,,,판매중,전시중,9998,36000,36000,,,N,N,N,,,,,1.0%,0,0,0,0,0,,,,오늘출발,"평일 16시00분까지 결제 완료된 주문

",기본 배송비 묶음그룹,무료,,0,3000,6000,N,Y,-,83481364197,,,,,,,가구/인테리어,수예,자수,패키지,스팃스,스팃스,,,,N,N,N,,,,http://shop1.phinf.naver.net/20211018_257/1634522952589bDC38_JPEG/35658787203762700_1955066649.jpg,,,,Y,2021-10-18 11:09:55,2026-06-16 22:16:53,
,5931190222,,어린이 보석십자수 크레용 몰랑벽시계 4종 (택1),스마트스토어,,,판매중지,전시중,1997,25000,25000,,,Y,N,N,,,,,1.0%,0,0,0,0,0,,,,오늘출발,"평일 16시00분까지 결제 완료된 주문

",기본 배송비 묶음그룹,조건부 무료,선결제,3000,3000,6000,N,Y,-,83475689710,,,,,,,가구/인테리어,수예,보석십자수,,자체제작,자체브랜드,,,,N,N,N,,,,http://shop1.phinf.naver.net/20211015_67/1634259855976Xk3z0_JPEG/35395701697083179_728855250.jpg,,,,Y,2021-10-15 10:06:14,2026-02-10 15:30:02,
,5886803268,,스팃스 힘차게 달리는 재물 말 보석십자수 도안형 DIY 키트 재물운,스마트스토어,,,판매중,전시중,9999,36000,36000,,,N,N,N,,,,,1.0%,0,0,0,0,0,,,,오늘출발,"평일 16시00분까지 결제 완료된 주문

",기본 배송비 묶음그룹,무료,,0,3000,6000,N,Y,-,83431302682,,,,,,,가구/인테리어,수예,보석십자수,,스팃스,스팃스,,,,N,N,N,,,,http://shop1.phinf.naver.net/20260530_264/1780146724850xfqwj_PNG/57669401711267070_581789740.png,,,,Y,2021-09-27 10:54:15,2026-05-30 22:12:27,
,5886798478,,스팃스 표범 보석십자수 도안형 DIY 키트 재물운,스마트스토어,,,판매중,전시중,9999,36000,36000,,,N,N,N,,,,,1.0%,0,0,0,0,0,,,,오늘출발,"평일 16시00분까지 결제 완료된 주문

",기본 배송비 묶음그룹,무료,,0,3000,6000,N,Y,-,83431297892,,,,,,,가구/인테리어,수예,보석십자수,,스팃스,스팃스,,,,N,N,N,,,,http://shop1.phinf.naver.net/20260530_25/1780072272827b4g1D_PNG/56533618579948800_982810771.png,,,,Y,2021-09-27 10:51:16,2026-05-30 01:36:21,
,5848524880,,스팃스 일체 유심조 달마도 보석십자수 도안형 불교 DIY 키트 마음평화 기도용,스마트스토어,,,판매중,전시중,9998,28000,28000,,,N,N,N,,,,,1.0%,0,0,0,0,0,,,,오늘출발,"평일 16시00분까지 결제 완료된 주문

",기본 배송비 묶음그룹,무료,,0,3000,6000,N,Y,-,83393024294,,,,,,,가구/인테리어,수예,보석십자수,,스팃스,스팃스,,,,N,N,N,,,,http://shop1.phinf.naver.net/20260530_278/17800726073556rIsf_PNG/102882317974443794_557705482.png,,,,Y,2021-09-08 09:56:40,2026-06-16 22:17:33,
,5816503257,,스팃스 달빛 숲 행복한 부엉이 재물운 보석십자수 도안형 DIY 키트 풍수 인테리어,스마트스토어,,,판매중,전시중,9999,28000,28000,,,N,N,N,,,,,1.0%,0,0,0,0,0,,,,오늘출발,"평일 16시00분까지 결제 완료된 주문

",기본 배송비 묶음그룹,무료,,0,3000,6000,N,Y,-,83361002671,,,,,,,가구/인테리어,수예,보석십자수,,스팃스,스팃스,,,,N,N,N,,,,http://shop1.phinf.naver.net/20260530_231/1780072655635kPONk_PNG/102882366281188193_591237181.png,,,,Y,2021-08-26 10:30:54,2026-06-16 22:17:47,
,5797124189,,스팃스 NEW 어린이 보석십자수 캐릭터 마그네틱 냉장고자석 만들기세트 8종 택1,스마트스토어,,,판매중,전시중,69989,8400,8400,,,Y,N,N,,,,,1.0%,0,0,0,0,0,,,,오늘출발,"평일 16시00분까지 결제 완료된 주문

",기본 배송비 묶음그룹,무료,,0,3000,6000,N,Y,-,83341623603,,,,,,,가구/인테리어,수예,보석십자수,,스팃스,스팃스,,,,N,N,Y,,,,http://shop1.phinf.naver.net/20210818_195/1629249529273N0vMG_JPEG/30385308986463810_817557037.jpg,,,,Y,2021-08-18 10:45:46,2026-02-20 12:51:08,
,5731478859,,스팃스 페스티발 무지원단 실 십자수 패키지 도안 실 원단 포함 풀세트,스마트스토어,,,판매중,전시중,9998,27500,27500,,,N,N,N,,,,,1.0%,0,0,0,0,0,,,,오늘출발,"평일 16시00분까지 결제 완료된 주문

",기본 배송비 묶음그룹,무료,,0,3000,6000,N,Y,-,83275977531,,,,,,,가구/인테리어,수예,자수,패키지,스팃스,스팃스,,,,N,N,N,,,,http://shop1.phinf.naver.net/20210720_3/1626758582282cc3UQ_JPEG/27894410111427132_252839044.jpg,,,,Y,2021-07-20 14:23:29,2026-02-20 12:51:08,
,5731476392,,스팃스 홀리데이 무지원단 실 십자수 패키지 도안 실 원단 포함 풀세트,스마트스토어,,,판매중,전시중,9999,27500,27500,,,N,N,N,,,,,1.0%,0,0,0,0,0,,,,오늘출발,"평일 16시00분까지 결제 완료된 주문

",기본 배송비 묶음그룹,무료,,0,3000,6000,N,Y,-,83275975064,,,,,,,가구/인테리어,수예,자수,패키지,스팃스,스팃스,,,,N,N,N,,,,http://shop1.phinf.naver.net/20210720_264/1626758514757L1QF9_JPEG/27894341873809305_1002080533.jpg,,,,Y,2021-07-20 14:22:30,2026-02-20 12:51:08,
,5731474370,,스팃스 소녀와 장미 무지원단 실 십자수 패키지 도안 실 원단 포함 풀세트,스마트스토어,,,판매중,전시중,9997,27500,27500,,,N,N,N,,,,,1.0%,0,0,0,0,0,,,,오늘출발,"평일 16시00분까지 결제 완료된 주문

",기본 배송비 묶음그룹,무료,,0,3000,6000,N,Y,-,83275973042,,,,,,,가구/인테리어,수예,자수,패키지,스팃스,스팃스,,,,N,N,N,,,,http://shop1.phinf.naver.net/20210720_299/1626758464242Vafst_JPEG/27894292072158488_1731268909.jpg,,,,Y,2021-07-20 14:21:31,2026-06-16 22:18:37,
,5731472322,,스팃스 부활절 무지원단 실 십자수 패키지 도안 실 원단 포함 풀세트,스마트스토어,,,판매중,전시중,99999,27500,27500,,,N,N,N,,,,,1.0%,0,0,0,0,0,,,,오늘출발,"평일 16시00분까지 결제 완료된 주문

",기본 배송비 묶음그룹,무료,,0,3000,6000,N,Y,-,83275970994,,,,,,,가구/인테리어,수예,자수,패키지,스팃스,스팃스,,,,N,N,N,,,,http://shop1.phinf.naver.net/20210720_204/1626758388367qONFc_JPEG/27894216196138786_773518787.jpg,,,,Y,2021-07-20 14:20:37,2026-02-20 12:51:08,
,5651034884,,스팃스 머니트리 금전나무 보석십자수 도안형 대형 DIY 키트 재물운,스마트스토어,,,판매중,전시중,99999,33000,33000,,,N,N,N,,,,,1.0%,0,0,0,0,0,,,,오늘출발,"평일 16시00분까지 결제 완료된 주문

",기본 배송비 묶음그룹,무료,,0,3000,6000,N,Y,-,83195532188,,,,,,,가구/인테리어,수예,보석십자수,,스팃스,스팃스,,,,N,N,N,,,,http://shop1.phinf.naver.net/20260530_2/1780072753195ORWM0_PNG/14721489007344575_715056182.png,,,,Y,2021-06-15 10:36:01,2026-05-30 01:39:36,
,5651029911,,스팃스 부처 성자의 귀환 보석십자수 DIY 불교 키트 재물운,스마트스토어,,,판매중,전시중,99999,36000,36000,,,N,N,N,,,,,1.0%,0,0,0,0,0,,,,오늘출발,"평일 16시00분까지 결제 완료된 주문

",기본 배송비 묶음그룹,무료,,0,3000,6000,N,Y,-,83195527215,,,,,,,가구/인테리어,수예,보석십자수,,스팃스,스팃스,,,,N,N,N,,,,http://shop1.phinf.naver.net/20260530_256/1780072704881F935n_PNG/57595381751408107_1125884149.png,,,,Y,2021-06-15 10:33:18,2026-06-16 22:19:16,
,5607646543,,스팃스 보석십자수 북유럽 뷰티플 30x40 3개세트 도안형 DIY 키트 감성 풍경 자수,스마트스토어,,,판매중,전시중,9999,39500,39500,,,N,N,N,,,,,1.0%,0,0,0,0,0,,,,오늘출발,"평일 16시00분까지 결제 완료된 주문

",기본 배송비 묶음그룹,무료,,0,3000,6000,N,Y,-,83152143044,,,,,,,가구/인테리어,수예,보석십자수,,스팃스,스팃스,,,,N,N,N,,,,http://shop1.phinf.naver.net/20260604_134/1780546409781UpVNR_JPEG/93643318806568327_163489082.jpg,,,,Y,2021-05-25 14:55:19,2026-06-04 13:14:45,
,5607635636,,스팃스 벚꽃 호숫가 풍경 보석십자수 도안형 DIY 키트 감성 풍경 자수,스마트스토어,,,판매중,전시중,99999,26000,26000,,,N,N,N,,,,,1.0%,0,0,0,0,0,,,,오늘출발,"평일 16시00분까지 결제 완료된 주문

",기본 배송비 묶음그룹,무료,,0,3000,6000,N,Y,-,83152132137,,,,,,,가구/인테리어,수예,보석십자수,,스팃스,스팃스,,,,N,N,N,,,,http://shop1.phinf.naver.net/20260530_35/1780072922469UhB1Y_PNG/93169831432804367_778053443.png,,,,Y,2021-05-25 14:50:17,2026-05-30 01:42:26,
,5607630258,,스팃스 재물 폭포 보석십자수 도안형 DIY 고급 재물 키트 재물,스마트스토어,,,판매중,전시중,9997,35000,35000,,,N,N,N,,,,,1.0%,0,0,0,0,0,,,,오늘출발,"평일 16시00분까지 결제 완료된 주문

",기본 배송비 묶음그룹,무료,,0,3000,6000,N,Y,-,83152126759,,,,,,,가구/인테리어,수예,보석십자수,,스팃스,스팃스,,,,N,N,N,,,,http://shop1.phinf.naver.net/20260530_91/1780147768619DRITx_PNG/46937316715653681_644328264.png,,,,Y,2021-05-25 14:48:35,2026-05-30 22:29:51,
,5607625949,,스팃스 북유럽 노르딕 금전트리 보석십자수 도안형 DIY 키트 재물운,스마트스토어,,,판매중,전시중,9998,28000,28000,,,N,N,N,,,,,1.0%,0,0,0,0,0,,,,오늘출발,"평일 16시00분까지 결제 완료된 주문

",기본 배송비 묶음그룹,무료,,0,3000,6000,N,Y,-,83152122450,,,,,,,가구/인테리어,수예,보석십자수,,스팃스,스팃스,,,,N,N,N,,,,http://shop1.phinf.naver.net/20260530_240/1780072865725Eq9tT_PNG/5040682355588484_1233831281.png,,,,Y,2021-05-25 14:46:28,2026-05-30 01:41:29,
,5607616137,,스팃스 황금 나무 숲 보석십자수 도안형 DIY 키트 재물운,스마트스토어,,,판매중,전시중,9996,34000,34000,,,N,N,N,,,,,1.0%,0,0,0,0,0,,,,오늘출발,"평일 16시00분까지 결제 완료된 주문

",기본 배송비 묶음그룹,무료,,0,3000,6000,N,Y,-,83152112638,,,,,,,가구/인테리어,수예,보석십자수,,스팃스,스팃스,,,,N,N,N,,,,http://shop1.phinf.naver.net/20260530_188/17801491783407XGzd_PNG/14758673862493091_1106897387.png,,,,Y,2021-05-25 14:42:34,2026-06-17 11:13:13,
,5607611460,,스팃스 북유럽 별이 빛나는 하늘 보석십자수 도안형 DIY 키트 감성 풍경 자수,스마트스토어,,,판매중,전시중,9999,29000,29000,,,N,N,N,,,,,1.0%,0,0,0,0,0,,,,오늘출발,"평일 16시00분까지 결제 완료된 주문

",기본 배송비 묶음그룹,무료,,0,3000,6000,N,Y,-,83152107961,,,,,,,가구/인테리어,수예,보석십자수,,스팃스,스팃스,,,,N,N,N,,,,http://shop1.phinf.naver.net/20260530_291/1780072809603KdEwj_PNG/4357570266671485_2075767552.png,,,,Y,2021-05-25 14:40:17,2026-06-16 22:20:14,
,5607604159,,스팃스 발레리나 보석십자수 도안형 DIY 키트 감성 풍경 자수,스마트스토어,,,판매중,전시중,9997,24500,24500,,,N,N,N,,,,,1.0%,0,0,0,0,0,,,,오늘출발,"평일 16시00분까지 결제 완료된 주문

",기본 배송비 묶음그룹,무료,,0,3000,6000,N,Y,-,83152100660,,,,,,,가구/인테리어,수예,보석십자수,,스팃스,스팃스,,,,N,N,N,,,,http://shop1.phinf.naver.net/20260530_75/1780146773863CBYRS_PNG/45741222925193836_905134218.png,,,,Y,2021-05-25 14:37:20,2026-05-30 22:13:17,
,5572255413,,스팃스 57 860 크로바 피코 게이지(n),스마트스토어,,,판매중,전시중,99999,18000,18000,,,N,N,N,,,,,1.0%,0,0,0,0,0,,,,오늘출발,"평일 16시00분까지 결제 완료된 주문

",기본 배송비 묶음그룹,조건부 무료,선결제,3000,3000,6000,N,Y,-,83116751450,,,,,,,가구/인테리어,수예,뜨개질,뜨개질바늘,,,,,,N,N,N,,,,http://shop1.phinf.naver.net/20210507_243/16203635522710W4Wl_PNG/21499447814672822_651693310.png,,,,Y,2021-05-07 13:59:44,2026-02-13 17:16:58,
,5572251758,,스팃스 23 056 23 055 크로바 마카롱 바늘보관 민트 핑크 자석바늘보관 방석,스마트스토어,스팃스 23 056 23 055 크로바 마카롱 바늘보관 민트 핑크 자석바늘보관 방석,,판매중,전시중,199996,10200,10200,,,Y,N,N,,,,,1.0%,0,0,0,0,0,,,,오늘출발,"평일 16시00분까지 결제 완료된 주문

",기본 배송비 묶음그룹,조건부 무료,선결제,3000,3000,6000,N,Y,-,83116747795,,,,,,,가구/인테리어,수예,수예용품/부자재,,크로바,크로바,270,,,N,N,N,,,,https://shop-phinf.pstatic.net/20210507_237/1620363477761bShlS_PNG/21499373468327918_981479177.png,,,,Y,2021-05-07 13:58:22,2026-02-17 13:55:37,
,5572248994,,스팃스 55 943 크로바 지퍼 주머니 코바늘 케이스 ,스마트스토어,,,판매중,전시중,99896,19200,19200,,,N,N,N,,,,,1.0%,0,0,0,0,0,,,,오늘출발,"평일 16시00분까지 결제 완료된 주문

",기본 배송비 묶음그룹,조건부 무료,선결제,3000,3000,6000,N,Y,-,83116745031,,,,,,,가구/인테리어,수예,수예용품/부자재,,크로바,크로바,270,,,N,N,N,,,,https://shop-phinf.pstatic.net/20210507_143/1620363394809piSn7_PNG/21499290508588743_734522511.png,,,,Y,2021-05-07 13:57:03,2026-02-13 17:16:58,
,5569222550,,스팃스 울와인더 털실감기 실 감는기계 실감는도구,스마트스토어,,,판매중,전시중,99498,14800,14800,,,N,N,N,,,,,1.0%,0,0,0,0,0,,,,오늘출발,"평일 16시00분까지 결제 완료된 주문

",기본 배송비 묶음그룹,조건부 무료,선결제,3000,3000,6000,N,Y,-,83113718500,,,,,,,가구/인테리어,수예,수예용품/부자재,,스팃스,스팃스,,,,N,N,N,,,,http://shop1.phinf.naver.net/20210506_140/1620265898691XnjCG_PNG/21401744405294979_481043447.png,,,,Y,2021-05-06 10:48:23,2026-06-16 22:21:19,
,5569214920,,스팃스 부귀 화려한 부엉이 보석십자수 도안형 DIY 키트 재물운,스마트스토어,,,판매중,전시중,99999,28000,28000,,,N,N,N,,,,,1.0%,0,0,0,0,0,,,,오늘출발,"평일 16시00분까지 결제 완료된 주문

",기본 배송비 묶음그룹,무료,,0,3000,6000,N,Y,-,83113710870,,,,,,,가구/인테리어,수예,보석십자수,,스팃스,스팃스,,,,N,N,N,,,,http://shop1.phinf.naver.net/20260530_234/17800730346474XQN6_PNG/114205875838385707_1262554193.png,,,,Y,2021-05-06 10:46:07,2026-06-16 22:21:34,
,5569212317,,스팃스 백조의 호수 보석십자수 도안형 DIY 키트 감성 풍경 자수,스마트스토어,,,판매중,전시중,9998,34000,34000,,,N,N,N,,,,,1.0%,0,0,0,0,0,,,,오늘출발,"평일 16시00분까지 결제 완료된 주문

",기본 배송비 묶음그룹,무료,,0,3000,6000,N,Y,-,83113708267,,,,,,,가구/인테리어,수예,보석십자수,,스팃스,스팃스,,,,N,N,N,,,,http://shop1.phinf.naver.net/20260530_184/1780146921097VX71p_PNG/4431681794162833_1620139619.png,,,,Y,2021-05-06 10:45:13,2026-05-30 22:15:44,
,5569208016,,스팃스 금빛 유니콘 보석십자수 도안형 DIY 키트 재물운,스마트스토어,,,판매중,전시중,9999,28000,28000,,,N,N,N,,,,,1.0%,0,0,0,0,0,,,,오늘출발,"평일 16시00분까지 결제 완료된 주문

",기본 배송비 묶음그룹,무료,,0,3000,6000,N,Y,-,83113703966,,,,,,,가구/인테리어,수예,보석십자수,,스팃스,스팃스,,,,N,N,N,,,,http://shop1.phinf.naver.net/20260605_275/1780637334584MdPNT_JPEG/127271117812303883_78304327.jpg,,,,Y,2021-05-06 10:43:46,2026-06-16 22:22:01,
,5548106310,,스팃스 부귀 해바라기 보석십자수 도안형 DIY 키트 재물운,스마트스토어,,,판매중,전시중,99999,25000,25000,,,N,N,N,,,,,1.0%,0,0,0,0,0,,,,오늘출발,"평일 16시00분까지 결제 완료된 주문

",기본 배송비 묶음그룹,무료,,0,3000,6000,N,Y,-,83092602065,,,,,,,가구/인테리어,수예,보석십자수,,스팃스,스팃스,,,,N,N,N,,,,http://shop1.phinf.naver.net/20260530_37/1780073083801DFj1l_PNG/8079731810208201_1855480451.png,,,,Y,2021-04-26 13:16:17,2026-05-30 01:45:07,
,5548104442,,스팃스 2송이 해바라기 보석십자수 도안형 DIY 키트 재물운,스마트스토어,,,판매중,전시중,9999,26000,26000,,,N,N,N,,,,,1.0%,0,0,0,0,0,,,,오늘출발,"평일 16시00분까지 결제 완료된 주문

",기본 배송비 묶음그룹,무료,,0,3000,6000,N,Y,-,83092600197,,,,,,,가구/인테리어,수예,보석십자수,,스팃스,스팃스,,,,N,N,N,,,,http://shop1.phinf.naver.net/20260530_84/1780073132805ANb7J_PNG/57595809662102020_828027855.png,,,,Y,2021-04-26 13:15:05,2026-05-30 01:45:56,
,5543161608,,스팃스 해바라기 무지원단 실 십자수 패키지 도안 실 원단 포함 풀세트,스마트스토어,,,판매중,전시중,98792,31000,31000,,,N,N,N,,,,,1.0%,0,0,0,0,0,,,,오늘출발,"평일 16시00분까지 결제 완료된 주문

",기본 배송비 묶음그룹,무료,,0,3000,6000,N,Y,-,83087657299,,,,,,,가구/인테리어,수예,자수,패키지,스팃스,스팃스,,,,N,N,N,,,,http://shop1.phinf.naver.net/20210423_112/1619150901061X8W8u_JPEG/20286734863708897_368651363.jpg,,,,Y,2021-04-23 13:09:07,2026-02-20 12:51:08,
,5543157939,,스팃스 평안부귀 5송이 감 무지원단 실 십자수 패키지 도안 실 원단 포함 풀세트,스마트스토어,,,판매중,전시중,9999,27000,27000,,,N,N,N,,,,,1.0%,0,0,0,0,0,,,,오늘출발,"평일 16시00분까지 결제 완료된 주문

",기본 배송비 묶음그룹,무료,,0,3000,6000,N,Y,-,83087653630,,,,,,,가구/인테리어,수예,자수,패키지,스팃스,스팃스,,,,N,N,N,,,,http://shop1.phinf.naver.net/20210423_256/16191508102289yF8b_JPEG/20286644034493736_1477649988.jpg,,,,Y,2021-04-23 13:07:30,2026-02-20 12:51:08,
,5543154163,,스팃스 탐스러운 포도송이 무지원단 실 십자수 패키지 도안 실 원단 포함 풀세트,스마트스토어,,,판매중,전시중,99999,29000,29000,,,N,N,Y,,,,,1.0%,0,0,0,0,0,,,,오늘출발,"평일 16시00분까지 결제 완료된 주문

",기본 배송비 묶음그룹,무료,,0,3000,6000,N,Y,-,83087649854,,,,,,,가구/인테리어,수예,자수,패키지,스팃스,스팃스,,,,N,N,N,,,,https://shop-phinf.pstatic.net/20210423_240/1619150726318kO1zY_JPEG/20286560122878522_1144115420.jpg,,,,Y,2021-04-23 13:06:00,2026-02-20 12:51:08,
,5543151507,,스팃스 블랙 올리브 무지원단 실 십자수 패키지 도안 실 원단 포함 풀세트,스마트스토어,,,판매중,전시중,99997,27000,27000,,,N,N,N,,,,,1.0%,0,0,0,0,0,,,,오늘출발,"평일 16시00분까지 결제 완료된 주문

",기본 배송비 묶음그룹,무료,,0,3000,6000,N,Y,-,83087647198,,,,,,,가구/인테리어,수예,자수,패키지,스팃스,스팃스,,,,N,N,N,,,,https://shop-phinf.pstatic.net/20210423_254/1619150652712iUFrT_JPEG/20286486517502249_236780839.jpg,,,,Y,2021-04-23 13:04:47,2026-02-20 12:51:08,
,5543148528,,장미 요정 십자수 패키지 (도안+원단+실+바늘),스마트스토어,,,판매중지,전시중,99999,27000,27000,,,N,N,N,,,,,1.0%,0,0,0,0,0,,,,오늘출발,"평일 16시00분까지 결제 완료된 주문

",기본 배송비 묶음그룹,조건부 무료,선결제,3000,3000,6000,N,Y,-,83087644219,,,,,,,가구/인테리어,수예,자수,패키지,자체제작,자체브랜드,,,,N,N,N,,,,http://shop1.phinf.naver.net/20210423_129/1619150593592xTVfC_JPEG/20286427400290165_784778183.jpg,,,,Y,2021-04-23 13:03:43,2026-02-10 15:30:02,
,5543146125,,스팃스 화병장식 무지원단 실 십자수 패키지 도안 실 원단 포함 풀세트,스마트스토어,,,판매중,전시중,9999,27000,27000,,,N,N,N,,,,,1.0%,0,0,0,0,0,,,,오늘출발,"평일 16시00분까지 결제 완료된 주문

",기본 배송비 묶음그룹,무료,,0,3000,6000,N,Y,-,83087641816,,,,,,,가구/인테리어,수예,자수,패키지,스팃스,스팃스,,,,N,N,N,,,,http://shop1.phinf.naver.net/20210423_166/1619150523930Btwse_JPEG/20286357738264671_2107981879.jpg,,,,Y,2021-04-23 13:02:35,2026-06-16 22:23:40,
,5543143533,,스팃스 어린시절의 추억 무지원단 실 십자수 패키지 도안 실 원단 포함 풀세트,스마트스토어,,,판매중,전시중,99999,26000,26000,,,N,N,N,,,,,1.0%,0,0,0,0,0,,,,오늘출발,"평일 16시00분까지 결제 완료된 주문

",기본 배송비 묶음그룹,무료,,0,3000,6000,N,Y,-,83087639224,,,,,,,가구/인테리어,수예,자수,패키지,스팃스,스팃스,,,,N,N,N,,,,http://shop1.phinf.naver.net/20210423_1/16191504620085sHd3_JPEG/20286295827229373_606056704.jpg,,,,Y,2021-04-23 13:01:30,2026-06-16 22:23:57,
,5543141230,,스팃스 창가의 꽃병 무지원단 실 십자수 패키지 도안 실 원단 포함 풀세트,스마트스토어,,,판매중,전시중,99998,26000,26000,,,N,N,N,,,,,1.0%,0,0,0,0,0,,,,오늘출발,"평일 16시00분까지 결제 완료된 주문

",기본 배송비 묶음그룹,무료,,0,3000,6000,N,Y,-,83087636921,,,,,,,가구/인테리어,수예,자수,패키지,스팃스,스팃스,,,,N,N,N,,,,http://shop1.phinf.naver.net/20210423_237/1619150391314gAYv2_JPEG/20286225128913186_1385818888.jpg,,,,Y,2021-04-23 13:00:26,2026-06-16 22:24:11,
,5543136936,,스팃스 어머니 디저트 무지원단 실 십자수 패키지 도안 실 원단 포함 풀세트,스마트스토어,,,판매중,전시중,9998,26000,26000,,,N,N,Y,,,,,1.0%,0,0,0,0,0,,,,오늘출발,"평일 16시00분까지 결제 완료된 주문

",기본 배송비 묶음그룹,무료,,0,3000,6000,N,Y,-,83087632627,,,,,,,가구/인테리어,수예,자수,패키지,스팃스,스팃스,,,,N,N,N,,,,https://shop-phinf.pstatic.net/20210423_178/1619150277308Qdx1x_JPEG/20286111117851559_1593921549.jpg,,,,Y,2021-04-23 12:58:29,2026-06-16 22:24:28,
,5543134712,,스팃스 감나무 바구니 무지원단 실 십자수 패키지 도안 실 원단 포함 풀세트,스마트스토어,,,판매중,전시중,9997,29000,29000,,,N,N,N,,,,,1.0%,0,0,0,0,0,,,,오늘출발,"평일 16시00분까지 결제 완료된 주문

",기본 배송비 묶음그룹,무료,,0,3000,6000,N,Y,-,83087630403,,,,,,,가구/인테리어,수예,자수,패키지,스팃스,스팃스,,,,N,N,N,,,,http://shop1.phinf.naver.net/20210423_49/1619150221436qiYsN_JPEG/20286055068201780_645258057.jpg,,,,Y,2021-04-23 12:57:29,2026-06-16 22:24:43,
,5543130551,,스팃스 산아래 호숫가 무지원단 실 십자수 패키지 도안 실 원단 포함 풀세트,스마트스토어,,,판매중,전시중,99999,27000,27000,,,N,N,N,,,,,1.0%,0,0,0,0,0,,,,오늘출발,"평일 16시00분까지 결제 완료된 주문

",기본 배송비 묶음그룹,무료,,0,3000,6000,N,Y,-,83087626242,,,,,,,가구/인테리어,수예,자수,패키지,스팃스,스팃스,,,,N,N,N,,,,http://shop1.phinf.naver.net/20210423_166/1619150110123UjAGH_JPEG/20285943942272156_843091887.jpg,,,,Y,2021-04-23 12:55:40,2026-06-16 22:24:59,
,5543127982,,스팃스 딸기 타르트 무지원단 실 십자수 패키지 도안 실 원단 포함 풀세트,스마트스토어,,,판매중,전시중,9997,26000,26000,,,N,N,N,,,,,1.0%,0,0,0,0,0,,,,오늘출발,"평일 16시00분까지 결제 완료된 주문

",기본 배송비 묶음그룹,무료,,0,3000,6000,N,Y,-,83087623673,,,,,,,가구/인테리어,수예,자수,패키지,스팃스,스팃스,,,,N,N,N,,,,http://shop1.phinf.naver.net/20210423_51/1619150044366OnKtP_JPEG/20285878005371054_2011242181.jpg,,,,Y,2021-04-23 12:54:37,2026-06-16 22:25:16,
,5543125290,,스팃스 문 라이트 무지원단 실 십자수 패키지 도안 실 원단 포함 풀세트,스마트스토어,,,판매중,전시중,99999,29000,29000,,,N,N,N,,,,,1.0%,0,0,0,0,0,,,,오늘출발,"평일 16시00분까지 결제 완료된 주문

",기본 배송비 묶음그룹,무료,,0,3000,6000,N,Y,-,83087620981,,,,,,,가구/인테리어,수예,자수,패키지,스팃스,스팃스,,,,N,N,N,,,,http://shop1.phinf.naver.net/20210423_254/1619149988290q9Xh4_JPEG/20285822105684862_167249290.jpg,,,,Y,2021-04-23 12:53:33,2026-02-20 12:51:08,
,5543123140,,스팃스 티포트 아빠 무지원단 실 십자수 패키지 도안 실 원단 포함 풀세트,스마트스토어,,,판매중,전시중,99997,26000,26000,,,N,N,N,,,,,1.0%,0,0,0,0,0,,,,오늘출발,"평일 16시00분까지 결제 완료된 주문

",기본 배송비 묶음그룹,무료,,0,3000,6000,N,Y,-,83087618831,,,,,,,가구/인테리어,수예,자수,패키지,스팃스,스팃스,,,,N,N,N,,,,http://shop1.phinf.naver.net/20210423_20/1619149929661VYe6V_JPEG/20285763293095101_1852041788.jpg,,,,Y,2021-04-23 12:52:35,2026-06-16 22:25:47,
,5543120761,,스팃스 티포트 엄마 무지원단 실 십자수 패키지 도안 실 원단 포함 풀세트,스마트스토어,,,판매중,전시중,99998,26000,26000,,,N,N,N,,,,,1.0%,0,0,0,0,0,,,,오늘출발,"평일 16시00분까지 결제 완료된 주문

",기본 배송비 묶음그룹,무료,,0,3000,6000,N,Y,-,83087616452,,,,,,,가구/인테리어,수예,자수,패키지,스팃스,스팃스,,,,N,N,N,,,,http://shop1.phinf.naver.net/20210423_51/1619149857059AgRi9_JPEG/20285690869113993_1317425665.jpg,,,,Y,2021-04-23 12:51:27,2026-06-16 22:26:02,
,5543115882,,스팃스 재물 요람 호랑이 무지원단 실 십자수 패키지 도안 실 원단 포함 풀세트,스마트스토어,,,판매중,전시중,9996,44000,44000,,,N,N,N,,,,,1.0%,0,0,0,0,0,,,,오늘출발,"평일 16시00분까지 결제 완료된 주문

",기본 배송비 묶음그룹,무료,,0,3000,6000,N,Y,-,83087611573,,,,,,,가구/인테리어,수예,자수,패키지,스팃스,스팃스,,,,N,N,N,,,,http://shop1.phinf.naver.net/20210423_22/1619149756091qgjXF_JPEG/20285589901058492_2124431569.jpg,,,,Y,2021-04-23 12:49:44,2026-06-16 22:26:19,
,5543109453,,스팃스 화병가득 모란부케 무지원단 실 십자수 패키지 도안 실 원단 포함 풀세트,스마트스토어,,,판매중,전시중,9990,33000,33000,,,N,N,N,,,,,1.0%,0,0,0,0,0,,,,오늘출발,"평일 16시00분까지 결제 완료된 주문

",기본 배송비 묶음그룹,무료,,0,3000,6000,N,Y,-,83087605144,,,,,,,가구/인테리어,수예,자수,패키지,스팃스,스팃스,,,,N,N,N,,,,http://shop1.phinf.naver.net/20210423_226/1619149599223YGMI0_JPEG/20285433022444547_1595551649.jpg,,,,Y,2021-04-23 12:47:19,2026-02-20 12:51:07,
,5543101361,,스팃스 화병속 해바라기 보석십자수 도안형 DIY 키트 재물운,스마트스토어,,,판매중,전시중,9999,28000,28000,,,N,N,N,,,,,1.0%,0,0,0,0,0,,,,오늘출발,"평일 16시00분까지 결제 완료된 주문

",기본 배송비 묶음그룹,무료,,0,3000,6000,N,Y,-,83087597052,,,,,,,가구/인테리어,수예,보석십자수,,스팃스,스팃스,,,,N,N,N,,,,http://shop1.phinf.naver.net/20260530_115/1780073181677OIF3B_PNG/5040998335401708_1841766492.png,,,,Y,2021-04-23 12:44:19,2026-05-30 01:46:45,
,5543095408,,스팃스 달마 대사불 보석십자수 도안형 불교 DIY 키트 마음평화 기도용,스마트스토어,스팃스 달마 대사불 보석십자수 도안형 불교 DIY 키트 마음평화 기도용,,판매중,전시중,19994,22000,22000,,,Y,N,Y,,,,,1.0%,0,0,0,0,0,,,,오늘출발,"평일 16시00분까지 결제 완료된 주문

",기본 배송비 묶음그룹,무료,,0,3000,6000,N,Y,-,83087591099,,,,,,,가구/인테리어,수예,보석십자수,,스팃스,스팃스,,,,N,N,N,,,,http://shop1.phinf.naver.net/20260530_231/1780073230923OmDTj_PNG/1433681888367922_782065827.png,,,,Y,2021-04-23 12:42:19,2026-06-16 22:26:56,
,5543092202,,스팃스 달마대사  보석십자수 도안형 DIY 키트 불교 마음평화 기도용,스마트스토어,,,판매중,전시중,19995,25000,25000,,,Y,N,N,,,,,1.0%,0,0,0,0,0,,,,오늘출발,"평일 16시00분까지 결제 완료된 주문

",기본 배송비 묶음그룹,무료,,0,3000,6000,N,Y,-,83087587893,,,,,,,가구/인테리어,수예,보석십자수,,스팃스,스팃스,,,,N,N,N,,,,http://shop1.phinf.naver.net/20260530_218/1780120526381y96dS_JPEG/60320140290864626_351560093.jpg,,,,Y,2021-04-23 12:41:09,2026-06-16 22:27:13,
,5526571146,,스팃스 성모와 천사들 보석십자수 도안형 DIY 키트 마음평화 기도용,스마트스토어,,,판매중,전시중,9999,29000,29000,,,N,N,N,,,,,1.0%,0,0,0,0,0,,,,오늘출발,"평일 16시00분까지 결제 완료된 주문

",기본 배송비 묶음그룹,무료,,0,3000,6000,N,Y,-,83071066655,,,,,,,가구/인테리어,수예,보석십자수,,스팃스,스팃스,,,,N,N,N,,,,http://shop1.phinf.naver.net/20260530_181/1780149129374abU2N_PNG/45743578459748386_1788173672.png,,,,Y,2021-04-15 15:20:37,2026-05-30 22:52:32,
,5526508606,,스팃스 예수님의 만찬  보석십자수 도안형 DIY 키트 마음평화 기도용,스마트스토어,,,판매중,전시중,9999,38000,38000,,,N,N,N,,,,,1.0%,0,0,0,0,0,,,,오늘출발,"평일 16시00분까지 결제 완료된 주문

",기본 배송비 묶음그룹,무료,,0,3000,6000,N,Y,-,83071004115,,,,,,,가구/인테리어,수예,보석십자수,,스팃스,스팃스,,,,N,N,N,,,,http://shop1.phinf.naver.net/20260530_246/1780073286830577Ut_PNG/57595963641889405_67912961.png,,,,Y,2021-04-15 15:00:35,2026-05-30 01:48:29,
,5483576592,,스팃스 골드 유니콘  보석십자수 도안형 DIY 키트 키트 풍수 자수,스마트스토어,,,판매중,전시중,19998,27000,27000,,,Y,N,N,,,,,1.0%,0,0,0,0,0,,,,오늘출발,"평일 16시00분까지 결제 완료된 주문

",기본 배송비 묶음그룹,무료,,0,3000,6000,N,Y,-,83028071454,,,,,,,가구/인테리어,수예,보석십자수,,스팃스,스팃스,,,,N,N,N,,,,http://shop1.phinf.naver.net/20260530_241/17800734400885I18v_PNG/114206313206318093_465259845.png,,,,Y,2021-03-27 12:07:38,2026-06-16 22:28:00,
,5483574675,,스팃스 행복한 아기 백호랑이  보석십자수 도안형 DIY 키트 풍수 자수,스마트스토어,,,판매중,전시중,9998,25000,25000,,,N,N,N,,,,,1.0%,0,0,0,0,0,,,,오늘출발,"평일 16시00분까지 결제 완료된 주문

",기본 배송비 묶음그룹,무료,,0,3000,6000,N,Y,-,83028069537,,,,,,,가구/인테리어,수예,보석십자수,,스팃스,스팃스,,,,N,N,N,,,,http://shop1.phinf.naver.net/20260530_260/1780080176741ay9zm_PNG/97824625943605630_462786242.png,,,,Y,2021-03-27 12:06:48,2026-05-30 03:43:20,
,5483572405,,스팃스 초원위의 예수님 보석십자수 도안형 DIY 키트 마음평화 기도용,스마트스토어,,,판매중,전시중,99999,31000,31000,,,N,N,N,,,,,1.0%,0,0,0,0,0,,,,오늘출발,"평일 16시00분까지 결제 완료된 주문

",기본 배송비 묶음그룹,무료,,0,3000,6000,N,Y,-,83028067267,,,,,,,가구/인테리어,수예,보석십자수,,스팃스,스팃스,,,,N,N,N,,,,http://shop1.phinf.naver.net/20260530_2/1780146970504rzOVF_PNG/4431731206525292_1208595921.png,,,,Y,2021-03-27 12:05:40,2026-05-30 22:16:33,
,5483570082,,스팃스 아기양과 예수님 보석십자수 도안형 DIY 키트 마음평화 기도용,스마트스토어,,,판매중,전시중,9999,26000,26000,,,N,N,N,,,,,1.0%,0,0,0,0,0,,,,오늘출발,"평일 16시00분까지 결제 완료된 주문

",기본 배송비 묶음그룹,무료,,0,3000,6000,N,Y,-,83028064944,,,,,,,가구/인테리어,수예,보석십자수,,스팃스,스팃스,,,,N,N,N,,,,http://shop1.phinf.naver.net/20260530_118/1780073335551rwg2K_PNG/1433786666671867_1695827070.png,,,,Y,2021-03-27 12:04:44,2026-05-30 01:49:18,
,5480988230,,스팃스 꽃밭의 부엉이  보석십자수 도안형 DIY 키트 키트 풍수 자수,스마트스토어,,,판매중,전시중,9999,25000,25000,,,N,N,N,,,,,1.0%,0,0,0,0,0,,,,오늘출발,"평일 16시00분까지 결제 완료된 주문

",기본 배송비 묶음그룹,무료,,0,2500,5000,N,Y,-,83025483087,,,,,,,가구/인테리어,수예,보석십자수,,스팃스,스팃스,,,,N,N,N,,,,http://shop1.phinf.naver.net/20260530_217/1780147019708pSodU_PNG/45741468775515539_2008018410.png,,,,Y,2021-03-26 10:46:23,2026-06-17 11:19:26,
,5479408930,,스팃스 57 693 clover 일본 크로바 니들홀더 - 블루 바늘보관함 자석 바늘방석,스마트스토어,스팃스 57 693 clover 일본 크로바 니들홀더 - 블루 바늘보관함 자석 바늘방석,,판매중,전시중,99392,15000,15000,,,N,N,N,,,,,1.0%,0,0,0,0,0,,,,오늘출발,"평일 16시00분까지 결제 완료된 주문

",기본 배송비 묶음그룹,조건부 무료,선결제,3000,3000,6000,N,Y,-,83023903689,,,,,,,가구/인테리어,수예,수예용품/부자재,,크로바,크로바,270,,,N,N,N,,,,https://shop-phinf.pstatic.net/20210325_229/1616654756666M49BT_PNG/17790602380229634_345657766.png,,,,Y,2021-03-25 15:46:36,2026-06-16 17:01:13,
,5476611198,,수놓는소녀 실 십자수 패키지 (도안+원단+실+바늘),스마트스토어,,,판매중,전시중,9998,24000,24000,,,N,N,N,,,,,1.0%,0,0,0,0,0,,,,오늘출발,"평일 16시00분까지 결제 완료된 주문

",기본 배송비 묶음그룹,무료,,0,3000,6000,N,Y,-,83021105857,,,,,,,가구/인테리어,수예,자수,패키지,스팃스,스팃스,,,,N,N,N,,,,http://shop1.phinf.naver.net/20210324_126/1616564483548dpyP4_PNG/17700326249881927_13503478.png,,,,Y,2021-03-24 14:42:27,2026-02-20 12:51:07,
,5458777058,,스팃스 최후의 만찬 대형 보석십자수 도안형 DIY 키트 명화 인테리어,스마트스토어,,,판매중,전시중,9997,34000,34000,,,N,N,N,,,,,1.0%,0,0,0,0,0,,,,오늘출발,"평일 16시00분까지 결제 완료된 주문

",기본 배송비 묶음그룹,무료,,0,3000,6000,N,Y,-,83003271448,,,,,,,가구/인테리어,수예,보석십자수,,스팃스,스팃스,,,,N,N,N,,,,http://shop1.phinf.naver.net/20260530_65/1780073947150NTC8W_PNG/35282118186031485_853476194.png,,,,Y,2021-03-16 15:35:27,2026-06-16 22:29:42,
,5458773197,,스팃스 황금 쌍목 금전수 보석십자수 도안형 DIY 키트 재물운,스마트스토어,,,판매중,전시중,9998,28000,28000,,,N,N,N,,,,,1.0%,0,0,0,0,0,,,,오늘출발,"평일 16시00분까지 결제 완료된 주문

",기본 배송비 묶음그룹,무료,,0,3000,6000,N,Y,-,83003267587,,,,,,,가구/인테리어,수예,보석십자수,,스팃스,스팃스,,,,N,N,N,,,,http://shop1.phinf.naver.net/20260530_298/1780073898431u8kNQ_PNG/56535244242255874_916707211.png,,,,Y,2021-03-16 15:33:46,2026-06-16 22:30:00,
,5458769396,,스팃스 전능하신 예수님 보석십자수 도안형 DIY 키트 마음평화 기도용,스마트스토어,(보석십자수) 전능하신 예수님,,판매중,전시중,9994,28000,28000,,,N,N,Y,,,,,1.0%,0,0,0,0,0,,,,오늘출발,"평일 16시00분까지 결제 완료된 주문

",기본 배송비 묶음그룹,무료,,0,3000,6000,N,Y,-,83003263786,,,,,,,가구/인테리어,수예,보석십자수,,스팃스,스팃스,,,,N,N,N,,,,http://shop1.phinf.naver.net/20260530_143/17800738496194YNBG_PNG/8109988472587133_2019534322.png,,,,Y,2021-03-16 15:31:51,2026-05-30 01:57:52,
,5458767156,,스팃스 나를 보살피시는 예수님 보석십자수 도안형 DIY 키트 마음평화 기도용,스마트스토어,,,판매중,전시중,22000,22000,22000,,,N,N,N,,,,,1.0%,0,0,0,0,0,,,,오늘출발,"평일 16시00분까지 결제 완료된 주문

",기본 배송비 묶음그룹,무료,,0,3000,6000,N,Y,-,83003261546,,,,,,,가구/인테리어,수예,보석십자수,,스팃스,스팃스,,,,N,N,N,,,,http://shop1.phinf.naver.net/20260530_163/1780073801145wXolF_PNG/3830239925106676_1661189359.png,,,,Y,2021-03-16 15:30:47,2026-05-30 01:57:04,
,5458764606,,스팃스 화개 금전수 부부공작 금전 목단화 보석십자수 도안형 DIY 키트 재물운,스마트스토어,,,판매중,전시중,99996,32000,32000,,,N,N,N,,,,,1.0%,0,0,0,0,0,,,,오늘출발,"평일 16시00분까지 결제 완료된 주문

",기본 배송비 묶음그룹,무료,,0,3000,6000,N,Y,-,83003258996,,,,,,,가구/인테리어,수예,보석십자수,,스팃스,스팃스,,,,N,N,N,,,,http://shop1.phinf.naver.net/20260530_29/1780073752699DFNo3_PNG/57596429559591703_411944167.png,,,,Y,2021-03-16 15:29:23,2026-06-16 22:30:52,
,5458761584,,스팃스 금전수 목단화 보석십자수 도안형 DIY 키트 금전 꽃 인테리어,스마트스토어,,,판매중,전시중,9999,27000,27000,,,N,N,N,,,,,1.0%,0,0,0,0,0,,,,오늘출발,"평일 16시00분까지 결제 완료된 주문

",기본 배송비 묶음그룹,무료,,0,3000,6000,N,Y,-,83003255974,,,,,,,가구/인테리어,수예,보석십자수,,스팃스,스팃스,,,,N,N,N,,,,http://shop1.phinf.naver.net/20260530_290/1780073704371IOBhg_PNG/97818153598483836_306032283.png,,,,Y,2021-03-16 15:28:18,2026-05-31 15:58:19,
,5458759891,,스팃스 나의 곁에 오직 예수님 보석십자수 도안형 DIY 키트 마음평화 기도용,스마트스토어,,,판매중,전시중,99999,27000,27000,,,N,N,N,,,,,1.0%,0,0,0,0,0,,,,오늘출발,"평일 16시00분까지 결제 완료된 주문

",기본 배송비 묶음그룹,무료,,0,3000,6000,N,Y,-,83003254281,,,,,,,가구/인테리어,수예,보석십자수,,스팃스,스팃스,,,,N,N,N,,,,http://shop1.phinf.naver.net/20260530_98/1780073655903KJyWe_PNG/93170564920808237_653254810.png,,,,Y,2021-03-16 15:27:24,2026-06-16 22:31:28,
,5458757734,,스팃스 황금 잉어 보석십자수 도안형 DIY 키트 재물운,스마트스토어,,,판매중,전시중,99999,32000,32000,,,N,N,N,,,,,1.0%,0,0,0,0,0,,,,오늘출발,"평일 16시00분까지 결제 완료된 주문

",기본 배송비 묶음그룹,무료,,0,3000,6000,N,Y,-,83003252124,,,,,,,가구/인테리어,수예,보석십자수,,스팃스,스팃스,,,,N,N,N,,,,http://shop1.phinf.naver.net/20260530_107/1780073607641oMchd_PNG/97818056899095395_1446758485.png,,,,Y,2021-03-16 15:26:15,2026-06-16 22:31:47,
,5458755829,,스팃스 행복의 부엉이 가족보석십자수 도안형 DIY 키트 재물운,스마트스토어,,,판매중,전시중,99999,32000,32000,,,N,N,N,,,,,1.0%,0,0,0,0,0,,,,오늘출발,"평일 16시00분까지 결제 완료된 주문

",기본 배송비 묶음그룹,무료,,0,3000,6000,N,Y,-,83003250219,,,,,,,가구/인테리어,수예,보석십자수,,스팃스,스팃스,,,,N,N,N,,,,http://shop1.phinf.naver.net/20260530_75/1780073559264snS6d_PNG/1434010343401331_2071044710.png,,,,Y,2021-03-16 15:25:18,2026-05-30 01:53:02,
,5458753415,,스팃스 황금 은행나무 잎 보석십자수 도안형 DIY 키트 재물운,스마트스토어,,,판매중,전시중,9999,26000,26000,,,N,N,N,,,,,1.0%,0,0,0,0,0,,,,오늘출발,"평일 16시00분까지 결제 완료된 주문

",기본 배송비 묶음그룹,무료,,0,3000,6000,N,Y,-,83003247805,,,,,,,가구/인테리어,수예,보석십자수,,스팃스,스팃스,,,,N,N,N,,,,http://shop1.phinf.naver.net/20260530_286/1780080225735QnjCA_PNG/114213066957210945_697967917.png,,,,Y,2021-03-16 15:24:10,2026-05-30 03:44:08,
,5458751470,,스팃스 달빛 아래 부엉이 보석십자수 도안형 DIY 키트 재물운,스마트스토어,,,판매중,전시중,9998,26000,26000,,,N,N,N,,,,,1.0%,0,0,0,0,0,,,,오늘출발,"평일 16시00분까지 결제 완료된 주문

",기본 배송비 묶음그룹,무료,,0,3000,6000,N,Y,-,83003245860,,,,,,,가구/인테리어,수예,보석십자수,,스팃스,스팃스,,,,N,N,N,,,,http://shop1.phinf.naver.net/20260530_296/178014711849795PT1_PNG/93244027473111340_648088827.png,,,,Y,2021-03-16 15:23:17,2026-06-16 22:32:27,
,5458748916,,스팃스 행운을 부르는 청사과 보석십자수 도안형 DIY 키트 재물운 인테리어,스마트스토어,,,판매중,전시중,99899,22400,22400,,,N,N,N,,,,,1.0%,0,0,0,0,0,,,,오늘출발,"평일 16시00분까지 결제 완료된 주문

",기본 배송비 묶음그룹,무료,,0,3000,6000,N,Y,-,83003243306,,,,,,,가구/인테리어,수예,보석십자수,,스팃스,스팃스,,,,N,N,N,,,,http://shop1.phinf.naver.net/20260530_271/1780147069001OlCaT_PNG/35355240085199260_1676288449.png,,,,Y,2021-03-16 15:22:04,2026-05-30 22:18:12,
,5447493290,,스팃스 황금장미와 나비 보석십자수 도안형 DIY 키트 재물운,스마트스토어,,,판매중,전시중,99899,23000,23000,,,N,N,N,,,,,1.0%,0,0,0,0,0,,,,오늘출발,"평일 16시00분까지 결제 완료된 주문

",기본 배송비 묶음그룹,무료,,0,3000,6000,N,Y,-,82991987520,,,,,,,가구/인테리어,수예,보석십자수,,스팃스,스팃스,,,,N,N,N,,,,http://shop1.phinf.naver.net/20260530_19/1780073995590Uq7Bf_PNG/60273609488676926_993802628.png,,,,Y,2021-03-11 10:33:42,2026-06-17 11:22:03,
,5447490388,,보석십자수)  잉꼬 백조 부부,스마트스토어,,,판매중지,전시중,99999,18000,18000,,,N,N,N,,,,,1.0%,0,0,0,0,0,,,,오늘출발,"평일 16시00분까지 결제 완료된 주문

",기본 배송비 묶음그룹,무료,,0,3000,6000,N,Y,-,82991984618,,,,,,,가구/인테리어,수예,보석십자수,,자체제작,자체브랜드,,,,N,N,N,,,,http://shop1.phinf.naver.net/20210311_28/1615426776721QTfMv_JPEG/16562619423648624_680718172.jpg,,,,Y,2021-03-11 10:32:16,2026-02-10 15:30:02,
,5447486611,,스팃스 풍선 오드리햅번 스타일 보석십자수 도안형 DIY 키트 감성 풍경 자수,스마트스토어,,,판매중,전시중,99998,24000,24000,,,N,N,N,,,,,1.0%,0,0,0,0,0,,,,오늘출발,"평일 16시00분까지 결제 완료된 주문

",기본 배송비 묶음그룹,무료,,0,3000,6000,N,Y,-,82991980841,,,,,,,가구/인테리어,수예,보석십자수,,스팃스,스팃스,,,,N,N,N,,,,http://shop1.phinf.naver.net/20260530_173/1780074044020HgBnK_PNG/113827242462828933_890435635.png,,,,Y,2021-03-11 10:30:17,2026-05-30 02:01:06,
,5389115598,,스팃스 황금 금전수 대형 나비 보석십자수 도안형 DIY 키트 재물운,스마트스토어,,,판매중,전시중,9998,36000,36000,,,N,N,N,,,,,1.0%,0,0,0,0,0,,,,오늘출발,"평일 16시00분까지 결제 완료된 주문

",기본 배송비 묶음그룹,무료,,0,3000,6000,N,Y,-,82933608878,,,,,,,가구/인테리어,수예,보석십자수,,스팃스,스팃스,,,,N,N,N,,,,http://shop1.phinf.naver.net/20260530_268/1780074247338hVOu4_PNG/113827445817156271_1605453452.png,,,,Y,2021-02-09 12:47:16,2026-06-16 22:33:22,
,5389112443,,스팃스 별빛 달빛 부엉이 보석십자수 도안형 DIY 키트 재물운,스마트스토어,,,판매중,전시중,9999,29000,29000,,,N,N,N,,,,,1.0%,0,0,0,0,0,,,,오늘출발,"평일 16시00분까지 결제 완료된 주문

",기본 배송비 묶음그룹,무료,,0,3000,6000,N,Y,-,82933605723,,,,,,,가구/인테리어,수예,보석십자수,,스팃스,스팃스,,,,N,N,N,,,,http://shop1.phinf.naver.net/20260530_123/17800741986209u3oD_PNG/113482408574758109_81685179.png,,,,Y,2021-02-09 12:45:03,2026-06-16 22:33:41,
,5389110793,,스팃스 황금알 바구니 부엉이 보석십자수 도안형 DIY 키트 재물운,스마트스토어,,,판매중,전시중,9998,28000,28000,,,N,N,N,,,,,1.0%,0,0,0,0,0,,,,오늘출발,"평일 16시00분까지 결제 완료된 주문

",기본 배송비 묶음그룹,무료,,0,3000,6000,N,Y,-,82933604073,,,,,,,가구/인테리어,수예,보석십자수,,스팃스,스팃스,,,,N,N,N,,,,http://shop1.phinf.naver.net/20260530_278/1780074149741Ds3xQ_PNG/102883860340783341_246874515.png,,,,Y,2021-02-09 12:43:45,2026-05-30 02:02:53,
,5389107871,,스팃스 금술 좋은 부엉이 보석십자수 도안형 DIY 키트 재물운,스마트스토어,,,판매중,전시중,9999,29800,29800,,,N,N,N,,,,,1.0%,0,0,0,0,0,,,,오늘출발,"평일 16시00분까지 결제 완료된 주문

",기본 배송비 묶음그룹,무료,,0,3000,6000,N,Y,-,82933601151,,,,,,,가구/인테리어,수예,보석십자수,,스팃스,스팃스,,,,N,N,N,,,,http://shop1.phinf.naver.net/20260530_196/1780147167351C8IYy_PNG/14795903118176061_1270256479.png,,,,Y,2021-02-09 12:41:58,2026-06-17 11:24:02,
,5389102528,,스팃스 보라빛 벚꽃 부엉이 보석십자수 도안형 DIY 키트 재물운,스마트스토어,,,판매중,전시중,9998,32000,32000,,,N,N,N,,,,,1.0%,0,0,0,0,0,,,,오늘출발,"평일 16시00분까지 결제 완료된 주문

",기본 배송비 묶음그룹,무료,,0,3000,6000,N,Y,-,82933595808,,,,,,,가구/인테리어,수예,보석십자수,,스팃스,스팃스,,,,N,N,N,,,,http://shop1.phinf.naver.net/20260530_273/178007409244746W1u_PNG/32774666523785052_779800750.png,,,,Y,2021-02-09 12:38:55,2026-06-16 22:34:21,
,5354058868,,루타 자수 프린트 도안 커트지 (21.5cm x 24cm),스마트스토어,,,판매중지,전시중,9994,6500,6500,,,N,N,N,,,,,1.0%,0,0,0,0,0,,,,오늘출발,"평일 16시00분까지 결제 완료된 주문

",기본 배송비 묶음그룹,조건부 무료,선결제,3000,3000,6000,N,Y,-,82898551837,,,,,,,가구/인테리어,수예,자수,패키지,자체제작,자체브랜드,,,,N,N,N,,,,http://shop1.phinf.naver.net/20210123_93/1611395456664OXda0_JPEG/12531345338653797_285365496.jpg,,,,Y,2021-01-23 18:51:21,2026-02-10 15:30:02,
,5354057027,,티타임 자수 프린트 도안 커트지 (19cm x 23.5cm),스마트스토어,,,품절,전시중,0,6500,6500,,,N,N,N,,,,,1.0%,0,0,0,0,0,,,,오늘출발,"평일 16시00분까지 결제 완료된 주문

",기본 배송비 묶음그룹,조건부 무료,선결제,3000,3000,6000,N,Y,-,82898549996,,,,,,,가구/인테리어,수예,자수,패키지,자체제작,자체브랜드,,,,N,N,N,,,,http://shop1.phinf.naver.net/20210123_13/1611395398858WwwnG_JPEG/12531232464657906_811693335.jpg,,,,Y,2021-01-23 18:50:26,2026-02-10 15:30:02,
,5354055302,,벨풀 자수 프린트 도안 커트지 5종 (11cm x 14.5cm),스마트스토어,,,판매중지,전시중,9998,6500,6500,,,N,N,N,,,,,1.0%,0,0,0,0,0,,,,오늘출발,"평일 16시00분까지 결제 완료된 주문

",기본 배송비 묶음그룹,조건부 무료,선결제,2500,2500,2500,N,Y,-,82898548271,,,,,,,가구/인테리어,수예,자수,패키지,자체제작,자체브랜드,,,,N,N,N,,,,http://shop1.phinf.naver.net/20210123_159/16113953256893JTmM_JPEG/12531160485344530_1948554001.jpg,,,,Y,2021-01-23 18:49:30,2026-02-10 15:30:02,
,5354053117,,라이프잇허브 자수 프린트 도안커트지(19cm x 24.5cm),스마트스토어,,,판매중지,전시중,9996,6500,6500,,,N,N,N,,,,,1.0%,0,0,0,0,0,,,,오늘출발,"평일 16시00분까지 결제 완료된 주문

",기본 배송비 묶음그룹,조건부 무료,선결제,2500,2500,2500,N,Y,-,82898546086,,,,,,,가구/인테리어,수예,자수,패키지,자체제작,자체브랜드,,,,N,N,N,,,,http://shop1.phinf.naver.net/20210123_226/16113952588548UHXb_JPEG/12531104566496145_1658718384.jpg,,,,Y,2021-01-23 18:48:14,2026-02-10 15:30:01,
,5352400365,,보석십자수 LED 멀티펜 펜과 펜촉5종 세트 LED보석십자수펜 보석십자수펜세트,스마트스토어,,,판매중,전시중,199986,2400,2400,,,Y,N,N,,,,,1.0%,0,0,0,0,0,,,,오늘출발,"평일 16시00분까지 결제 완료된 주문

",기본 배송비 묶음그룹,조건부 무료,선결제,3000,3000,6000,N,Y,-,82896893334,,,,,,,가구/인테리어,수예,보석십자수,,스팃스,스팃스,,,,N,N,N,,,,http://shop1.phinf.naver.net/20210122_215/1611319352472wvWLa_JPEG/12455248176626870_2075171870.jpg,,,,Y,2021-01-22 21:44:18,2026-02-20 12:51:07,
,5330293272,,스팃스 황금 불새 보석십자수 도안형 DIY 키트 재물운,스마트스토어,,,판매중,전시중,9998,24000,24000,,,N,N,N,,,,,1.0%,0,0,0,0,0,,,,오늘출발,"평일 16시00분까지 결제 완료된 주문

",기본 배송비 묶음그룹,무료,,0,3000,6000,N,Y,-,82874785875,,,,,,,가구/인테리어,수예,보석십자수,,스팃스,스팃스,,,,N,N,N,,,,http://shop1.phinf.naver.net/20260530_240/1780074344368NGaVJ_PNG/57597021190367078_108796811.png,,,,Y,2021-01-12 21:34:55,2026-05-30 02:06:07,
,5330292217,,스팃스 재물과 행운의 청홍사과 보석십자수 도안형 DIY 키트 재물운,스마트스토어,,,판매중지,전시중,9998,24000,24000,,,N,N,N,,,,,1.0%,0,0,0,0,0,,,,오늘출발,"평일 16시00분까지 결제 완료된 주문

",기본 배송비 묶음그룹,무료,,0,3000,6000,N,Y,-,82874784820,,,,,,,가구/인테리어,수예,보석십자수,,자체제작,자체브랜드,,,,N,N,N,,,,http://shop1.phinf.naver.net/20210112_264/1610454807336GtBpv_JPEG/11590650031849490_1068454096.jpg,,,,Y,2021-01-12 21:33:56,2026-02-13 19:53:15,
,5330290542,,스팃스 황금 부엉이 가족 보석십자수 도안형 DIY 키트 대형 재물,스마트스토어,,,판매중,전시중,9997,34000,34000,,,N,N,N,,,,,1.0%,0,0,0,0,0,,,,오늘출발,"평일 16시00분까지 결제 완료된 주문

",기본 배송비 묶음그룹,무료,,0,3000,6000,N,Y,-,82874783145,,,,,,,가구/인테리어,수예,보석십자수,,스팃스,스팃스,,,,N,N,N,,,,http://shop1.phinf.naver.net/20260530_232/1780074295774pEeAQ_PNG/56535641533201756_80170534.png,,,,Y,2021-01-12 21:32:50,2026-06-16 22:35:17,
,5330288377,,부귀꽃공작 실  십자수 패키지 (도안+원단+실+바늘),스마트스토어,,,판매중,전시중,99899,34000,34000,,,N,N,N,,,,,1.0%,0,0,0,0,0,,,,오늘출발,"평일 16시00분까지 결제 완료된 주문

",기본 배송비 묶음그룹,무료,,0,3000,6000,N,Y,-,82874780980,,,,,,,가구/인테리어,수예,자수,패키지,스팃스,스팃스,,,,N,N,N,,,,http://shop1.phinf.naver.net/20210112_268/1610454622963pd8ii_JPEG/11590468640276398_508687289.jpg,,,,Y,2021-01-12 21:31:02,2026-05-29 15:43:03,
,5301434683,,스팃스 풍차와 해바라기 보석십자수 도안형 DIY 키트 재물운,스마트스토어,,,판매중,전시중,9999,36000,36000,,,N,N,N,,,,,1.0%,0,0,0,0,0,,,,오늘출발,"평일 16시00분까지 결제 완료된 주문

",기본 배송비 묶음그룹,무료,,0,3000,6000,N,Y,-,82845927049,,,,,,,가구/인테리어,수예,보석십자수,,스팃스,스팃스,,,,N,N,N,,,,http://shop1.phinf.naver.net/20260530_239/1780074400389XdvT6_PNG/45668849519470655_2102025254.png,,,,Y,2020-12-29 10:53:28,2026-05-30 02:07:03,
,5295806644,,보석십자수) 부귀 평안 두루미,스마트스토어,,,판매중지,전시중,9998,38000,38000,,,N,N,N,,,,,1.0%,0,0,0,0,0,,,,오늘출발,"평일 16시00분까지 결제 완료된 주문

",기본 배송비 묶음그룹,무료,,0,3000,6000,N,Y,-,82840298895,,,,,,,가구/인테리어,수예,보석십자수,,자체제작,자체브랜드,,,,N,N,N,,,,http://shop1.phinf.naver.net/20201225_249/1608867641154GQw9O_JPEG/10003475960211956_1002403114.jpg,,,,Y,2020-12-25 12:41:37,2026-02-10 15:30:01,
,5295804732,,스팃스 달빛 호수의 금전수 보석십자수 도안형 DIY 키트 재물운,스마트스토어,,,판매중,전시중,9999,34000,34000,,,N,N,N,,,,,1.0%,0,0,0,0,0,,,,오늘출발,"평일 16시00분까지 결제 완료된 주문

",기본 배송비 묶음그룹,무료,,0,3000,6000,N,Y,-,82840296983,,,,,,,가구/인테리어,수예,보석십자수,,스팃스,스팃스,,,,N,N,N,,,,http://shop1.phinf.naver.net/20260530_274/1780074449068c80nC_PNG/45668898160116121_1295292613.png,,,,Y,2020-12-25 12:40:11,2026-06-16 22:36:13,
,5295803524,,스팃스 빛나는 골드트리 보석십자수 도안형 DIY 키트 재물운,스마트스토어,,,판매중,전시중,9998,28000,28000,,,N,N,N,,,,,1.0%,0,0,0,0,0,,,,오늘출발,"평일 16시00분까지 결제 완료된 주문

",기본 배송비 묶음그룹,무료,,0,3000,6000,N,Y,-,82840295775,,,,,,,가구/인테리어,수예,보석십자수,,스팃스,스팃스,,,,N,N,N,,,,http://shop1.phinf.naver.net/20260605_149/178063564247399lLK_PNG/15284378271088547_748073786.png,,,,Y,2020-12-25 12:39:01,2026-06-05 14:00:44,
,5295798339,,스팃스 황금열쇠 부엉이 보석십자수 도안형 DIY 키트 재물운,스마트스토어,,,판매중,전시중,9999,32000,32000,,,N,N,N,,,,,1.0%,0,0,0,0,0,,,,오늘출발,"평일 16시00분까지 결제 완료된 주문

",기본 배송비 묶음그룹,무료,,0,3000,6000,N,Y,-,82840290590,,,,,,,가구/인테리어,수예,보석십자수,,스팃스,스팃스,,,,N,N,N,,,,http://shop1.phinf.naver.net/20260530_161/1780074547114DIwlp_PNG/113827745393288447_1517417703.png,,,,Y,2020-12-25 12:36:38,2026-05-30 02:09:30,
,5295795644,,스팃스 최후의 만찬 소형 보석십자수 도안형 DIY 키트 마음평화 기도용,스마트스토어,,,판매중,전시중,99996,27000,27000,,,N,N,N,,,,,1.0%,0,0,0,0,0,,,,오늘출발,"평일 16시00분까지 결제 완료된 주문

",기본 배송비 묶음그룹,무료,,0,3000,6000,N,Y,-,82840287895,,,,,,,가구/인테리어,수예,보석십자수,,스팃스,스팃스,,,,N,N,N,,,,http://shop1.phinf.naver.net/20260530_207/1780074595480vGTNq_PNG/113482805467947624_540916651.png,,,,Y,2020-12-25 12:35:00,2026-05-30 02:10:18,
,5295775860,,스팃스 노옵션 니들펠트 인형 만들기 DIY 패키지 20종 택1 양모펠트 펠트공예,스마트스토어,,,판매중,전시중,1999966,6400,6400,,,Y,N,N,,,,,1.0%,0,0,0,0,0,,,,오늘출발,"평일 16시00분까지 결제 완료된 주문

",기본 배송비 묶음그룹,조건부 무료,선결제,3000,3000,6000,N,Y,-,82840268111,,,,,,,가구/인테리어,수예,퀼트/펠트,패키지,스팃스,스팃스,,,,N,N,N,,,,http://shop1.phinf.naver.net/20201225_215/1608865811694GFdvC_JPEG/10001595361853066_1394145955.jpg,,,,Y,2020-12-25 12:25:30,2026-02-20 12:51:07,
,5273819979,,스팃스 실리콘 손잡이 모사용 코바늘 9종 세트 소프트 그립 뜨개질 뜨개바늘 DIY,스마트스토어,,,판매중,전시중,9999,8800,8800,,,N,N,N,,,,,1.0%,0,0,0,0,0,,,,오늘출발,"평일 16시00분까지 결제 완료된 주문

",기본 배송비 묶음그룹,조건부 무료,선결제,3000,3000,6000,N,Y,-,82818332412,,,,,,,가구/인테리어,수예,뜨개질,뜨개질바늘,스팃스,스팃스,,,,N,N,N,,,,http://shop1.phinf.naver.net/20201213_163/1607853329994b6OE4_JPEG/8989109710722124_1177958839.jpg,,,,Y,2020-12-13 18:57:47,2026-02-20 12:51:07,
,5273810984,,프랑스자수 에코백 만들기 DIY KIT,스마트스토어,,,판매중지,전시중,9997,33800,33800,,,N,N,N,,,,,1.0%,0,0,0,0,0,,,,오늘출발,"평일 16시00분까지 결제 완료된 주문

",기본 배송비 묶음그룹,조건부 무료,선결제,3000,3000,6000,N,Y,-,82818323417,,,,,,,가구/인테리어,수예,자수,패키지,자체제작,자체브랜드,,,,N,N,N,,,,http://shop1.phinf.naver.net/20201213_16/1607853137386DLETO_JPEG/8988917107830234_1201369387.jpg,,,,Y,2020-12-13 18:54:16,2026-02-10 15:30:01,
,5272384926,,스팃스 행운의 백호랑이 보석십자수 도안형 DIY 키트 재물운,스마트스토어,,,판매중,전시중,9997,16000,16000,,,N,N,N,,,,,1.0%,0,0,0,0,0,,,,오늘출발,"평일 16시00분까지 결제 완료된 주문

",기본 배송비 묶음그룹,무료,,0,3000,6000,N,Y,-,82816907702,,,,,,,가구/인테리어,수예,보석십자수,,스팃스,스팃스,,,,N,N,N,,,,http://shop1.phinf.naver.net/20260530_199/1780073391556tsFxo_PNG/57596068423546833_2113387482.png,,,,Y,2020-12-12 17:46:27,2026-05-30 02:11:06,
,5272383564,,스팃스 전설의 유니콘 보석십자수 도안형 DIY 키트 재물운,스마트스토어,,,판매중,전시중,9998,19000,19000,,,N,N,N,,,,,1.0%,0,0,0,0,0,,,,오늘출발,"평일 16시00분까지 결제 완료된 주문

",기본 배송비 묶음그룹,무료,,0,3000,6000,N,Y,-,82816906340,,,,,,,가구/인테리어,수예,보석십자수,,스팃스,스팃스,,,,N,N,N,,,,http://shop1.phinf.naver.net/20260530_179/1780145230498gHl79_PNG/97889679754269095_1821912734.png,,,,Y,2020-12-12 17:45:01,2026-05-30 21:47:33,
,5272382255,,스팃스 금전 백사자 보석십자수 도안형 DIY 키트 재물운,스마트스토어,,,판매중,전시중,9997,23000,23000,,,N,N,N,,,,,1.0%,0,0,0,0,0,,,,오늘출발,"평일 16시00분까지 결제 완료된 주문

",기본 배송비 묶음그룹,무료,,0,3000,6000,N,Y,-,82816905031,,,,,,,가구/인테리어,수예,보석십자수,,스팃스,스팃스,,,,N,N,N,,,,http://shop1.phinf.naver.net/20260530_59/1780075041472t5mLi_PNG/126708824700992234_1478501030.png,,,,Y,2020-12-12 17:43:31,2026-05-30 02:17:44,
,5272379607,,스팃스 용맹한 늑대 보석십자수 도안형 DIY 키트 재물운 인테리어,스마트스토어,,,판매중,전시중,9999,19000,19000,,,N,N,N,,,,,1.0%,0,0,0,0,0,,,,오늘출발,"평일 16시00분까지 결제 완료된 주문

",기본 배송비 묶음그룹,무료,,0,3000,6000,N,Y,-,82816902383,,,,,,,가구/인테리어,수예,보석십자수,,스팃스,스팃스,,,,N,N,N,,,,http://shop1.phinf.naver.net/20260530_245/1780075090344t8157_PNG/56300064194936626_791475862.png,,,,Y,2020-12-12 17:40:59,2026-05-30 02:18:33,
,5272376512,,보석십자수) 마를린먼로,스마트스토어,,,판매중지,전시중,9998,19000,19000,,,N,N,N,,,,,1.0%,0,0,0,0,0,,,,오늘출발,"평일 16시00분까지 결제 완료된 주문

",기본 배송비 묶음그룹,무료,,0,2500,2500,N,Y,-,82816899288,,,,,,,가구/인테리어,수예,보석십자수,,자체제작,자체브랜드,,,,N,N,N,,,,http://shop1.phinf.naver.net/20201212_206/1607762270094UqHpl_JPEG/8898097918952241_1668359126.jpg,,,,Y,2020-12-12 17:38:52,2026-02-10 15:30:01,
,5272374530,,스팃스 내게 힘을 주는 부엉이 보석십자수 도안형 DIY 키트 재물운,스마트스토어,,,판매중,전시중,9998,19000,19000,,,N,N,N,,,,,1.0%,0,0,0,0,0,,,,오늘출발,"평일 16시00분까지 결제 완료된 주문

",기본 배송비 묶음그룹,무료,,0,3000,6000,N,Y,-,82816897306,,,,,,,가구/인테리어,수예,보석십자수,,스팃스,스팃스,,,,N,N,N,,,,http://shop1.phinf.naver.net/20260530_87/1780075139041MW1Nw_PNG/126708922261001669_1347488303.png,,,,Y,2020-12-12 17:37:21,2026-06-16 22:38:49,
,5272372628,,보석십자수) 진주 귀걸이를 한 소녀,스마트스토어,,,판매중지,전시중,9998,23000,23000,,,N,N,N,,,,,1.0%,0,0,0,0,0,,,,오늘출발,"평일 16시00분까지 결제 완료된 주문

",기본 배송비 묶음그룹,무료,,0,2500,2500,N,Y,-,82816895404,,,,,,,가구/인테리어,수예,보석십자수,,자체제작,자체브랜드,,,,N,N,N,,,,http://shop1.phinf.naver.net/20201212_130/16077621339267pz5c_JPEG/8897961726861002_504011433.jpg,,,,Y,2020-12-12 17:36:09,2026-02-10 15:30:01,
,5272371131,,스팃스 초록 눈망울 강아지 보석십자수 도안형 DIY 키트 감성 풍경 자수,스마트스토어,,,판매중,전시중,9999,19000,19000,,,N,N,N,,,,,1.0%,0,0,0,0,0,,,,오늘출발,"평일 16시00분까지 결제 완료된 주문

",기본 배송비 묶음그룹,무료,,0,3000,6000,N,Y,-,82816893907,,,,,,,가구/인테리어,수예,보석십자수,,스팃스,스팃스,,,,N,N,N,,,,http://shop1.phinf.naver.net/20260530_284/1780147313691tpuQF_PNG/35355484778239196_777927478.png,,,,Y,2020-12-12 17:35:01,2026-05-30 22:22:16,
,5272369230,,스팃스 컬러풀 강아지 보석십자수 도안형 DIY 키트 감성 풍경 자수,스마트스토어,,,판매중,전시중,9999,19000,19000,,,N,N,N,,,,,1.0%,0,0,0,0,0,,,,오늘출발,"평일 16시00분까지 결제 완료된 주문

",기본 배송비 묶음그룹,무료,,0,3000,6000,N,Y,-,82816892006,,,,,,,가구/인테리어,수예,보석십자수,,스팃스,스팃스,,,,N,N,N,,,,http://shop1.phinf.naver.net/20260530_181/1780075195876vmexc_PNG/5043012506586495_1938663437.png,,,,Y,2020-12-12 17:33:49,2026-06-16 22:39:29,
,5272367980,,스팃스 장수 기원 말 보석십자수 도안형 DIY 키트 재물운,스마트스토어,,,판매중,전시중,9999,19000,19000,,,N,N,N,,,,,1.0%,0,0,0,0,0,,,,오늘출발,"평일 16시00분까지 결제 완료된 주문

",기본 배송비 묶음그룹,무료,,0,3000,6000,N,Y,-,82816890756,,,,,,,가구/인테리어,수예,보석십자수,,스팃스,스팃스,,,,N,N,N,,,,http://shop1.phinf.naver.net/20260530_44/1780075244457TwXcT_PNG/114208085638069721_2016020535.png,,,,Y,2020-12-12 17:32:41,2026-06-16 22:39:48,
,5272366416,,스팃스 달빛 푸우 친구들 보석십자수 도안형 DIY 키트 감성 풍경 자수,스마트스토어,,,판매중,전시중,9998,23000,23000,,,N,N,N,,,,,1.0%,0,0,0,0,0,,,,오늘출발,"평일 16시00분까지 결제 완료된 주문

",기본 배송비 묶음그룹,무료,,0,3000,6000,N,Y,-,82816889192,,,,,,,가구/인테리어,수예,보석십자수,,스팃스,스팃스,,,,N,N,N,,,,http://shop1.phinf.naver.net/20260530_204/1780075292824wopjn_PNG/4360053506983772_1384152831.png,,,,Y,2020-12-12 17:31:37,2026-05-30 02:21:55,
,5272361970,,스팃스 컬러풀 금전사자 보석십자수 도안형 DIY 키트 재물운,스마트스토어,,,판매중,전시중,9998,19000,19000,,,N,N,N,,,,,1.0%,0,0,0,0,0,,,,오늘출발,"평일 16시00분까지 결제 완료된 주문

",기본 배송비 묶음그룹,무료,,0,3000,6000,N,Y,-,82816884746,,,,,,,가구/인테리어,수예,보석십자수,,스팃스,스팃스,,,,N,N,N,,,,http://shop1.phinf.naver.net/20260530_261/1780075340581XQMbK_PNG/97819789788657479_1036922676.png,,,,Y,2020-12-12 17:28:44,2026-05-30 02:22:43,
,5267965926,,보빈함포함 4m 자수실 40색 80색 /프랑스자수 /십자수,스마트스토어,,,판매중,전시중,19989,8900,8900,,,Y,N,N,,,,,1.0%,0,0,0,0,0,,,,오늘출발,"평일 16시00분까지 결제 완료된 주문

",기본 배송비 묶음그룹,조건부 무료,선결제,3000,3000,6000,N,Y,-,82812488639,,,,,,,가구/인테리어,수예,자수,실/바늘,스팃스,스팃스,,,,N,N,N,,,,http://shop1.phinf.naver.net/20201210_280/1607580320389rTutc_JPEG/8716100042109025_2014319610.JPG,,,,Y,2020-12-10 15:06:53,2026-02-20 12:51:07,
,5265484251,,스팃스 레인보우 금불상 보석십자수 도안형 DIY 키트 마음평화 기도용,스마트스토어,,,판매중,전시중,9999,32000,32000,,,N,N,N,,,,,1.0%,0,0,0,0,0,,,,오늘출발,"평일 16시00분까지 결제 완료된 주문

",기본 배송비 묶음그룹,무료,,0,3000,6000,N,Y,-,82810006813,,,,,,,가구/인테리어,수예,보석십자수,,스팃스,스팃스,,,,N,N,N,,,,http://shop1.phinf.naver.net/20260530_18/1780075389156md7vq_PNG/113483599106393610_1871895854.png,,,,Y,2020-12-09 10:58:00,2026-05-30 02:23:32,
,5265479953,,스팃스 화려한 나비 고양이 보석십자수 도안형 DIY 키트 감성 풍경 자수,스마트스토어,,,판매중,전시중,9999,19000,19000,,,N,N,N,,,,,1.0%,0,0,0,0,0,,,,오늘출발,"평일 16시00분까지 결제 완료된 주문

",기본 배송비 묶음그룹,무료,,0,3000,6000,N,Y,-,82810002515,,,,,,,가구/인테리어,수예,보석십자수,,스팃스,스팃스,,,,N,N,N,,,,http://shop1.phinf.naver.net/20260530_22/1780075437721fPjtK_PNG/56536783478786469_1199582685.png,,,,Y,2020-12-09 10:56:17,2026-06-17 11:20:02,
,5265473875,,스팃스 모나리자 보석십자수 도안형 DIY 키트 명화 인테리어,스마트스토어,,,판매중,전시중,9999,19000,19000,,,N,N,N,,,,,1.0%,0,0,0,0,0,,,,오늘출발,"평일 16시00분까지 결제 완료된 주문

",기본 배송비 묶음그룹,무료,,0,3000,6000,N,Y,-,82809996437,,,,,,,가구/인테리어,수예,보석십자수,,스팃스,스팃스,,,,N,N,N,,,,http://shop1.phinf.naver.net/20260530_245/1780075486169o7JkJ_PNG/102885196824098503_548601923.png,,,,Y,2020-12-09 10:54:23,2026-06-17 11:30:16,
,5265468031,,스팃스 컬러풀 사슴 보석십자수 도안형 DIY 키트 감성 풍경 자수,스마트스토어,,,판매중,전시중,9999,23000,23000,,,N,N,N,,,,,1.0%,0,0,0,0,0,,,,오늘출발,"평일 16시00분까지 결제 완료된 주문

",기본 배송비 묶음그룹,무료,,0,3000,6000,N,Y,-,82809990593,,,,,,,가구/인테리어,수예,보석십자수,,스팃스,스팃스,,,,N,N,N,,,,http://shop1.phinf.naver.net/20260530_189/17800755344501tgcf_PNG/56300508315831285_94502947.png,,,,Y,2020-12-09 10:52:10,2026-06-16 22:41:33,
,5265464180,,스팃스 보랏빛 사랑 나무 보석십자수 도안형 DIY 키트 감성 풍경 자수,스마트스토어,,,판매중,전시중,9998,18000,18000,,,N,N,N,,,,,1.0%,0,0,0,0,0,,,,오늘출발,"평일 16시00분까지 결제 완료된 주문

",기본 배송비 묶음그룹,무료,,0,3000,6000,N,Y,-,82809986742,,,,,,,가구/인테리어,수예,보석십자수,,스팃스,스팃스,,,,N,N,N,,,,http://shop1.phinf.naver.net/20260530_102/1780075583002gdYhH_PNG/126709366195109108_1483157594.png,,,,Y,2020-12-09 10:50:35,2026-06-16 22:41:55,
,5242555593,,스팃스 하늘을 수놓은 오로라별빛 보석십자수 도안형 DIY 키트 감성 풍경 자수,스마트스토어,,,판매중,전시중,19000,16000,16000,,,N,N,N,,,,,1.0%,0,0,0,0,0,,,,오늘출발,"평일 16시00분까지 결제 완료된 주문

",기본 배송비 묶음그룹,무료,,0,3000,6000,N,Y,-,82787078010,,,,,,,가구/인테리어,수예,보석십자수,,스팃스,스팃스,,,,N,N,N,,,,http://shop1.phinf.naver.net/20260530_187/17800758882674aOQJ_PNG/57598565127770125_1613674712.png,,,,Y,2020-11-27 15:12:07,2026-05-30 02:31:51,
,5242551649,,스팃스 노을진 호숫가 풍경 보석십자수 도안형 DIY 키트 감성 풍경 자수,스마트스토어,,,판매중,전시중,99999,19000,19000,,,N,N,N,,,,,1.0%,0,0,0,0,0,,,,오늘출발,"평일 16시00분까지 결제 완료된 주문

",기본 배송비 묶음그룹,무료,,0,3000,6000,N,Y,-,82787074158,,,,,,,가구/인테리어,수예,보석십자수,,스팃스,스팃스,,,,N,N,N,,,,http://shop1.phinf.naver.net/20260530_245/1780075839984FrTjy_PNG/32776414086294497_1684263785.png,,,,Y,2020-11-27 15:11:03,2026-05-30 02:31:02,
,5242547212,,스팃스 달빛 소원 돌고래 보석십자수 도안형 DIY 키트 감성 풍경 자수,스마트스토어,,,판매중,전시중,99898,13000,13000,,,N,N,N,,,,,1.0%,0,0,0,0,0,,,,오늘출발,"평일 16시00분까지 결제 완료된 주문

",기본 배송비 묶음그룹,무료,,0,3000,6000,N,Y,-,82787069629,,,,,,,가구/인테리어,수예,보석십자수,,스팃스,스팃스,,,,N,N,N,,,,http://shop1.phinf.naver.net/20260530_114/1780075791493HF0O6_PNG/5043608155424002_586412904.png,,,,Y,2020-11-27 15:09:43,2026-06-16 22:42:40,
,5242544390,,스팃스 꿈의 궁전 보석십자수 도안형 DIY 키트 감성 풍경 자수,스마트스토어,,,판매중,전시중,9999,19000,19000,,,N,N,N,,,,,1.0%,0,0,0,0,0,,,,오늘출발,"평일 16시00분까지 결제 완료된 주문

",기본 배송비 묶음그룹,무료,,0,3000,6000,N,Y,-,82787066807,,,,,,,가구/인테리어,수예,보석십자수,,스팃스,스팃스,,,,N,N,N,,,,http://shop1.phinf.naver.net/20260530_30/1780075743075Wo09y_PNG/56537088847018951_1438566080.png,,,,Y,2020-11-27 15:08:51,2026-05-30 02:29:26,
,5242541588,,스팃스 소원 성취 오로라 보석십자수 도안형 DIY 키트 감성 풍경 자수,스마트스토어,,,판매중,전시중,99898,13000,13000,,,N,N,N,,,,,1.0%,0,0,0,0,0,,,,오늘출발,"평일 16시00분까지 결제 완료된 주문

",기본 배송비 묶음그룹,무료,,0,3000,6000,N,Y,-,82787064005,,,,,,,가구/인테리어,수예,보석십자수,,스팃스,스팃스,,,,N,N,N,,,,http://shop1.phinf.naver.net/20260530_49/1780147370065KbhIa_PNG/14756865631985656_2094971779.png,,,,Y,2020-11-27 15:07:59,2026-06-16 22:43:21,
,5242538135,,스팃스 봄날의 꽃과 새 보석십자수 도안형 DIY 키트 감성 풍경 자수,스마트스토어,,,판매중,전시중,9999,19000,19000,,,N,N,N,,,,,1.0%,0,0,0,0,0,,,,오늘출발,"평일 16시00분까지 결제 완료된 주문

",기본 배송비 묶음그룹,무료,,0,3000,6000,N,Y,-,82787060552,,,,,,,가구/인테리어,수예,보석십자수,,스팃스,스팃스,,,,N,N,N,,,,http://shop1.phinf.naver.net/20260530_170/1780075687177wwtC1_PNG/45670136308952347_1729744182.png,,,,Y,2020-11-27 15:07:01,2026-06-16 22:43:43,
,5242535431,,스팃스 꽃밭의 벌새 보석십자수 도안형 DIY 키트 감성 풍경 자수,스마트스토어,,,판매중,전시중,19000,19000,19000,,,N,N,N,,,,,1.0%,0,0,0,0,0,,,,오늘출발,"평일 16시00분까지 결제 완료된 주문

",기본 배송비 묶음그룹,무료,,0,3000,6000,N,Y,-,82787057848,,,,,,,가구/인테리어,수예,보석십자수,,스팃스,스팃스,,,,N,N,N,,,,http://shop1.phinf.naver.net/20260531_228/1780194845414Qg8rE_PNG/1555296539605804_44054142.png,,,,Y,2020-11-27 15:06:00,2026-06-16 22:44:05,
,5242532438,,스팃스 석양을 품은 호수 보석십자수 도안형 DIY 키트 감성 풍경 자수,스마트스토어,,,판매중,전시중,9999,16000,16000,,,N,N,N,,,,,1.0%,0,0,0,0,0,,,,오늘출발,"평일 16시00분까지 결제 완료된 주문

",기본 배송비 묶음그룹,무료,,0,3000,6000,N,Y,-,82787054855,,,,,,,가구/인테리어,수예,보석십자수,,스팃스,스팃스,,,,N,N,N,,,,http://shop1.phinf.naver.net/20260530_124/1780079967672MdtdS_PNG/8116106528285831_94871222.png,,,,Y,2020-11-27 15:04:57,2026-06-16 22:44:27,
,5242529376,,스팃스 에메랄드 비치 보석십자수 도안형 DIY 키트 감성 풍경 자수,스마트스토어,,,판매중,전시중,9999,16000,16000,,,N,N,N,,,,,1.0%,0,0,0,0,0,,,,오늘출발,"평일 16시00분까지 결제 완료된 주문

",기본 배송비 묶음그룹,무료,,0,3000,6000,N,Y,-,82787051793,,,,,,,가구/인테리어,수예,보석십자수,,스팃스,스팃스,,,,N,N,N,,,,http://shop1.phinf.naver.net/20260530_33/1780075631384j9p5y_PNG/14724367195407610_1623384096.png,,,,Y,2020-11-27 15:04:02,2026-05-30 17:37:31,
,5229999805,,스팃스 행운을 부르는 홍사과 보석십자수 도안형 DIY 키트 재물운,스마트스토어,,,판매중,전시중,9999,18100,18100,,,N,N,N,,,,,1.0%,0,0,0,0,0,,,,오늘출발,"평일 16시00분까지 결제 완료된 주문

",기본 배송비 묶음그룹,무료,,0,3000,6000,N,Y,-,82774522048,,,,,,,가구/인테리어,수예,보석십자수,,스팃스,스팃스,,,,N,N,N,,,,http://shop1.phinf.naver.net/20260530_113/1780147418543jcAxX_PNG/1507869667298209_21415067.png,,,,Y,2020-11-20 19:12:31,2026-06-17 11:34:37,
,5229997187,,스팃스 노을녘 해바라기 보석십자수 도안형 DIY 키트 재물운,스마트스토어,,,판매중,전시중,99999,31000,31000,,,N,N,N,,,,,1.0%,0,0,0,0,0,,,,오늘출발,"평일 16시00분까지 결제 완료된 주문

",기본 배송비 묶음그룹,무료,,0,3000,6000,N,Y,-,82774519476,,,,,,,가구/인테리어,수예,보석십자수,,스팃스,스팃스,,,,N,N,N,,,,http://shop1.phinf.naver.net/20260530_262/1780147467533y71gk_PNG/113555677523502897_1647100460.png,,,,Y,2020-11-20 19:11:29,2026-05-30 22:24:50,
,5229987888,,스팃스 부처님의 생활도 보석십자수 도안형 DIY 대형 키트 마음평화 기도용,스마트스토어,,,판매중,전시중,9996,45000,45000,,,N,N,Y,,,,,1.0%,0,0,0,0,0,,,,오늘출발,"평일 16시00분까지 결제 완료된 주문

",기본 배송비 묶음그룹,무료,,0,3000,6000,N,Y,-,82774510131,,,,,,,가구/인테리어,수예,보석십자수,,스팃스,스팃스,,,,N,N,N,,,,https://shop-phinf.pstatic.net/20260615_231/17815032691403Yfa6_PNG/108537611161614364_115478902.png,,,,Y,2020-11-20 19:06:57,2026-06-16 16:51:11,
,5229985217,,스팃스 행복의 해바라기 보석십자수 도안형 DIY 키트 재물운,스마트스토어,,,판매중,전시중,9994,34000,34000,,,N,N,N,,,,,1.0%,0,0,0,0,0,,,,오늘출발,"평일 16시00분까지 결제 완료된 주문

",기본 배송비 묶음그룹,무료,,0,3000,6000,N,Y,-,82774507460,,,,,,,가구/인테리어,수예,보석십자수,,스팃스,스팃스,,,,N,N,N,,,,http://shop1.phinf.naver.net/20260530_217/1780147516333XcXCs_PNG/114280389457745885_1189796143.png,,,,Y,2020-11-20 19:05:53,2026-05-30 22:25:39,
,5229963850,,스팃스 토끼 가면 소녀 보석십자수 도안형 DIY 키트 감성 풍경 자수,스마트스토어,,,판매중,전시중,9999,23000,23000,,,N,N,N,,,,,1.0%,0,0,0,0,0,,,,오늘출발,"평일 16시00분까지 결제 완료된 주문

",기본 배송비 묶음그룹,무료,,0,3000,6000,N,Y,-,82774486093,,,,,,,가구/인테리어,수예,보석십자수,,스팃스,스팃스,,,,N,N,N,,,,http://shop1.phinf.naver.net/20260530_120/1780076022329MO6AK_PNG/113829220809175956_2056050995.png,,,,Y,2020-11-20 18:53:48,2026-06-16 22:45:59,
,5229955161,,스팃스 아름다운 바닷가 일출 보석십자수 도안형 DIY 키트 감성 풍경 자수,스마트스토어,,,판매중,전시중,9998,29000,29000,,,N,N,N,,,,,1.0%,0,0,0,0,0,,,,오늘출발,"평일 16시00분까지 결제 완료된 주문

",기본 배송비 묶음그룹,무료,,0,3000,6000,N,Y,-,82774477404,,,,,,,가구/인테리어,수예,보석십자수,,스팃스,스팃스,,,,N,N,N,,,,http://shop1.phinf.naver.net/20260529_186/1780064247503joFfc_PNG/114197088713330366_1193956598.png,,,,Y,2020-11-20 18:49:15,2026-06-16 22:46:22,
,5229953483,,스팃스 계곡속 화려한 공작의 자태 보석십자수 도안형 DIY 키트 재물운,스마트스토어,,,판매중,전시중,9997,29000,29000,,,N,N,Y,,,,,1.0%,0,0,0,0,0,,,,오늘출발,"평일 16시00분까지 결제 완료된 주문

",기본 배송비 묶음그룹,무료,,0,3000,6000,N,Y,-,82774475726,,,,,,,가구/인테리어,수예,보석십자수,,스팃스,스팃스,,,,N,N,N,,,,http://shop1.phinf.naver.net/20260220_156/1771570381010iTjsJ_PNG/123636167943916331_1513634738.png,,,,Y,2020-11-20 18:48:17,2026-06-17 19:01:08,
,5229949923,,스팃스 사랑과 재물 해바라기 보석십자수 도안형 DIY 키트 재물운 큐빅 자수 패키지,스마트스토어,,,판매중,전시중,9998,29000,29000,,,N,N,N,,,,,1.0%,0,0,0,0,0,,,,오늘출발,"평일 16시00분까지 결제 완료된 주문

",기본 배송비 묶음그룹,무료,,0,3000,6000,N,Y,-,82774472166,,,,,,,가구/인테리어,수예,보석십자수,,자체제작,자체브랜드,,,,N,N,N,,,,http://shop1.phinf.naver.net/20260530_277/1780147615056zHduH_PNG/14796350827175247_2126362817.png,,,,Y,2020-11-20 18:46:26,2026-06-17 11:37:22,
,5229947548,,스팃스 동화속 유니콘 세상 보석십자수 도안형 DIY 키트 감성 풍경 자수,스마트스토어,,,판매중,전시중,9999,26000,26000,,,N,N,N,,,,,1.0%,0,0,0,0,0,,,,오늘출발,"평일 16시00분까지 결제 완료된 주문

",기본 배송비 묶음그룹,무료,,0,3000,6000,N,Y,-,82774469791,,,,,,,가구/인테리어,수예,보석십자수,,스팃스,스팃스,,,,N,N,N,,,,http://shop1.phinf.naver.net/20260530_183/1780076100288P0D8y_PNG/113829298774539984_690075319.png,,,,Y,2020-11-20 18:45:19,2026-05-30 02:35:23,
,5229942870,,스팃스 경의로운 아기예수 탄생 보석십자수 도안형 DIY 키트 마음평화 기도용,스마트스토어,,,판매중,전시중,9998,26000,26000,,,N,N,N,,,,,1.0%,0,0,0,0,0,,,,오늘출발,"평일 16시00분까지 결제 완료된 주문

",기본 배송비 묶음그룹,무료,,0,3000,6000,N,Y,-,82774465113,,,,,,,가구/인테리어,수예,보석십자수,,스팃스,스팃스,,,,N,N,N,,,,http://shop1.phinf.naver.net/20260530_227/1780076196994cLlV6_PNG/45670646121808884_457567279.png,,,,Y,2020-11-20 18:42:16,2026-05-30 02:37:00,
,5229941239,,스팃스 천국의 작은 정원 보석십자수 도안형 DIY 키트 재물운,스마트스토어,,,판매중,전시중,9998,26000,26000,,,N,N,Y,,,,,1.0%,0,0,0,0,0,,,,오늘출발,"평일 16시00분까지 결제 완료된 주문

",기본 배송비 묶음그룹,무료,,0,3000,6000,N,Y,-,82774463482,,,,,,,가구/인테리어,수예,보석십자수,,스팃스,스팃스,,,,N,N,N,,,,http://shop1.phinf.naver.net/20260530_166/1780147663633m450B_PNG/1508114707764599_1237606470.png,,,,Y,2020-11-20 18:41:00,2026-05-30 22:28:06,
,5229940284,,스팃스 바닷가를 걷는 예수님 보석십자수 도안형 DIY 키트 마음평화 기도용,스마트스토어,,,판매중,전시중,9998,19800,19800,,,N,N,N,,,,,1.0%,0,0,0,0,0,,,,오늘출발,"평일 16시00분까지 결제 완료된 주문

",기본 배송비 묶음그룹,무료,,0,3000,6000,N,Y,-,82774462527,,,,,,,가구/인테리어,수예,보석십자수,,스팃스,스팃스,,,,N,N,N,,,,http://shop1.phinf.naver.net/20260530_207/1780147712649tnoMW_PNG/102957423270703086_558315524.png,,,,Y,2020-11-20 18:40:07,2026-05-30 22:28:55,
,5229938732,,스팃스 라일락 화병 보석십자수 도안형 DIY 키트 감성 풍경 자수,스마트스토어,,,판매중,전시중,9999,24000,24000,,,N,N,N,,,,,1.0%,0,0,0,0,0,,,,오늘출발,"평일 16시00분까지 결제 완료된 주문

",기본 배송비 묶음그룹,무료,,0,3000,6000,N,Y,-,82774460975,,,,,,,가구/인테리어,수예,보석십자수,,스팃스,스팃스,,,,N,N,N,,,,http://shop1.phinf.naver.net/20260530_43/1780076260372J2PTP_PNG/56537606128888372_598876571.png,,,,Y,2020-11-20 18:39:05,2026-06-16 22:48:15,
,5229937493,,스팃스 성모 마리아 보석십자수 도안형 DIY 키트 천주교,스마트스토어,,,판매중,전시중,19994,29000,29000,,,Y,N,Y,,,,,1.0%,0,0,0,0,0,,,,오늘출발,"평일 16시00분까지 결제 완료된 주문

",기본 배송비 묶음그룹,무료,,0,3000,6000,N,Y,-,82774459736,,,,,,,가구/인테리어,수예,보석십자수,,스팃스,스팃스,,,,N,N,N,,,,http://shop1.phinf.naver.net/20260531_32/1780194882205kurKy_PNG/5162698845001549_1260692109.png,,,,Y,2020-11-20 18:38:01,2026-06-16 22:48:42,
,5229926831,,스팃스 황금빛 폭포 재물운 보석십자수 도안형 DIY 키트 풍수 인테리어,스마트스토어,,,판매중,전시중,9999,36000,36000,,,N,N,N,,,,,1.0%,0,0,0,0,0,,,,오늘출발,"평일 16시00분까지 결제 완료된 주문

",기본 배송비 묶음그룹,무료,,0,3000,6000,N,Y,-,82774449074,,,,,,,가구/인테리어,수예,보석십자수,,스팃스,스팃스,,,,N,N,N,,,,http://shop1.phinf.naver.net/20260530_294/1780140119791gT2Oa_JPEG/14749615399314120_1261748936.jpg,,,,Y,2020-11-20 18:32:07,2026-06-16 22:49:09,
,5227475762,,스팃스 낭만의 휴양지 보석십자수 도안형 DIY 키트 감성 풍경 자수,스마트스토어,,,판매중,전시중,9999,18000,18000,,,N,N,N,,,,,1.0%,0,0,0,0,0,,,,오늘출발,"평일 16시00분까지 결제 완료된 주문

",기본 배송비 묶음그룹,무료,,0,3000,6000,N,Y,-,82771998005,,,,,,,가구/인테리어,수예,보석십자수,,스팃스,스팃스,,,,N,N,N,,,,http://shop1.phinf.naver.net/20260530_238/17800763330103V2hE_PNG/93173241996914834_168586982.png,,,,Y,2020-11-19 14:35:02,2026-05-30 02:39:15,
,5227473177,,스팃스 하와이 선셋 보석십자수 도안형 DIY 키트 감성 풍경 자수,스마트스토어,,,판매중,전시중,9997,18000,18000,,,N,N,N,,,,,1.0%,0,0,0,0,0,,,,오늘출발,"평일 16시00분까지 결제 완료된 주문

",기본 배송비 묶음그룹,무료,,0,3000,6000,N,Y,-,82771995420,,,,,,,가구/인테리어,수예,보석십자수,,스팃스,스팃스,,,,N,N,N,,,,http://shop1.phinf.naver.net/20260530_42/1780076381397HStbm_PNG/46865929480133072_754404989.png,,,,Y,2020-11-19 14:33:41,2026-05-30 02:40:04,
,5227460844,,보석십자수) 소원을 들어주는 참새부부,스마트스토어,,,판매중지,전시중,5433,14000,14000,,,N,N,N,,,,,1.0%,0,0,0,0,0,,,,오늘출발,"평일 16시00분까지 결제 완료된 주문

",기본 배송비 묶음그룹,무료,,0,3000,6000,N,Y,-,82771983087,,,,,,,가구/인테리어,수예,보석십자수,,자체제작,자체브랜드,,,,N,N,N,,,,http://shop1.phinf.naver.net/20201119_53/1605763637397ndHsq_JPEG/6899536094602128_980685264.jpg,,,,Y,2020-11-19 14:28:22,2026-02-10 15:30:01,
,5211980011,,스팃스 재물 은행나무길 재물운 보석십자수 도안형 DIY 키트 풍수 인테리어,스마트스토어,,,판매중,전시중,99999,25000,25000,,,N,N,N,,,,,1.0%,0,0,0,0,0,,,,오늘출발,"평일 16시00분까지 결제 완료된 주문

",기본 배송비 묶음그룹,무료,,0,3000,6000,N,Y,-,82756501746,,,,,,,가구/인테리어,수예,보석십자수,,스팃스,스팃스,,,,N,N,N,,,,http://shop1.phinf.naver.net/20260530_145/17800735108662mlab_PNG/8109649720954875_1831262006.png,,,,Y,2020-11-11 11:09:41,2026-05-30 01:52:13,
,5196712197,,스팃스 가을황혼 무지원단 실 십자수 패키지 도안 실 원단 포함 풀세트,스마트스토어,,,판매중,전시중,99899,29000,29000,,,N,N,N,,,,,1.0%,0,0,0,0,0,,,,오늘출발,"평일 16시00분까지 결제 완료된 주문

",기본 배송비 묶음그룹,무료,,0,3000,6000,N,Y,-,82741233551,,,,,,,가구/인테리어,수예,자수,패키지,스팃스,스팃스,,,,N,N,N,,,,http://shop1.phinf.naver.net/20201103_155/1604366900533UGcno_JPEG/5502735154157126_1027275486.jpg,,,,Y,2020-11-03 10:28:58,2026-02-20 12:51:07,
,5196708495,,스팃스 풍차와 일몰 무지원단 실 십자수 패키지 도안 실 원단 포함 풀세트,스마트스토어,,,판매중,전시중,9995,34000,34000,,,N,N,Y,,,,,1.0%,0,0,0,0,0,,,,오늘출발,"평일 16시00분까지 결제 완료된 주문

",기본 배송비 묶음그룹,무료,,0,3000,6000,N,Y,-,82741229849,,,,,,,가구/인테리어,수예,자수,패키지,스팃스,스팃스,,,,N,N,N,,,,https://shop-phinf.pstatic.net/20201103_88/160436664778401yze_JPEG/5502493478793982_556281107.jpg,,,,Y,2020-11-03 10:26:02,2026-06-16 22:50:51,
,5193184845,,스팃스 레스 로즈6 무지원단 실 십자수 패키지 도안 실 원단 포함 풀세트,스마트스토어,LES ROSES 레스 로즈6 실 십자수 패키지 (도안+원단+실+바늘),,판매중,전시중,99899,27500,27500,,,N,N,Y,,,,,1.0%,0,0,0,0,0,,,,오늘출발,"평일 16시00분까지 결제 완료된 주문

",기본 배송비 묶음그룹,무료,,0,3000,6000,N,Y,-,82737706177,,,,,,,가구/인테리어,수예,자수,패키지,스팃스,스팃스,,,,N,N,N,,,,https://shop-phinf.pstatic.net/20201101_220/160419761993055heI_JPEG/5333403615301678_1836191992.jpg,,,,Y,2020-11-01 11:27:34,2026-06-16 22:51:19,
,5193184268,,스팃스 레스 로즈5 무지원단 실 십자수 패키지 도안 실 원단 포함 풀세트,스마트스토어,,,판매중,전시중,99999,27500,27500,,,N,N,N,,,,,1.0%,0,0,0,0,0,,,,오늘출발,"평일 16시00분까지 결제 완료된 주문

",기본 배송비 묶음그룹,무료,,0,3000,6000,N,Y,-,82737705600,,,,,,,가구/인테리어,수예,자수,패키지,스팃스,스팃스,,,,N,N,N,,,,http://shop1.phinf.naver.net/20201101_264/16041975515036CxNa_JPEG/5333450203704262_1423419689.jpg,,,,Y,2020-11-01 11:26:29,2026-06-16 22:51:46,
,5193183726,,스팃스 레스 로즈4 무지원단 실 십자수 패키지 도안 실 원단 포함 풀세트,스마트스토어,LES ROSES 레스 로즈4 실 십자수 패키지 (도안+원단+실+바늘),,판매중,전시중,9998,27500,27500,,,N,N,Y,,,,,1.0%,0,0,0,0,0,,,,오늘출발,"평일 16시00분까지 결제 완료된 주문

",기본 배송비 묶음그룹,무료,,0,3000,6000,N,Y,-,82737705058,,,,,,,가구/인테리어,수예,자수,패키지,스팃스,스팃스,,,,N,N,N,,,,https://shop-phinf.pstatic.net/20201101_149/1604197480045qo10X_JPEG/5333325762262756_2127435900.jpg,,,,Y,2020-11-01 11:25:24,2026-06-16 22:52:14,
,5193183080,,스팃스 레스 로즈3 무지원단 실 십자수 패키지 도안 실 원단 포함 풀세트,스마트스토어,,,판매중,전시중,99999,27500,27500,,,N,N,N,,,,,1.0%,0,0,0,0,0,,,,오늘출발,"평일 16시00분까지 결제 완료된 주문

",기본 배송비 묶음그룹,무료,,0,3000,6000,N,Y,-,82737704412,,,,,,,가구/인테리어,수예,자수,패키지,스팃스,스팃스,,,,N,N,N,,,,http://shop1.phinf.naver.net/20201101_75/16041971165018y4SU_JPEG/5332951332032425_2119551350.jpg,,,,Y,2020-11-01 11:24:06,2026-06-16 22:52:41,
,5193179129,,스팃스 레스 로즈2 무지원단 실 십자수 패키지 도안 실 원단 포함 풀세트,스마트스토어,,,판매중,전시중,9999,27500,27500,,,N,N,N,,,,,1.0%,0,0,0,0,0,,,,오늘출발,"평일 16시00분까지 결제 완료된 주문

",기본 배송비 묶음그룹,무료,,0,3000,6000,N,Y,-,82737700461,,,,,,,가구/인테리어,수예,자수,패키지,스팃스,스팃스,,,,N,N,N,,,,http://shop1.phinf.naver.net/20201101_233/1604197004298K5vlw_JPEG/5332839104063750_717981234.jpg,,,,Y,2020-11-01 11:17:28,2026-06-16 22:53:08,
,5193177167,,스팃스 레스 로즈1 무지원단 실 십자수 패키지 도안 실 원단 포함 풀세트,스마트스토어,,,판매중,전시중,9999,27500,27500,,,N,N,N,,,,,1.0%,0,0,0,0,0,,,,오늘출발,"평일 16시00분까지 결제 완료된 주문

",기본 배송비 묶음그룹,무료,,0,3000,6000,N,Y,-,82737698499,,,,,,,가구/인테리어,수예,자수,패키지,스팃스,스팃스,,,,N,N,N,,,,http://shop1.phinf.naver.net/20201101_24/1604196836674PNF2x_JPEG/5332732407685538_2062901944.jpg,,,,Y,2020-11-01 11:14:52,2026-02-20 12:51:07,
,5193175423,,스팃스 라즈베리 무지원단 실 십자수 패키지 도안 실 원단 포함 풀세트,스마트스토어,,,판매중,전시중,9996,27500,27500,,,N,N,N,,,,,1.0%,0,0,0,0,0,,,,오늘출발,"평일 16시00분까지 결제 완료된 주문

",기본 배송비 묶음그룹,무료,,0,3000,6000,N,Y,-,82737696755,,,,,,,가구/인테리어,수예,자수,패키지,스팃스,스팃스,,,,N,N,N,,,,http://shop1.phinf.naver.net/20201101_125/1604196712197Twxkx_JPEG/5332607724407364_1265397284.jpg,,,,Y,2020-11-01 11:12:50,2026-02-20 12:51:07,
,5193169537,,스팃스 LA FRAISE - 딸기 무지원단 실 십자수 패키지 도안 실 원단 포함 풀세트,스마트스토어,,,판매중,전시중,9995,27500,27500,,,N,N,N,,,,,1.0%,0,0,0,0,0,,,,오늘출발,"평일 16시00분까지 결제 완료된 주문

",기본 배송비 묶음그룹,무료,,0,3000,6000,N,Y,-,82737690869,,,,,,,가구/인테리어,수예,자수,패키지,스팃스,스팃스,,,,N,N,N,,,,http://shop1.phinf.naver.net/20201101_239/1604196361158NRyVQ_JPEG/5332256870352483_457660582.jpg,,,,Y,2020-11-01 11:07:28,2026-06-16 22:54:26,
,5188846354,,스팃스 황금 달빛 부엉이 보석십자수 도안형 DIY 키트 재물운,스마트스토어,,,판매중,전시중,99793,36000,36000,,,N,N,N,,,,,1.0%,0,0,0,0,0,,,,오늘출발,"평일 16시00분까지 결제 완료된 주문

",기본 배송비 묶음그룹,무료,,0,3000,6000,N,Y,-,82733367686,,,,,,,가구/인테리어,수예,보석십자수,,스팃스,스팃스,,,,N,N,N,,,,http://shop1.phinf.naver.net/20260530_137/17800764295010SMyE_PNG/4361190204883180_1089642957.png,,,,Y,2020-10-29 14:36:03,2026-05-30 02:40:52,
,5174141561,,일본서적 프랑스 12개월의 행사와 놀이의 십자수,스마트스토어,,,판매중,전시중,99993,24000,24000,,,N,N,N,,,,,1.0%,0,0,0,0,0,,,,오늘출발,"평일 16시00분까지 결제 완료된 주문

",기본 배송비 묶음그룹,조건부 무료,선결제,3000,3000,6000,N,Y,-,82718662705,,,,,,,가구/인테리어,수예,수예용품/부자재,,,,,,,N,N,N,,,,http://shop1.phinf.naver.net/20260325_171/1774408395708zhoep_PNG/43067830557525769_176633229.png,,,,Y,2020-10-21 12:35:21,2026-03-25 12:14:04,
,5174139522,,일본서적 십자수로 만드는 귀여운 생활 잡화,스마트스토어,,,판매중,전시중,9998,19000,19000,,,N,N,N,,,,,1.0%,0,0,0,0,0,,,,오늘출발,"평일 16시00분까지 결제 완료된 주문

",기본 배송비 묶음그룹,조건부 무료,선결제,3000,3000,6000,N,Y,-,82718660666,,,,,,,가구/인테리어,수예,수예용품/부자재,,,,,,,N,N,N,,,,http://shop1.phinf.naver.net/20201021_228/1603251215430G4hlT_JPEG/4387114134318502_1101736645.jpg,,,,Y,2020-10-21 12:34:05,2026-02-13 17:35:46,
,5174138322,,일본서적 입체 모티브의 십자수 오너먼트와 비스코뉴,스마트스토어,,,판매중지,전시중,9999,20000,20000,,,N,N,N,,,,,1.0%,0,0,0,0,0,,,,오늘출발,"평일 16시00분까지 결제 완료된 주문

",기본 배송비 묶음그룹,조건부 무료,선결제,3000,3000,6000,N,Y,-,82718659466,,,,,,,가구/인테리어,수예,수예용품/부자재,,,,,,,N,N,N,,,,http://shop1.phinf.naver.net/20201021_221/1603251058789LN9e8_JPEG/4386886597703134_1516132272.jpg,,,,Y,2020-10-21 12:33:07,2026-06-15 19:07:24,
,5165883495,,스팃스 통가죽 손가락 골무 양모펠트 니들펠트 가족골무 DIY골무,스마트스토어,,,판매중,전시중,9948,3000,3000,,,N,N,N,,,,,1.0%,0,0,0,0,0,,,,오늘출발,"평일 16시00분까지 결제 완료된 주문

",기본 배송비 묶음그룹,조건부 무료,선결제,3000,3000,6000,N,Y,-,82710404593,,,,,,,가구/인테리어,수예,수예용품/부자재,,스팃스,스팃스,,,,N,N,N,,,,http://shop1.phinf.naver.net/20201016_200/1602827377361vO0h1_JPEG/3963157068057518_1362986140.jpg,,,,Y,2020-10-16 14:51:18,2026-06-17 11:47:20,
,5165870872,,보석십자수) 성자를 안아주는 성모 (2사이즈),스마트스토어,,,판매중지,전시중,9999,30000,30000,,,Y,N,N,,,,,1.0%,0,0,0,0,0,,,,오늘출발,"평일 16시00분까지 결제 완료된 주문

",기본 배송비 묶음그룹,무료,,0,2500,2500,N,Y,-,82710391970,,,,,,,가구/인테리어,수예,보석십자수,,자체제작,자체브랜드,,,,N,N,N,,,,http://shop1.phinf.naver.net/20201016_230/1602826690463cY8oh_JPEG/3962586025556516_228996462.jpg,,,,Y,2020-10-16 14:43:14,2026-02-10 15:30:01,
,5165860951,,스팃스 나를 찾아나선 예수 보석십자수 도안형 DIY 키트 마음평화 기도용,스마트스토어,,,판매중,전시중,9999,29000,29000,,,Y,N,N,,,,,1.0%,0,0,0,0,0,,,,오늘출발,"평일 16시00분까지 결제 완료된 주문

",기본 배송비 묶음그룹,무료,,0,3000,6000,N,Y,-,82710382049,,,,,,,가구/인테리어,수예,보석십자수,,스팃스,스팃스,,,,N,N,N,,,,http://shop1.phinf.naver.net/20260530_114/1780076479934dDi78_PNG/14725215702869306_150445872.png,,,,Y,2020-10-16 14:37:07,2026-06-17 12:02:49,
,5159645308,,스팃스 노을 구름 소녀 보석십자수 도안형 DIY 키트 감성 풍경 자수,스마트스토어,,,판매중,전시중,432496,16000,16000,,,N,N,N,,,,,1.0%,0,0,0,0,0,,,,오늘출발,"평일 16시00분까지 결제 완료된 주문

",기본 배송비 묶음그룹,무료,,0,3000,6000,N,Y,-,82704166311,,,,,,,가구/인테리어,수예,보석십자수,,스팃스,스팃스,,,,N,N,N,,,,http://shop1.phinf.naver.net/20260530_123/1780147817490wbSoy_PNG/5115634122409782_1629056478.png,,,,Y,2020-10-13 10:50:36,2026-05-30 22:30:40,
,5159638919,,스팃스 달빛 아름다운 풍경 보석십자수 도안형 DIY 키트 감성 풍경 자수,스마트스토어,,,판매중,전시중,9996,15000,15000,,,N,N,N,,,,,1.0%,0,0,0,0,0,,,,오늘출발,"평일 16시00분까지 결제 완료된 주문

",기본 배송비 묶음그룹,무료,,0,3000,6000,N,Y,-,82704159922,,,,,,,가구/인테리어,수예,보석십자수,,스팃스,스팃스,,,,N,N,N,,,,http://shop1.phinf.naver.net/20260530_192/1780076535784u2wMr_PNG/8112674593009185_826521592.png,,,,Y,2020-10-13 10:47:06,2026-05-30 02:42:38,
,5159630625,,스팃스 큐트 양 보석십자수 도안형 DIY 키트 감성 풍경 자수,스마트스토어,,,판매중,전시중,9999,18000,18000,,,N,N,N,,,,,1.0%,0,0,0,0,0,,,,오늘출발,"평일 16시00분까지 결제 완료된 주문

",기본 배송비 묶음그룹,무료,,0,3000,6000,N,Y,-,82704151628,,,,,,,가구/인테리어,수예,보석십자수,,스팃스,스팃스,,,,N,N,N,,,,http://shop1.phinf.naver.net/20201013_173/1602553127841dOiMg_JPEG/3688973559642860_273885124.jpg,,,,Y,2020-10-13 10:42:19,2026-06-17 11:53:35,
,5148628021,,스팃스 자수용 수용성 심지 - 1마 연결발송가능 물에녹는천 자수천,스마트스토어,,,판매중,전시중,41666,8500,8500,,,N,N,N,,,,,1.0%,0,0,0,0,0,,,,오늘출발,"평일 16시00분까지 결제 완료된 주문

",기본 배송비 묶음그룹,조건부 무료,선결제,3000,3000,6000,N,Y,-,82693148877,,,,,,,가구/인테리어,수예,수예용품/부자재,,스팃스,스팃스,,,,N,N,N,,,,http://shop1.phinf.naver.net/20201006_271/1601964572720s1Fsf_JPEG/3100352426624830_437379917.jpg,,,,Y,2020-10-06 15:10:43,2026-06-17 11:55:20,
,5148625642,,스팃스 37 204 크로바 가정용미싱 보빈 타워 보빈홀더,스마트스토어,,,판매중,전시중,3424,15600,15600,,,N,N,N,,,,,1.0%,0,0,0,0,0,,,,오늘출발,"평일 16시00분까지 결제 완료된 주문

",기본 배송비 묶음그룹,조건부 무료,선결제,3000,3000,6000,N,Y,-,82693146498,,,,,,,가구/인테리어,수예,수예용품/부자재,,,,,,,N,N,N,,,,http://shop1.phinf.naver.net/20201006_227/1601964470900HrqyO_JPEG/3100250625540405_561415395.jpg,,,,Y,2020-10-06 15:09:02,2026-06-17 11:56:10,
,5133756558,,보석십자수) 천사의 꿈,스마트스토어,,,판매중지,전시중,4324,16000,16000,,,N,N,N,,,,,1.0%,0,0,0,0,0,,,,오늘출발,"평일 16시00분까지 결제 완료된 주문

",기본 배송비 묶음그룹,무료,,0,2500,2500,N,Y,-,82678277270,,,,,,,가구/인테리어,수예,보석십자수,,자체제작,자체브랜드,,,,N,N,N,,,,http://shop1.phinf.naver.net/20200924_201/16009306993167ocCm_JPEG/38290533614867232_1309778171.jpg,,,,Y,2020-09-24 15:58:43,2026-02-10 15:30:01,
,5133755504,,스팃스 장미꽃 수채화 보석십자수 도안형 DIY 키트 감성 풍경 자수,스마트스토어,,,판매중지,전시중,19998,20000,20000,,,Y,N,N,,,,,1.0%,0,0,0,0,0,,,,오늘출발,"평일 16시00분까지 결제 완료된 주문

",기본 배송비 묶음그룹,무료,,0,3000,6000,N,Y,-,82678276216,,,,,,,가구/인테리어,수예,보석십자수,,스팃스,스팃스,,,,N,N,N,,,,http://shop1.phinf.naver.net/20200924_112/16009306443523v30C_JPEG/38290478880831359_7044582.jpg,,,,Y,2020-09-24 15:57:50,2026-05-29 15:51:34,
,5133754652,,보석십자수) 유리병 화병,스마트스토어,,,판매중지,전시중,4324,16000,16000,,,N,N,N,,,,,1.0%,0,0,0,0,0,,,,오늘출발,"평일 16시00분까지 결제 완료된 주문

",기본 배송비 묶음그룹,무료,,0,2500,2500,N,Y,-,82678275364,,,,,,,가구/인테리어,수예,보석십자수,,자체제작,자체브랜드,,,,N,N,N,,,,http://shop1.phinf.naver.net/20200924_56/16009305773926I4d9_JPEG/38290411904200511_1645042579.jpg,,,,Y,2020-09-24 15:56:54,2026-02-10 15:30:01,
,5133753780,,목단화병 보석십자수 30x40 패브릭형 DIY 키트 취미 인테리어 소품,스마트스토어,,,판매중,전시중,4323,16000,16000,,,N,N,N,,,,,1.0%,0,0,0,0,0,,,,오늘출발,"평일 16시00분까지 결제 완료된 주문

",기본 배송비 묶음그룹,무료,,0,3000,6000,N,Y,-,82678274492,,,,,,,가구/인테리어,수예,보석십자수,,스팃스,스팃스,,,,N,N,N,,,,http://shop1.phinf.naver.net/20260604_259/1780547362756otjmz_JPEG/114300561253792391_1165558895.jpg,,,,Y,2020-09-24 15:55:46,2026-06-17 17:30:46,
,5116872725,,스팃스 액자포함 정품 빨강머리앤 아동 보석십자수 (부분비즈),스마트스토어,,,판매중,전시중,39995,14500,14500,,,Y,N,N,,,,,1.0%,0,0,0,0,0,,,,오늘출발,"평일 16시00분까지 결제 완료된 주문

",기본 배송비 묶음그룹,조건부 무료,선결제,3000,3000,6000,N,Y,-,82661393049,,,,,,,가구/인테리어,수예,보석십자수,,,,,,,N,N,N,,,,http://shop1.phinf.naver.net/20200915_117/1600147221809QMRUV_JPEG/1283110519306433_609174934.jpg,,,,Y,2020-09-15 14:20:56,2026-06-17 11:57:53,
,5109804785,,보석십자수) 가을날의 감나무,스마트스토어,,,판매중지,전시중,43234,35000,35000,,,N,N,N,,,,,1.0%,0,0,0,0,0,,,,오늘출발,"평일 16시00분까지 결제 완료된 주문

",기본 배송비 묶음그룹,무료,,0,2500,2500,N,Y,-,82654326831,,,,,,,가구/인테리어,수예,보석십자수,,자체제작,자체브랜드,,,,N,N,N,,,,http://shop1.phinf.naver.net/20200911_72/1599787854454XoJA1_JPEG/37150188065458182_19709129.jpg,,,,Y,2020-09-11 10:31:44,2026-02-10 15:30:01,
,5109802306,,보석십자수) 야생장미꽃,스마트스토어,,,판매중지,전시중,4324,35000,35000,,,N,N,N,,,,,1.0%,0,0,0,0,0,,,,오늘출발,"평일 16시00분까지 결제 완료된 주문

",기본 배송비 묶음그룹,무료,,0,2500,2500,N,Y,-,82654324352,,,,,,,가구/인테리어,수예,보석십자수,,자체제작,자체브랜드,,,,N,N,N,,,,http://shop1.phinf.naver.net/20200911_187/15997877396860J5Gx_JPEG/37150073277218364_1911475585.jpg,,,,Y,2020-09-11 10:30:03,2026-02-10 15:30:01,
,5097273745,,스팃스 재물잉어 유형 35x70 보석십자수 도안형 DIY 키트 재물운,스마트스토어,,,판매중,전시중,4324,32000,32000,,,N,N,N,,,,,1.0%,0,0,0,0,0,,,,오늘출발,"평일 16시00분까지 결제 완료된 주문

",기본 배송비 묶음그룹,무료,,0,3000,6000,N,Y,-,82641795647,,,,,,,가구/인테리어,수예,보석십자수,,스팃스,스팃스,,,,N,N,N,,,,http://shop1.phinf.naver.net/20260604_230/1780557169797MId9k_JPEG/4841930507784832_1929336845.jpg,,,,Y,2020-09-04 10:44:06,2026-06-17 11:58:45,
,5072997038,,스팃스 금전 연꽃 잉어도 보석십자수 도안형 DIY 키트 재물운,스마트스토어,,,판매중,전시중,4323,38000,38000,,,N,N,N,,,,,1.0%,0,0,0,0,0,,,,오늘출발,"평일 16시00분까지 결제 완료된 주문

",기본 배송비 묶음그룹,무료,,0,3000,6000,N,Y,-,82617518689,,,,,,,가구/인테리어,수예,보석십자수,,스팃스,스팃스,,,,N,N,N,,,,http://shop1.phinf.naver.net/20260530_33/1780076688690yQE2X_PNG/57599365557802759_1845376543.png,,,,Y,2020-08-21 14:38:43,2026-06-17 11:59:36,
,5072994623,,스팃스 키즈 애니멀 시리즈 보석십자수 도안형 DIY 아동 초보용 어린이용,스마트스토어,,,판매중,전시중,49994,16000,16000,,,Y,N,N,,,,,1.0%,0,0,0,0,0,,,,오늘출발,"평일 16시00분까지 결제 완료된 주문

",기본 배송비 묶음그룹,무료,,0,3000,6000,N,Y,-,82617516274,,,,,,,가구/인테리어,수예,보석십자수,,스팃스,스팃스,,,,N,N,N,,,,http://shop1.phinf.naver.net/20260530_233/1780076640310oKinl_PNG/5044456980545831_1459675383.png,,,,Y,2020-08-21 14:37:17,2026-06-17 12:00:37,
,5060724617,,스팃스 어린이 보석십자수 정품 몰랑 샤이닝 시계만들기 13종 택1,스마트스토어,,,판매중지,전시중,2,25000,25000,,,Y,N,N,,,,,1.0%,0,0,0,0,0,,,,오늘출발,"평일 16시00분까지 결제 완료된 주문

",기본 배송비 묶음그룹,조건부 무료,선결제,3000,3000,6000,N,Y,-,82605245994,,,,,,,가구/인테리어,수예,보석십자수,,,,,,,N,N,N,,,,http://shop1.phinf.naver.net/20200813_231/159730239913801IM2_JPEG/34663137761961759_1706392422.jpg,,,,Y,2020-08-13 16:07:31,2026-04-06 14:21:23,
,5056458716,,스팃스 58 773 크로바 뉴 슈퍼 폼폼메이커 중,스마트스토어,,,판매중,전시중,42949,8500,8500,,,N,N,N,,,,,1.0%,0,0,0,0,0,,,,오늘출발,"평일 16시00분까지 결제 완료된 주문

",기본 배송비 묶음그룹,조건부 무료,선결제,3000,3000,6000,N,Y,-,82600980003,,,,,,,가구/인테리어,수예,수예용품/부자재,,,,,,,N,N,N,,,,http://shop1.phinf.naver.net/20200811_5/1597109952859LdeSS_JPEG/34472286450339091_997452445.jpg,,,,Y,2020-08-11 10:40:46,2026-02-13 17:52:27,
,5026500126,,스팃스 57 316 크로바 시침 밀리어 바늘 2종 블리언스티치 밀리너바늘 프랑스자수바늘,스마트스토어,,,판매중,전시중,43238,5200,5200,,,N,N,N,,,,,1.0%,0,0,0,0,0,,,,오늘출발,"평일 16시00분까지 결제 완료된 주문

",기본 배송비 묶음그룹,조건부 무료,선결제,3000,3000,6000,N,Y,-,82571020975,,,,,,,가구/인테리어,수예,자수,실/바늘,,,,,,N,N,N,,,,http://shop1.phinf.naver.net/20200722_173/1595383084967DoHPA_JPEG/32745418559955711_1262356320.jpg,,,,Y,2020-07-22 10:59:40,2026-06-17 12:04:38,
,5026494025,,밀리너바늘 1-9호 (milliners needle) - 블리언스티치용 바늘,스마트스토어,,,판매중지,전시중,34107,2500,2500,,,N,N,N,,,,,1.0%,0,0,0,0,0,,,,오늘출발,"평일 16시00분까지 결제 완료된 주문

",기본 배송비 묶음그룹,조건부 무료,선결제,3000,3000,6000,N,Y,-,82571014874,,,,,,,가구/인테리어,수예,자수,실/바늘,자체제작,자체브랜드,,,,N,N,N,,,,http://shop1.phinf.naver.net/20200722_285/1595382835663Vel6T_JPEG/32742670193056629_1267616261.jpg,,,,Y,2020-07-22 10:57:16,2026-02-10 15:30:01,
,5016139821,,스팃스 소년과 예수님 보석십자수 도안형 DIY 키트 마음평화 기도용,스마트스토어,,,판매중,전시중,43234,18000,18000,,,N,N,N,,,,,1.0%,0,0,0,0,0,,,,오늘출발,"평일 16시00분까지 결제 완료된 주문

",기본 배송비 묶음그룹,무료,,0,3000,6000,N,Y,-,82560660562,,,,,,,가구/인테리어,수예,보석십자수,,스팃스,스팃스,,,,N,N,N,,,,http://shop1.phinf.naver.net/20260530_287/1780076737080fyeQN_PNG/35284908172278452_1608846934.png,,,,Y,2020-07-15 11:09:50,2026-06-17 12:05:33,
,5016132051,,보석 십자수) 컵속의 히아신스,스마트스토어,,,판매중지,전시중,43229,25000,25000,,,N,N,N,,,,,1.0%,0,0,0,0,0,,,,오늘출발,"평일 16시00분까지 결제 완료된 주문

",기본 배송비 묶음그룹,무료,,0,3000,6000,N,Y,-,82560652792,,,,,,,가구/인테리어,수예,보석십자수,,자체제작,자체브랜드,,,,N,N,N,,,,http://shop1.phinf.naver.net/20200715_271/1594778613208WbJXb_JPEG/32142001512043566_1535058988.jpg,,,,Y,2020-07-15 11:06:15,2026-02-10 15:30:01,
,5014804744,,스팃스 분홍 장미꽃 보석십자수 도안형 DIY 키트 감성 풍경 자수,스마트스토어,,,판매중,전시중,43219,25000,25000,,,N,N,N,,,,,1.0%,0,0,0,0,0,,,,오늘출발,"평일 16시00분까지 결제 완료된 주문

",기본 배송비 묶음그룹,무료,,0,3000,6000,N,Y,-,82559325485,,,,,,,가구/인테리어,수예,보석십자수,,스팃스,스팃스,,,,N,N,N,,,,http://shop1.phinf.naver.net/20260530_69/17800769788475NHdI_PNG/114209851968849350_424624611.png,,,,Y,2020-07-14 14:54:28,2026-06-17 12:06:34,
,5014801657,,스팃스 물가의 모란꽃 보석십자수 도안형 DIY 키트 감성 풍경 자수,스마트스토어,,,판매중,전시중,42419,22000,22000,,,N,N,N,,,,,1.0%,0,0,0,0,0,,,,오늘출발,"평일 16시00분까지 결제 완료된 주문

",기본 배송비 묶음그룹,무료,,0,3000,6000,N,Y,-,82559322398,,,,,,,가구/인테리어,수예,보석십자수,,스팃스,스팃스,,,,N,N,N,,,,http://shop1.phinf.naver.net/20260530_140/1780076930577QgqPS_PNG/60276544479590103_1854555441.png,,,,Y,2020-07-14 14:53:02,2026-06-17 12:07:34,
,5014797606,,스팃스 고흐 아이리스 보석십자수 도안형 DIY 키트 감성 풍경 자수,스마트스토어,,,판매중,전시중,43248,29000,29000,,,N,N,N,,,,,1.0%,0,0,0,0,0,,,,오늘출발,"평일 16시00분까지 결제 완료된 주문

",기본 배송비 묶음그룹,무료,,0,3000,6000,N,Y,-,82559318347,,,,,,,가구/인테리어,수예,보석십자수,,스팃스,스팃스,,,,N,N,N,,,,http://shop1.phinf.naver.net/20260530_37/1780076882081aVLce_PNG/14686377677491079_1823304116.png,,,,Y,2020-07-14 14:51:04,2026-06-05 13:15:28,
,5014792614,,스팃스 블루 물방울 장미꽃 보석십자수 도안형 DIY 키트 감성 풍경 자수,스마트스토어,,,판매중,전시중,43219,25000,25000,,,N,N,N,,,,,1.0%,0,0,0,0,0,,,,오늘출발,"평일 16시00분까지 결제 완료된 주문

",기본 배송비 묶음그룹,무료,,0,3000,6000,N,Y,-,82559313355,,,,,,,가구/인테리어,수예,보석십자수,,스팃스,스팃스,,,,N,N,N,,,,http://shop1.phinf.naver.net/20260530_144/1780076833738elTfM_PNG/2598863728911144_2015826333.png,,,,Y,2020-07-14 14:48:51,2026-05-30 02:47:36,
,5014788944,,스팃스 평화로운 강아지 보석십자수 도안형 DIY 키트 감성 풍경 자수,스마트스토어,,,판매중,전시중,43229,22000,22000,,,N,N,N,,,,,1.0%,0,0,0,0,0,,,,오늘출발,"평일 16시00분까지 결제 완료된 주문

",기본 배송비 묶음그룹,무료,,0,3000,6000,N,Y,-,82559309685,,,,,,,가구/인테리어,수예,보석십자수,,스팃스,스팃스,,,,N,N,N,,,,http://shop1.phinf.naver.net/20260530_208/17800767855685pdIW_PNG/114209590642800491_1761568537.png,,,,Y,2020-07-14 14:47:32,2026-06-17 12:10:23,
,5012788632,,스팃스 크리스마스 화환 무지원단 실 십자수 패키지 도안 실 원단 포함 풀세트,스마트스토어,,,판매중,전시중,43229,24000,24000,,,N,N,N,,,,,1.0%,0,0,0,0,0,,,,오늘출발,"평일 16시00분까지 결제 완료된 주문

",기본 배송비 묶음그룹,무료,,0,3000,6000,N,Y,-,82557309331,,,,,,,가구/인테리어,수예,자수,패키지,스팃스,스팃스,,,,N,N,N,,,,http://shop1.phinf.naver.net/20200713_16/1594624406863ESS8q_JPEG/31984241355126800_1051909123.jpg,,,,Y,2020-07-13 16:14:07,2026-06-17 12:11:26,
,5012785783,,스팃스 달빛 곰 무지원단 실 십자수 패키지 도안 실 원단 포함 풀세트,스마트스토어,,,판매중,전시중,43239,25000,25000,,,N,N,N,,,,,1.0%,0,0,0,0,0,,,,오늘출발,"평일 16시00분까지 결제 완료된 주문

",기본 배송비 묶음그룹,무료,,0,3000,6000,N,Y,-,82557306482,,,,,,,가구/인테리어,수예,자수,패키지,스팃스,스팃스,,,,N,N,N,,,,http://shop1.phinf.naver.net/20200713_182/1594624341955TJTgW_JPEG/31984176486008709_1237362288.jpg,,,,Y,2020-07-13 16:12:53,2026-02-20 12:51:07,
,5012782676,,스팃스 수국화병 무지원단 실 십자수 패키지 도안 실 원단 포함 풀세트,스마트스토어,,,판매중,전시중,43215,28000,28000,,,N,N,N,,,,,1.0%,0,0,0,0,0,,,,오늘출발,"평일 16시00분까지 결제 완료된 주문

",기본 배송비 묶음그룹,무료,,0,3000,6000,N,Y,-,82557303375,,,,,,,가구/인테리어,수예,자수,패키지,스팃스,스팃스,,,,N,N,N,,,,http://shop1.phinf.naver.net/20200713_112/1594624278429LtNlM_JPEG/31984112959963982_1885190289.jpg,,,,Y,2020-07-13 16:11:48,2026-06-17 12:13:08,
,5012779681,,스팃스 로포텐 섬 무지원단 실 십자수 패키지 도안 실 원단 포함 풀세트,스마트스토어,,,판매중,전시중,43249,27000,27000,,,N,N,N,,,,,1.0%,0,0,0,0,0,,,,오늘출발,"평일 16시00분까지 결제 완료된 주문

",기본 배송비 묶음그룹,무료,,0,3000,6000,N,Y,-,82557300380,,,,,,,가구/인테리어,수예,자수,패키지,스팃스,스팃스,,,,N,N,N,,,,http://shop1.phinf.naver.net/20200713_97/1594624207074eDV6g_JPEG/31984041562262757_851289979.jpg,,,,Y,2020-07-13 16:10:36,2026-02-20 12:51:07,
,5012777585,,스팃스 양귀비 풍차와 필드 무지원단 실 십자수 패키지 도안 실 원단 포함 풀세트,스마트스토어,,,판매중,전시중,18999,27000,27000,,,N,N,N,,,,,1.0%,0,0,0,0,0,,,,오늘출발,"평일 16시00분까지 결제 완료된 주문

",기본 배송비 묶음그룹,무료,,0,3000,6000,N,Y,-,82557298284,,,,,,,가구/인테리어,수예,자수,패키지,스팃스,스팃스,,,,N,N,N,,,,http://shop1.phinf.naver.net/20240730_229/1722320193973scSAX_JPEG/37213483197087902_245137995.jpg,,,,Y,2020-07-13 16:09:31,2026-06-17 12:15:05,
,5012773652,,스팃스 투스카니 무지원단 실 십자수 패키지 도안 실 원단 포함 풀세트,스마트스토어,,,판매중,전시중,43249,27000,27000,,,N,N,N,,,,,1.0%,0,0,0,0,0,,,,오늘출발,"평일 16시00분까지 결제 완료된 주문

",기본 배송비 묶음그룹,무료,,0,3000,6000,N,Y,-,82557294351,,,,,,,가구/인테리어,수예,자수,패키지,스팃스,스팃스,,,,N,N,N,,,,http://shop1.phinf.naver.net/20240730_203/1722320615515KkrxE_JPEG/5132031312104624_1851896852.jpg,,,,Y,2020-07-13 16:08:15,2026-02-20 12:51:07,
,5012771494,,스팃스 햇살가득 정원 무지원단 실 십자수 패키지 도안 실 원단 포함 풀세트,스마트스토어,,,판매중,전시중,432095,41000,41000,,,N,N,N,,,,,1.0%,0,0,0,0,0,,,,오늘출발,"평일 16시00분까지 결제 완료된 주문

",기본 배송비 묶음그룹,무료,,0,3000,6000,N,Y,-,82557292193,,,,,,,가구/인테리어,수예,자수,패키지,스팃스,스팃스,,,,N,N,N,,,,http://shop1.phinf.naver.net/20260603_222/1780466470391PVip5_JPEG/47256018525692047_2045073364.jpg,,,,Y,2020-07-13 16:07:13,2026-06-17 12:17:02,
,5012768143,,스팃스 참새 3마리 무지원단 실 십자수 패키지 도안 실 원단 포함 풀세트,스마트스토어,,,판매중,전시중,34233,25000,25000,,,N,N,N,,,,,1.0%,0,0,0,0,0,,,,오늘출발,"평일 16시00분까지 결제 완료된 주문

",기본 배송비 묶음그룹,무료,,0,3000,6000,N,Y,-,82557288842,,,,,,,가구/인테리어,수예,자수,패키지,스팃스,스팃스,,,,N,N,N,,,,http://shop1.phinf.naver.net/20200713_220/1594623884873WdulJ_JPEG/31983719241715571_1679278894.jpg,,,,Y,2020-07-13 16:05:55,2026-06-17 12:17:57,
,4983873228,,스팃스 프린트자수원단 트리시 꽃 프랑스자수 수용성 자수도안,스마트스토어,,,판매중,전시중,432329,12000,12000,,,N,N,N,,,,,1.0%,0,0,0,0,0,,,,오늘출발,"평일 16시00분까지 결제 완료된 주문

",기본 배송비 묶음그룹,조건부 무료,선결제,3000,3000,6000,N,Y,-,82528393778,,,,,,,가구/인테리어,수예,원단,,스팃스,스팃스,,,,N,N,N,,,,http://shop1.phinf.naver.net/20200623_280/1592887510499dv1qS_JPEG/30248249132308965_1305695908.jpg,,,,Y,2020-06-23 13:45:57,2026-06-17 12:18:51,
,4983869405,,칼라 꽃 프랑스자수 수용성 도안 프린트 원단 2종 (택1),스마트스토어,,,판매중지,전시중,43241,15000,15000,,,Y,N,N,,,,,1.0%,0,0,0,0,0,,,,오늘출발,"평일 16시00분까지 결제 완료된 주문

",기본 배송비 묶음그룹,조건부 무료,선결제,3000,3000,6000,N,Y,-,82528389955,,,,,,,가구/인테리어,수예,원단,,자체제작,자체브랜드,,,,N,N,N,,,,http://shop1.phinf.naver.net/20200623_264/1592887325333XeeYI_JPEG/30248063967640646_502370055.jpg,,,,Y,2020-06-23 13:43:37,2026-02-10 15:30:01,
,4983865833,,선보넷 프랑스자수 수용성 프린트 도안 2종세트,스마트스토어,,,판매중지,전시중,34243,15000,15000,,,N,N,N,,,,,1.0%,0,0,0,0,0,,,,오늘출발,"평일 16시00분까지 결제 완료된 주문

",기본 배송비 묶음그룹,조건부 무료,선결제,2500,2500,2500,N,Y,-,82528386383,,,,,,,가구/인테리어,수예,원단,,자체제작,자체브랜드,,,,N,N,N,,,,http://shop1.phinf.naver.net/20200623_111/1592887222958WOG3e_JPEG/30247961572929616_119146088.jpg,,,,Y,2020-06-23 13:41:17,2026-02-10 15:30:01,
,4972725433,,스팃스 부부공작의 자태 보석십자수 도안형 DIY 키트 재물운,스마트스토어,,,판매중,전시중,43234,34000,34000,,,N,N,N,,,,,1.0%,0,0,0,0,0,,,,오늘출발,"평일 16시00분까지 결제 완료된 주문

",기본 배송비 묶음그룹,무료,,0,3000,6000,N,Y,-,82517245757,,,,,,,가구/인테리어,수예,보석십자수,,스팃스,스팃스,,,,N,N,N,,,,http://shop1.phinf.naver.net/20260530_26/1780077027281VA4r5_PNG/97821476538061804_1434305170.png,,,,Y,2020-06-15 11:24:00,2026-06-17 12:19:46,
,4966164845,,스팃스 LED 무드등 어린이 보석십자수 큐빅아트 캐릭터 DIY 23종 택1 야간등,스마트스토어,,,판매중,전시중,2899971,9800,9800,,,Y,N,Y,,,,,1.0%,0,0,0,0,0,,,,오늘출발,"평일 16시00분까지 결제 완료된 주문

",기본 배송비 묶음그룹,무료,,0,3000,6000,N,Y,-,82510685167,,,,,,,가구/인테리어,수예,보석십자수,,스팃스,스팃스,,,,N,N,Y,,,,http://shop1.phinf.naver.net/20260416_135/1776320149185rfbkE_JPEG/110452984839112050_501602871.jpg,,,,Y,2020-06-10 11:26:19,2026-06-17 12:20:47,
,4962542259,,스팃스 재물 꽃 공작새  보석십자수 도안형 DIY 키트 재물운,스마트스토어,,,판매중,전시중,4323,13000,13000,,,N,N,Y,,,,,1.0%,0,0,0,0,0,,,,오늘출발,"평일 16시00분까지 결제 완료된 주문

",기본 배송비 묶음그룹,무료,,0,3000,6000,N,Y,-,82507062561,,,,,,,가구/인테리어,수예,보석십자수,,스팃스,스팃스,,,,N,N,N,,,,http://shop1.phinf.naver.net/20260530_299/1780147866329LwW6n_PNG/114280671402241515_338924161.png,,,,Y,2020-06-08 10:36:02,2026-06-17 12:21:41,
,4947708217,,스팃스 좋은날의 바닷가 풍경 보석십자수 도안형 DIY 키트 감성 풍경 자수,스마트스토어,,,판매중,전시중,4324,58000,58000,,,N,N,N,,,,,1.0%,0,0,0,0,0,,,,오늘출발,"평일 16시00분까지 결제 완료된 주문

",기본 배송비 묶음그룹,무료,,0,3000,6000,N,Y,-,82492228217,,,,,,,가구/인테리어,수예,보석십자수,,스팃스,스팃스,,,,N,N,N,,,,http://shop1.phinf.naver.net/20200528_209/1590636063064Y5TMd_JPEG/27996801499707859_2017233925.jpg,,,,Y,2020-05-28 12:21:28,2026-02-20 12:51:07,
,4947706726,,스팃스 소소달마 부분비즈 보석십자수 대형도안 DIY 키트 마음평화 기도용,스마트스토어,,,판매중,전시중,4322,38000,38000,,,N,N,N,,,,,1.0%,0,0,0,0,0,,,,오늘출발,"평일 16시00분까지 결제 완료된 주문

",기본 배송비 묶음그룹,무료,,0,3000,6000,N,Y,-,82492226726,,,,,,,가구/인테리어,수예,보석십자수,,스팃스,스팃스,,,,N,N,N,,,,http://shop1.phinf.naver.net/20260615_265/1781525525888OAJe0_PNG/11584916164346567_595366643.png,,,,Y,2020-05-28 12:20:31,2026-06-17 12:23:32,
,4947705290,,스팃스 재물 홍사과 보석십자수 도안형 DIY 키트 재물운,스마트스토어,,,판매중,전시중,3424,42000,42000,,,N,N,N,,,,,1.0%,0,0,0,0,0,,,,오늘출발,"평일 16시00분까지 결제 완료된 주문

",기본 배송비 묶음그룹,무료,,0,3000,6000,N,Y,-,82492225290,,,,,,,가구/인테리어,수예,보석십자수,,스팃스,스팃스,,,,N,N,N,,,,http://shop1.phinf.naver.net/20200528_106/1590635931166nG4RX_JPEG/27996669798769192_2130067662.jpg,,,,Y,2020-05-28 12:19:30,2026-06-17 12:24:27,
,4947703543,,스팃스 재물 청사과 보석십자수 도안형 DIY 키트 재물운,스마트스토어,,,판매중,전시중,4324,42000,42000,,,N,N,N,,,,,1.0%,0,0,0,0,0,,,,오늘출발,"평일 16시00분까지 결제 완료된 주문

",기본 배송비 묶음그룹,무료,,0,3000,6000,N,Y,-,82492223543,,,,,,,가구/인테리어,수예,보석십자수,,스팃스,스팃스,,,,N,N,N,,,,http://shop1.phinf.naver.net/20200528_78/1590635877562IXaCb_JPEG/27996616196734754_1910409459.jpg,,,,Y,2020-05-28 12:18:28,2026-06-17 12:25:21,
,4944726244,,스팃스 꽃밭과 여인들 보석십자수 도안형 DIY 키트 감성 풍경 자수,스마트스토어,,,판매중,전시중,4324,38000,38000,,,N,N,N,,,,,1.0%,0,0,0,0,0,,,,오늘출발,"평일 16시00분까지 결제 완료된 주문

",기본 배송비 묶음그룹,무료,,0,3000,6000,N,Y,-,82489250564,,,,,,,가구/인테리어,수예,보석십자수,,스팃스,스팃스,,,,N,N,N,,,,http://shop1.phinf.naver.net/20200526_69/1590467262150XoKnf_JPEG/27829595724848055_1051071386.jpg,,,,Y,2020-05-26 13:28:10,2026-02-20 12:51:07,
,4944724780,,스팃스 금전나무 금락수 보석십자수 도안형 DIY 키트 재물운,스마트스토어,,,판매중,전시중,4324,30000,30000,,,N,N,N,,,,,1.0%,0,0,0,0,0,,,,오늘출발,"평일 16시00분까지 결제 완료된 주문

",기본 배송비 묶음그룹,무료,,0,3000,6000,N,Y,-,82489249100,,,,,,,가구/인테리어,수예,보석십자수,,스팃스,스팃스,,,,N,N,N,,,,http://shop1.phinf.naver.net/20260530_150/1780077138877f01sW_PNG/46866686969127429_1443259812.png,,,,Y,2020-05-26 13:27:07,2026-05-30 02:52:41,
,4944723637,,스팃스 꽃돼지 보석십자수 도안형 DIY 키트 감성 풍경 자수,스마트스토어,,,판매중,전시중,4322,28000,28000,,,N,N,N,,,,,1.0%,0,0,0,0,0,,,,오늘출발,"평일 16시00분까지 결제 완료된 주문

",기본 배송비 묶음그룹,무료,,0,3000,6000,N,Y,-,82489247957,,,,,,,가구/인테리어,수예,보석십자수,,스팃스,스팃스,,,,N,N,N,,,,http://shop1.phinf.naver.net/20260530_202/178007709044903Ekl_PNG/97821539704524494_1555657996.png,,,,Y,2020-05-26 13:26:05,2026-06-17 12:28:03,
,4940563956,,스팃스 해바라기 들판 보석십자수 도안형 DIY 키트 감성 풍경 자수,스마트스토어,,,판매중,전시중,4324,26000,26000,,,N,N,N,,,,,1.0%,0,0,0,0,0,,,,오늘출발,"평일 16시00분까지 결제 완료된 주문

",기본 배송비 묶음그룹,무료,,0,3000,6000,N,Y,-,82485088267,,,,,,,가구/인테리어,수예,보석십자수,,스팃스,스팃스,,,,N,N,N,,,,http://shop1.phinf.naver.net/20260531_37/1780194918535gPCax_PNG/35403089626237188_1239662854.png,,,,Y,2020-05-22 15:49:16,2026-05-31 11:35:41,
,4940562409,,스팃스 연꽃이 핀 폭포풍경 보석십자수 도안형 DIY 키트 재물운,스마트스토어,,,판매중,전시중,43241,49000,49000,,,N,N,N,,,,,1.0%,0,0,0,0,0,,,,오늘출발,"평일 16시00분까지 결제 완료된 주문

",기본 배송비 묶음그룹,무료,,0,3000,6000,N,Y,-,82485086720,,,,,,,가구/인테리어,수예,보석십자수,,스팃스,스팃스,,,,N,N,N,,,,http://shop1.phinf.naver.net/20260530_280/1780077235597vdLjK_PNG/93174144614229427_681188357.png,,,,Y,2020-05-22 15:48:13,2026-06-17 12:29:52,
,4940560109,,스팃스 등대로 가는길 보석십자수 도안형 DIY 키트 감성 풍경 자수,스마트스토어,,,판매중,전시중,43234,15000,15000,,,N,N,N,,,,,1.0%,0,0,0,0,0,,,,오늘출발,"평일 16시00분까지 결제 완료된 주문

",기본 배송비 묶음그룹,무료,,0,3000,6000,N,Y,-,82485084420,,,,,,,가구/인테리어,수예,보석십자수,,스팃스,스팃스,,,,N,N,N,,,,http://shop1.phinf.naver.net/20260530_286/1780077187213vSGed_PNG/46866735351412360_1831338623.png,,,,Y,2020-05-22 15:47:00,2026-05-30 02:53:30,
,4940556336,,보석십자수) 오두막집 테라스,스마트스토어,,,판매중지,전시중,4324,20000,20000,,,N,N,N,,,,,1.0%,0,0,0,0,0,,,,오늘출발,"평일 16시00분까지 결제 완료된 주문

",기본 배송비 묶음그룹,무료,,0,2500,2500,N,Y,-,82485080647,,,,,,,가구/인테리어,수예,보석십자수,,자체제작,자체브랜드,,,,N,N,N,,,,http://shop1.phinf.naver.net/20200522_242/1590129850209rX7ti_JPEG/27492183781667911_1033990621.jpg,,,,Y,2020-05-22 15:44:39,2026-02-10 15:30:01,
,4940554877,,보석십자수) 동양 산수화,스마트스토어,,,판매중지,전시중,4324,26000,26000,,,N,N,N,,,,,1.0%,0,0,0,0,0,,,,오늘출발,"평일 16시00분까지 결제 완료된 주문

",기본 배송비 묶음그룹,무료,,0,2500,2500,N,Y,-,82485079188,,,,,,,가구/인테리어,수예,보석십자수,,자체제작,자체브랜드,,,,N,N,N,,,,http://shop1.phinf.naver.net/20200522_265/1590129769026bXdH1_JPEG/27492102599127001_1289104731.jpg,,,,Y,2020-05-22 15:43:23,2026-02-10 15:30:01,
,4939014443,,스팃스 키친 보석십자수 도안형 DIY 키트 감성 풍경 자수,스마트스토어,,,판매중,전시중,323298,26000,26000,,,N,N,N,,,,,1.0%,0,0,0,0,0,,,,오늘출발,"평일 16시00분까지 결제 완료된 주문

",기본 배송비 묶음그룹,무료,,0,3000,6000,N,Y,-,82483538754,,,,,,,가구/인테리어,수예,보석십자수,,스팃스,스팃스,,,,N,N,N,,,,http://shop1.phinf.naver.net/20260531_237/1780194955340COER0_PNG/1555406422002891_410022704.png,,,,Y,2020-05-21 13:41:05,2026-06-17 12:31:44,
,4939012457,,스팃스 가을날의 코스모스 보석십자수 도안형 DIY 키트 감성 풍경 자수 인테리어,스마트스토어,,,판매중,전시중,432499,32000,32000,,,N,N,N,,,,,1.0%,0,0,0,0,0,,,,오늘출발,"평일 16시00분까지 결제 완료된 주문

",기본 배송비 묶음그룹,무료,,0,3000,6000,N,Y,-,82483536768,,,,,,,가구/인테리어,수예,보석십자수,,스팃스,스팃스,,,,N,N,N,,,,http://shop1.phinf.naver.net/20260530_195/1780077291414E7clz_PNG/8113430233130233_1760848101.png,,,,Y,2020-05-21 13:39:55,2026-05-30 02:55:14,
,4939011030,,보석십자수) 은행나무 길,스마트스토어,,,판매중지,전시중,43243,30000,30000,,,N,N,N,,,,,1.0%,0,0,0,0,0,,,,오늘출발,"평일 16시00분까지 결제 완료된 주문

",기본 배송비 묶음그룹,무료,,0,3000,6000,N,Y,-,82483535341,,,,,,,가구/인테리어,수예,보석십자수,,자체제작,자체브랜드,,,,N,N,N,,,,http://shop1.phinf.naver.net/20200521_36/1590035889119Q7n6t_JPEG/27399277595279661_2083269731.jpg,,,,Y,2020-05-21 13:38:46,2026-02-10 15:30:01,
,4937726494,,스팃스 보리밭 풍경 보석십자수 도안형 DIY 키트 감성 풍경 자수,스마트스토어,,,판매중지,전시중,40000,40000,40000,,,N,N,N,,,,,1.0%,0,0,0,0,0,,,,오늘출발,"평일 16시00분까지 결제 완료된 주문

",기본 배송비 묶음그룹,무료,,0,3000,6000,N,Y,-,82482250805,,,,,,,가구/인테리어,수예,보석십자수,,스팃스,스팃스,,,,N,N,N,,,,http://shop1.phinf.naver.net/20200520_278/15899529996221zKxl_JPEG/27316388135005543_413777751.jpg,,,,Y,2020-05-20 14:37:48,2026-05-26 16:34:56,
,4937718923,,스팃스 해바라기 마을 보석십자수 도안형 DIY 키트 재물운,스마트스토어,,,판매중,전시중,432499,54000,54000,,,N,N,N,,,,,1.0%,0,0,0,0,0,,,,오늘출발,"평일 16시00분까지 결제 완료된 주문

",기본 배송비 묶음그룹,무료,,0,3000,6000,N,Y,-,82482243234,,,,,,,가구/인테리어,수예,보석십자수,,스팃스,스팃스,,,,N,N,N,,,,http://shop1.phinf.naver.net/20260531_200/1780194992002q1GsF_PNG/113948190455278413_147272761.png,,,,Y,2020-05-20 14:34:49,2026-05-31 11:36:54,
,4937550540,,아동보석십자수 뽀로로 아크릴 키링시리즈(택1),스마트스토어,,,판매중지,전시중,4,5500,5500,,,Y,N,N,,,,,1.0%,0,0,0,0,0,,,,오늘출발,"평일 16시00분까지 결제 완료된 주문

",기본 배송비 묶음그룹,조건부 무료,선결제,3000,3000,6000,N,Y,-,82482074851,,,,,,,가구/인테리어,수예,보석십자수,,,,,,,N,N,N,,,,http://shop1.phinf.naver.net/20200520_126/1589946388093eQ74E_JPEG/27307126719801055_479256925.jpg,,,,Y,2020-05-20 12:53:30,2025-01-06 11:17:58,
,4936235511,,스팃스 아동 보석십자수 정품 몰랑이 LED 무드등만들기 DIY,스마트스토어,,,판매중,전시중,216138,14000,14000,,,Y,N,N,,,,,1.0%,0,0,0,0,0,,,,오늘출발,"평일 16시00분까지 결제 완료된 주문

",기본 배송비 묶음그룹,조건부 무료,선결제,3000,3000,6000,N,Y,-,82480759750,,,,,,,가구/인테리어,수예,보석십자수,,,,,,,N,N,N,,,,http://shop1.phinf.naver.net/20200519_181/15898733767849FKQ9_JPEG/27234919413399949_1576347722.jpg,,,,Y,2020-05-19 16:31:02,2026-06-17 12:34:42,
,4916678899,,스팃스 달빛천사 유니콘 보석십자수 도안형 DIY 키트 감성 인테리어 자수,스마트스토어,,,판매중,전시중,432299,16000,16000,,,N,N,N,,,,,1.0%,0,0,0,0,0,,,,오늘출발,"평일 16시00분까지 결제 완료된 주문

",기본 배송비 묶음그룹,무료,,0,3000,6000,N,Y,-,82461202635,,,,,,,가구/인테리어,수예,보석십자수,,스팃스,스팃스,,,,N,N,N,,,,http://shop1.phinf.naver.net/20260615_64/178151869617833sem_JPEG/59041373047850217_80494311.jpg,,,,Y,2020-05-04 15:04:27,2026-06-15 19:20:58,
,4914125036,,스팃스 고흐 화병 3개세트  보석십자수 도안형 DIY 세트 키트 감성 인테리어 자수,스마트스토어,,,판매중,전시중,32399,45000,45000,,,N,N,N,,,,,1.0%,0,0,0,0,0,,,,오늘출발,"평일 16시00분까지 결제 완료된 주문

",기본 배송비 묶음그룹,무료,,0,3000,6000,N,Y,-,82458648730,,,,,,,가구/인테리어,수예,보석십자수,,스팃스,스팃스,,,,N,N,N,,,,http://shop1.phinf.naver.net/20260530_209/1780147985608olpEc_PNG/93244894624606241_190492839.png,,,,Y,2020-05-01 14:13:54,2026-06-17 12:36:42,
,4868986495,,스팃스 영웅 어벤져스 시리즈 보석십자수 도안형 DIY 키트 감성 인테리어 자수,스마트스토어,,,판매중,전시중,43249,30000,30000,,,N,N,N,,,,,1.0%,0,0,0,0,0,,,,오늘출발,"평일 16시00분까지 결제 완료된 주문

",기본 배송비 묶음그룹,무료,,0,3000,6000,N,Y,-,82413509955,,,,,,,가구/인테리어,수예,보석십자수,,스팃스,스팃스,,,,N,N,N,,,,http://shop1.phinf.naver.net/20260530_18/1780077473402CJldm_PNG/126711256631007604_1810132529.png,,,,Y,2020-03-27 16:37:13,2026-06-17 12:37:42,
,4868984927,,스팃스 원피스 루피 보석십자수 도안형 DIY 키트 감성 인테리어 자수,스마트스토어,,,판매중,전시중,432499,18000,18000,,,N,N,N,,,,,1.0%,0,0,0,0,0,,,,오늘출발,"평일 16시00분까지 결제 완료된 주문

",기본 배송비 묶음그룹,무료,,0,3000,6000,N,Y,-,82413508387,,,,,,,가구/인테리어,수예,보석십자수,,스팃스,스팃스,,,,N,N,N,,,,http://shop1.phinf.naver.net/20260530_244/1780077425057HGP3o_PNG/113830623489193576_1470556823.png,,,,Y,2020-03-27 16:36:08,2026-05-30 02:57:28,
,4868946728,,스팃스 튤립 보석십자수 도안형 DIY 키트 감성 인테리어 자수,스마트스토어,,,판매중,전시중,4324,29000,29000,,,N,N,N,,,,,1.0%,0,0,0,0,0,,,,오늘출발,"평일 16시00분까지 결제 완료된 주문

",기본 배송비 묶음그룹,무료,,0,3000,6000,N,Y,-,82413470188,,,,,,,가구/인테리어,수예,보석십자수,,스팃스,스팃스,,,,N,N,N,,,,http://shop1.phinf.naver.net/20260530_85/1780148082739OkKnw_PNG/114280923928917818_535719083.png,,,,Y,2020-03-27 16:04:55,2026-06-17 12:39:33,
,4868945360,,스팃스 부귀 연꽃 잎 보석십자수 도안형 DIY 키트 재물운,스마트스토어,,,판매중,전시중,3424,21500,21500,,,N,N,N,,,,,1.0%,0,0,0,0,0,,,,오늘출발,"평일 16시00분까지 결제 완료된 주문

",기본 배송비 묶음그룹,무료,,0,3000,6000,N,Y,-,82413468820,,,,,,,가구/인테리어,수예,보석십자수,,스팃스,스팃스,,,,N,N,N,,,,http://shop1.phinf.naver.net/20260530_212/1780148034487tbcHG_PNG/46937582592539328_927227987.png,,,,Y,2020-03-27 16:03:21,2026-06-17 12:40:34,
,4868942083,,스팃스 플라워 열 접착 와펜 13종 택1 접착와펜,스마트스토어,,,판매중,전시중,5621509,3800,3800,,,Y,N,N,,,,,1.0%,0,0,0,0,0,,,,오늘출발,"평일 16시00분까지 결제 완료된 주문

",기본 배송비 묶음그룹,조건부 무료,선결제,3000,3000,6000,N,Y,-,82413465543,,,,,,,가구/인테리어,수예,수예용품/부자재,,스팃스,스팃스,,,,N,N,N,,,,http://shop1.phinf.naver.net/20200327_272/1585292321298bMoXy_JPEG/22652155842134301_1233811770.jpg,,,,Y,2020-03-27 15:59:37,2026-06-17 12:41:46,
,4825469734,,스팃스 NEW DMC 자수실 디아망뜨 그란데 6색상 택1 메탈릭사,스마트스토어,,,판매중,전시중,205369,6900,6900,,,Y,N,N,,,,,1.0%,0,0,0,0,0,,,,오늘출발,"평일 16시00분까지 결제 완료된 주문

",기본 배송비 묶음그룹,조건부 무료,선결제,3000,3000,6000,N,Y,-,82369992586,,,,,,,가구/인테리어,수예,자수,실/바늘,DMC,DMC,11194,,,N,N,N,,,,https://shop-phinf.pstatic.net/20200218_155/1582004637896U48Nb_JPEG/19366971460631066_1686144820.jpg,,,,Y,2020-02-18 14:47:35,2026-02-13 17:52:27,
,4825461986,,스팃스 DMC 뜨개실 나트라 저스트 코튼 33색 택1 뜨개질실,스마트스토어,,,판매중,전시중,3199962,7900,7900,,,Y,N,N,,,,,1.0%,0,0,0,0,0,,,,오늘출발,"평일 16시00분까지 결제 완료된 주문

",기본 배송비 묶음그룹,조건부 무료,선결제,3000,3000,6000,N,Y,-,82369984838,,,,,,,가구/인테리어,수예,뜨개질,뜨개질실,DMC,DMC,11194,,,N,N,N,,,,http://shop1.phinf.naver.net/20200218_29/1582004345572CemvP_JPEG/19367734093711637_1042710926.jpg,,,,Y,2020-02-18 14:42:43,2026-02-13 17:52:27,
,4825451575,,스팃스 양귀비 꽃다발 무지원단 실 십자수 패키지 도안 실 원단 포함 풀세트,스마트스토어,,,판매중,전시중,43242,34000,34000,,,N,N,N,,,,,1.0%,0,0,0,0,0,,,,오늘출발,"평일 16시00분까지 결제 완료된 주문

",기본 배송비 묶음그룹,무료,,0,3000,6000,N,Y,-,82369974427,,,,,,,가구/인테리어,수예,자수,패키지,스팃스,스팃스,,,,N,N,N,,,,http://shop1.phinf.naver.net/20200218_45/1582004003463wIq2P_JPEG/19363838009253512_406204280.jpg,,,,Y,2020-02-18 14:34:32,2026-06-17 12:45:27,
,4790274589,,보석십자수) 장미 두송이,스마트스토어,,,판매중지,전시중,4324,20000,20000,,,N,N,N,,,,,1.0%,0,0,0,0,0,,,,오늘출발,"평일 16시00분까지 결제 완료된 주문

",기본 배송비 묶음그룹,무료,,0,2500,2500,N,Y,-,82334797086,,,,,,,가구/인테리어,수예,보석십자수,,자체제작,자체브랜드,,,,N,N,N,,,,http://shop1.phinf.naver.net/20200114_233/1578978118933GYK4q_JPEG/16339661543036442_1831948636.jpg,,,,Y,2020-01-14 14:02:26,2026-02-10 15:30:01,
,4790271769,,스팃스 연꽃 축제 보석십자수 도안형 DIY 키트 재물운,스마트스토어,,,판매중,전시중,43233,36000,36000,,,N,N,N,,,,,1.0%,0,0,0,0,0,,,,오늘출발,"평일 16시00분까지 결제 완료된 주문

",기본 배송비 묶음그룹,무료,,0,3000,6000,N,Y,-,82334794266,,,,,,,가구/인테리어,수예,보석십자수,,스팃스,스팃스,,,,N,N,N,,,,http://shop1.phinf.naver.net/20260530_2/1780077625288npqCH_PNG/102887335943619919_432361659.png,,,,Y,2020-01-14 14:00:30,2026-06-17 12:46:41,
,4790268783,,스팃스 금전복 화병 보석십자수 도안형 DIY 키트 재물운,스마트스토어,,,판매중,전시중,4324,42000,42000,,,N,N,N,,,,,1.0%,0,0,0,0,0,,,,오늘출발,"평일 16시00분까지 결제 완료된 주문

",기본 배송비 묶음그룹,무료,,0,3000,6000,N,Y,-,82334791280,,,,,,,가구/인테리어,수예,보석십자수,,스팃스,스팃스,,,,N,N,N,,,,http://shop1.phinf.naver.net/20260617_283/1781667585552s9fHE_JPEG/36113998371824012_1555447083.jpg,,,,Y,2020-01-14 13:58:18,2026-06-17 13:47:44,
,4790267137,,스팃스 연못위의 꽃 보석십자수 대형도안 DIY 키트 감성 풍경 자수 인테리어,스마트스토어,,,판매중,전시중,4324,25000,25000,,,N,N,Y,,,,,1.0%,0,0,0,0,0,,,,오늘출발,"평일 16시00분까지 결제 완료된 주문

",기본 배송비 묶음그룹,무료,,0,3000,6000,N,Y,-,82334789634,,,,,,,가구/인테리어,수예,보석십자수,,스팃스,스팃스,,,,N,N,N,,,,http://shop1.phinf.naver.net/20260530_161/1780077569649GP9KP_PNG/14726305421203416_1286142522.png,,,,Y,2020-01-14 13:57:06,2026-06-18 12:17:13,
,4790264304,,스팃스 관세음 보살상 보석십자수 도안형 DIY 키트 마음평화 기도용,스마트스토어,,,판매중,전시중,4324,36000,36000,,,N,N,N,,,,,1.0%,0,0,0,0,0,,,,오늘출발,"평일 16시00분까지 결제 완료된 주문

",기본 배송비 묶음그룹,무료,,0,3000,6000,N,Y,-,82334786801,,,,,,,가구/인테리어,수예,보석십자수,,스팃스,스팃스,,,,N,N,N,,,,http://shop1.phinf.naver.net/20260530_86/1780077521285Ef740_PNG/3833960096263350_1516576554.png,,,,Y,2020-01-14 13:55:00,2026-06-17 13:48:28,
,4786194941,,스팃스 매화 오복도 보석십자수 도안형 DIY 키트 재물운,스마트스토어,,,판매중,전시중,43233,38000,38000,,,N,N,N,,,,,1.0%,0,0,0,0,0,,,,오늘출발,"평일 16시00분까지 결제 완료된 주문

",기본 배송비 묶음그룹,무료,,0,3000,6000,N,Y,-,82330717402,,,,,,,가구/인테리어,수예,보석십자수,,스팃스,스팃스,,,,N,N,N,,,,http://shop1.phinf.naver.net/20260530_208/1780077826297af7pU_PNG/97822275552629558_74130067.png,,,,Y,2020-01-10 10:50:33,2026-05-30 03:04:09,
,4786194013,,스팃스 화개 부귀 공작 보석십자수 도안형 DIY 키트 재물운,스마트스토어,,,판매중,전시중,43242,30000,30000,,,N,N,N,,,,,1.0%,0,0,0,0,0,,,,오늘출발,"평일 16시00분까지 결제 완료된 주문

",기본 배송비 묶음그룹,무료,,0,3000,6000,N,Y,-,82330716474,,,,,,,가구/인테리어,수예,보석십자수,,스팃스,스팃스,,,,N,N,N,,,,http://shop1.phinf.naver.net/20260530_150/1780077777858Njb5v_PNG/60277391739306492_204569698.png,,,,Y,2020-01-10 10:49:05,2026-06-17 14:02:38,
,4786192260,,스팃스 재물 부귀 가흥홍매 보석십자수 도안형 DIY 키트 재물운,스마트스토어,,,판매중,전시중,4324,33000,33000,,,N,N,N,,,,,1.0%,0,0,0,0,0,,,,오늘출발,"평일 16시00분까지 결제 완료된 주문

",기본 배송비 묶음그룹,무료,,0,3000,6000,N,Y,-,82330714721,,,,,,,가구/인테리어,수예,보석십자수,,스팃스,스팃스,,,,N,N,N,,,,http://shop1.phinf.naver.net/20260531_123/17801950286694M1sI_PNG/56656374430292633_22389076.png,,,,Y,2020-01-10 10:47:29,2026-06-17 14:02:53,
,4786191672,,스팃스 붉은 매화 금전수 보석십자수 도안형 DIY 키트 재물운,스마트스토어,,,판매중,전시중,43234,28000,28000,,,N,N,N,,,,,1.0%,0,0,0,0,0,,,,오늘출발,"평일 16시00분까지 결제 완료된 주문

",기본 배송비 묶음그룹,무료,,0,3000,6000,N,Y,-,82330714133,,,,,,,가구/인테리어,수예,보석십자수,,스팃스,스팃스,,,,N,N,N,,,,http://shop1.phinf.naver.net/20260530_236/1780077721954D3Jig_PNG/14687217501718902_585350941.png,,,,Y,2020-01-10 10:46:27,2026-06-17 14:03:08,
,4786190984,,스팃스 금전복 화병 보석십자수 도안형 DIY 키트 재물운,스마트스토어,,,판매중지,전시중,4324,40000,40000,,,N,N,N,,,,,1.0%,0,0,0,0,0,,,,오늘출발,"평일 16시00분까지 결제 완료된 주문

",기본 배송비 묶음그룹,무료,,0,3000,6000,N,Y,-,82330713445,,,,,,,가구/인테리어,수예,보석십자수,,스팃스,스팃스,,,,N,N,N,,,,http://shop1.phinf.naver.net/20200110_217/1578620682299LEbcY_JPEG/15982224909084597_1262076062.jpg,,,,Y,2020-01-10 10:45:13,2026-05-27 13:55:16,
,4786190201,,스팃스 보라색 들국화 화병 보석십자수 도안형 DIY 키트 감성 풍경 자수,스마트스토어,,,판매중,전시중,34234,28000,28000,,,N,N,N,,,,,1.0%,0,0,0,0,0,,,,오늘출발,"평일 16시00분까지 결제 완료된 주문

",기본 배송비 묶음그룹,무료,,0,3000,6000,N,Y,-,82330712662,,,,,,,가구/인테리어,수예,보석십자수,,스팃스,스팃스,,,,N,N,N,,,,http://shop1.phinf.naver.net/20260530_233/1780077673656Gg3P0_PNG/56302647518915681_1004972297.png,,,,Y,2020-01-10 10:44:07,2026-06-17 14:03:23,
,4769882534,,스팃스 국산 구름솜 1KG DIY 인형만들기솜,스마트스토어,,,판매중,전시중,43236,11000,11000,,,N,N,N,,,,,1.0%,0,0,0,0,0,,,,오늘출발,"평일 16시00분까지 결제 완료된 주문

",기본 배송비 묶음그룹,조건부 무료,선결제,3000,3000,6000,N,Y,-,82314404591,,,,,,,가구/인테리어,수예,수예용품/부자재,,스팃스,스팃스,,,,N,N,N,,,,http://shop1.phinf.naver.net/20191224_252/1577150228932VnmEf_JPEG/14513617286290704_1346473355.jpg,,,,Y,2019-12-24 10:17:44,2026-06-17 14:03:38,
,4769881293,,스팃스 국산 방울솜 1KG  DIY 인형만들기솜,스마트스토어,,,판매중,전시중,3418,11500,11500,,,N,N,N,,,,,1.0%,0,0,0,0,0,,,,오늘출발,"평일 16시00분까지 결제 완료된 주문

",기본 배송비 묶음그룹,조건부 무료,선결제,3000,3000,6000,N,Y,-,82314403350,,,,,,,가구/인테리어,수예,수예용품/부자재,,스팃스,스팃스,,,,N,N,N,,,,http://shop1.phinf.naver.net/20191224_252/1577150154507w7bFo_JPEG/14513543039085621_1579052510.jpg,,,,Y,2019-12-24 10:16:43,2026-06-17 14:03:53,
,4769879830,,스팃스 34 503 크로바 가죽 골무 3개 세트,스마트스토어,,,판매중,전시중,4313,4200,4200,,,N,N,N,,,,,1.0%,0,0,0,0,0,,,,오늘출발,"평일 16시00분까지 결제 완료된 주문

",기본 배송비 묶음그룹,조건부 무료,선결제,3000,3000,6000,N,Y,-,82314401887,,,,,,,가구/인테리어,수예,수예용품/부자재,,,,,,,N,N,N,,,,http://shop1.phinf.naver.net/20191224_178/1577150096281nUcWN_JPEG/14513484813457128_848961461.jpg,,,,Y,2019-12-24 10:15:22,2026-06-17 14:04:08,
,4769876568,,스팃스 36 616 크로바 곡선형 가위 14cm,스마트스토어,,,판매중,전시중,4324,39500,39500,,,N,N,N,,,,,1.0%,0,0,0,0,0,,,,오늘출발,"평일 16시00분까지 결제 완료된 주문

",기본 배송비 묶음그룹,조건부 무료,선결제,3000,3000,6000,N,Y,-,82314398625,,,,,,,가구/인테리어,수예,수예용품/부자재,,,,,,,N,N,N,,,,http://shop1.phinf.naver.net/20191224_15/1577149892046gqBAD_JPEG/14510630679940706_2102017532.jpg,,,,Y,2019-12-24 10:12:22,2026-06-17 14:04:24,
,4769874258,,스팃스 21 505 크로바 투웨이 리퍼 실따개,스마트스토어,,,판매중,전시중,4320,8400,8400,,,N,N,N,,,,,1.0%,0,0,0,0,0,,,,오늘출발,"평일 16시00분까지 결제 완료된 주문

",기본 배송비 묶음그룹,조건부 무료,선결제,3000,3000,6000,N,Y,-,82314396315,,,,,,,가구/인테리어,수예,수예용품/부자재,,,,,,,N,N,N,,,,http://shop1.phinf.naver.net/20191224_251/1577149749125AIAN0_JPEG/14510487759864498_519588232.jpg,,,,Y,2019-12-24 10:10:19,2026-06-17 14:04:40,
,4757097196,,스팃스 목련 화병 보석십자수 도안형 DIY 키트 재물운,스마트스토어,,,판매중,전시중,4321,22000,22000,,,N,N,N,,,,,1.0%,0,0,0,0,0,,,,오늘출발,"평일 16시00분까지 결제 완료된 주문

",기본 배송비 묶음그룹,무료,,0,3000,6000,N,Y,-,82301619008,,,,,,,가구/인테리어,수예,보석십자수,,스팃스,스팃스,,,,N,N,N,,,,http://shop1.phinf.naver.net/20260530_50/1780077945427j0VDR_PNG/5045762097689391_70425931.png,,,,Y,2019-12-11 15:42:25,2026-06-17 14:05:33,
,4757096145,,스팃스 금전수 금빛 공작 보석십자수 도안형 DIY 키트 재물운,스마트스토어,,,판매중,전시중,4323,26000,26000,,,N,N,N,,,,,1.0%,0,0,0,0,0,,,,오늘출발,"평일 16시00분까지 결제 완료된 주문

",기본 배송비 묶음그룹,무료,,0,3000,6000,N,Y,-,82301617957,,,,,,,가구/인테리어,수예,보석십자수,,스팃스,스팃스,,,,N,N,N,,,,http://shop1.phinf.naver.net/20260530_135/1780077897005b3veT_PNG/45672346137322329_2075016610.png,,,,Y,2019-12-11 15:41:39,2026-06-17 14:05:48,
,4757094918,,스팃스 칼라풀 공작 보석십자수 도안형 DIY 키트 재물운,스마트스토어,,,판매중,전시중,4323,15000,15000,,,N,N,N,,,,,1.0%,0,0,0,0,0,,,,오늘출발,"평일 16시00분까지 결제 완료된 주문

",기본 배송비 묶음그룹,무료,,0,3000,6000,N,Y,-,82301616730,,,,,,,가구/인테리어,수예,보석십자수,,스팃스,스팃스,,,,N,N,N,,,,http://shop1.phinf.naver.net/20260530_109/1780148201885UHKGv_PNG/93245110906128550_1774530447.png,,,,Y,2019-12-11 15:40:44,2026-06-17 14:06:03,
,4757093779,,스팃스 7색 해바라기 보석십자수 도안형 DIY 키트 재물운,스마트스토어,,,판매중,전시중,43231,18000,18000,,,N,N,N,,,,,1.0%,0,0,0,0,0,,,,오늘출발,"평일 16시00분까지 결제 완료된 주문

",기본 배송비 묶음그룹,무료,,0,3000,6000,N,Y,-,82301615591,,,,,,,가구/인테리어,수예,보석십자수,,스팃스,스팃스,,,,N,N,N,,,,http://shop1.phinf.naver.net/20260531_295/17801951018224aF84_PNG/57717778685253518_1717971809.png,,,,Y,2019-12-11 15:39:56,2026-06-17 14:06:19,
,4757092743,,스팃스 황금나무 금전수 보석십자수 도안형 DIY 키트 재물운,스마트스토어,(보석십자수) 황금나무 금전수,,판매중,전시중,4317,13800,13800,,,N,N,Y,,,,,1.0%,0,0,0,0,0,,,,오늘출발,"평일 16시00분까지 결제 완료된 주문

",기본 배송비 묶음그룹,무료,,0,3000,6000,N,Y,-,82301614555,,,,,,,가구/인테리어,수예,보석십자수,,스팃스,스팃스,,,,N,N,N,,,,http://shop1.phinf.naver.net/20260531_209/1780195065341zJaIF_PNG/114327870453240590_130703482.png,,,,Y,2019-12-11 15:39:03,2026-06-17 14:06:36,
,4750815064,,스팃스 마그네틱 자석바늘홀더 바늘보관함 바늘방석 자석바늘보관,스마트스토어,마그네틱 자석바늘홀더 - 스퀘어,,판매중,전시중,4319,3500,3500,,,N,N,N,,,,,1.0%,0,0,0,0,0,,,,오늘출발,"평일 16시00분까지 결제 완료된 주문

",기본 배송비 묶음그룹,조건부 무료,선결제,3000,3000,6000,N,Y,-,82295336777,,,,,,,가구/인테리어,수예,수예용품/부자재,,스팃스,스팃스,,,,N,N,N,,,,https://shop-phinf.pstatic.net/20211218_37/16397939997137kr5B_JPEG/40929845427354106_1136642286.jpg,,,,Y,2019-12-05 14:23:53,2026-06-17 14:06:51,
,4750812615,,일본서적) 귀여운 십자수-마음이 설레는 입체 크리스마스 자수,스마트스토어,,,판매중지,전시중,4324,21000,21000,,,N,N,N,,,,,1.0%,0,0,0,0,0,,,,오늘출발,"평일 16시00분까지 결제 완료된 주문

",기본 배송비 묶음그룹,조건부 무료,선결제,2500,2500,2500,N,Y,-,82295334328,,,,,,,가구/인테리어,수예,수예용품/부자재,,,,,,,N,N,N,,,,http://shop1.phinf.naver.net/20191205_58/1575523251354g4Jq8_JPEG/12883085902446418_1803883235.jpg,,,,Y,2019-12-05 14:21:35,2022-12-22 16:02:10,
,4750809915,,일본서적)  스티치 idees-VOL.18,스마트스토어,,,판매중지,전시중,4324,14600,14600,,,N,N,N,,,,,1.0%,0,0,0,0,0,,,,오늘출발,"평일 16시00분까지 결제 완료된 주문

",기본 배송비 묶음그룹,조건부 무료,선결제,2500,2500,2500,N,Y,-,82295331628,,,,,,,가구/인테리어,수예,수예용품/부자재,,,,,,,N,N,N,,,,http://shop1.phinf.naver.net/20191205_284/1575523133277qL33f_JPEG/12882967824965437_1769471673.jpg,,,,Y,2019-12-05 14:19:48,2022-12-22 16:02:10,
,4750806836,,일본서적 키트포함 일본 서적 어른의 자수 시간 DIY,스마트스토어,,,판매중,전시중,4324,21000,21000,,,N,N,N,,,,,1.0%,0,0,0,0,0,,,,오늘출발,"평일 16시00분까지 결제 완료된 주문

",기본 배송비 묶음그룹,조건부 무료,선결제,3000,3000,6000,N,Y,-,82295328549,,,,,,,가구/인테리어,수예,수예용품/부자재,,,,,,,N,N,N,,,,http://shop1.phinf.naver.net/20191205_19/1575523034111LGjfi_JPEG/12882868655704018_947601973.jpg,,,,Y,2019-12-05 14:17:47,2026-06-17 14:07:06,
,4750804314,,일본서적)  coL의 작은 자수,스마트스토어,,,판매중지,전시중,4323,16000,16000,,,N,N,N,,,,,1.0%,0,0,0,0,0,,,,오늘출발,"평일 16시00분까지 결제 완료된 주문

",기본 배송비 묶음그룹,조건부 무료,선결제,2500,2500,2500,N,Y,-,82295326027,,,,,,,가구/인테리어,수예,수예용품/부자재,,,,,,,N,N,N,,,,http://shop1.phinf.naver.net/20191205_43/1575522959778V10j5_JPEG/12882794323636286_1910654465.jpg,,,,Y,2019-12-05 14:16:35,2022-12-22 16:02:10,
,4750802652,,일본서적  신장판 귀여운 양모 자수,스마트스토어,,,판매중,전시중,43234,16000,16000,,,N,N,N,,,,,1.0%,0,0,0,0,0,,,,오늘출발,"평일 16시00분까지 결제 완료된 주문

",기본 배송비 묶음그룹,조건부 무료,선결제,3000,3000,6000,N,Y,-,82295324365,,,,,,,가구/인테리어,수예,수예용품/부자재,,,,,,,N,N,N,,,,http://shop1.phinf.naver.net/20191205_199/1575522895138ci8KT_JPEG/12882729683391252_1214933599.jpg,,,,Y,2019-12-05 14:15:29,2026-06-17 14:07:21,
,4750800651,,일본서적) 테이프에 자수-간단 십자수5,스마트스토어,,,판매중지,전시중,4324,11000,11000,,,N,N,N,,,,,1.0%,0,0,0,0,0,,,,오늘출발,"평일 16시00분까지 결제 완료된 주문

",기본 배송비 묶음그룹,조건부 무료,선결제,2500,2500,2500,N,Y,-,82295322364,,,,,,,가구/인테리어,수예,수예용품/부자재,,,,,,,N,N,N,,,,http://shop1.phinf.naver.net/20191205_177/1575522821952mifyI_JPEG/12882656497814832_1517782364.jpg,,,,Y,2019-12-05 14:14:23,2022-12-22 16:02:10,
,4750797903,,일본서적 간단한 십자수 9,스마트스토어,,,판매중,전시중,4322,9000,9000,,,N,N,N,,,,,1.0%,0,0,0,0,0,,,,오늘출발,"평일 16시00분까지 결제 완료된 주문

",기본 배송비 묶음그룹,조건부 무료,선결제,3000,3000,6000,N,Y,-,82295319616,,,,,,,가구/인테리어,수예,수예용품/부자재,,,,,,,N,N,N,,,,http://shop1.phinf.naver.net/20191205_265/1575522738057oaj3D_JPEG/12882572603838432_1739913802.jpg,,,,Y,2019-12-05 14:13:08,2026-06-17 14:07:36,
,4725585419,,어린이 보석십자수 액자 포함 캐릭터 DIY 키트 32종 초등 만들기 집콕 취미,스마트스토어,,,판매중,전시중,3199954,9900,9900,,,Y,N,Y,,,,,1.0%,0,0,0,0,0,,,,오늘출발,"평일 16시00분까지 결제 완료된 주문

",기본 배송비 묶음그룹,무료,,0,3000,6000,N,Y,-,82270106644,,,,,,,가구/인테리어,수예,보석십자수,,스팃스,스팃스,,,,N,N,Y,,,,http://shop1.phinf.naver.net/20260409_101/1775707205330M82i3_PNG/109840030053696730_492843916.png,,,,Y,2019-11-09 11:19:00,2026-06-19 15:09:25,
,4724687085,,빅토리아 홈 린넨100% 인테리어 원단 1마 (70x150),스마트스토어,,,판매중지,전시중,43234,8000,8000,,,N,N,N,,,,,1.0%,0,0,0,0,0,,,,오늘출발,"평일 16시00분까지 결제 완료된 주문

",기본 배송비 묶음그룹,조건부 무료,선결제,2500,2500,2500,N,Y,-,82269208310,,,,,,,가구/인테리어,수예,원단,,자체제작,자체브랜드,,,,N,N,N,,,,http://shop1.phinf.naver.net/20191108_255/1573190104980FD4zr_JPEG/10550843442641649_2084493250.jpg,,,,Y,2019-11-08 14:17:25,2026-02-10 15:30:01,
,4724685870,,스팃스 세계지도 린넨100% 인테리어 원단 1마 (70x150) 커트지,스마트스토어,,,판매중,전시중,43230,9000,9000,,,N,N,N,,,,,1.0%,0,0,0,0,0,,,,오늘출발,"평일 16시00분까지 결제 완료된 주문

",기본 배송비 묶음그룹,조건부 무료,선결제,3000,3000,6000,N,Y,-,82269207095,,,,,,,가구/인테리어,수예,원단,,스팃스,스팃스,,,,N,N,N,,,,http://shop1.phinf.naver.net/20191108_84/1573190131957N6Mdk_JPEG/10550870588265484_1284899061.jpg,,,,Y,2019-11-08 14:16:14,2026-06-17 14:08:08,
,4724682131,,"1/4마 독일 쯔바이 14ct 십자수원단 금사,은사 원단",스마트스토어,,,판매중지,전시중,1,9900,9900,,,Y,N,N,,,,,1.0%,0,0,0,0,0,,,,오늘출발,"평일 16시00분까지 결제 완료된 주문

",기본 배송비 묶음그룹,조건부 무료,선결제,2500,2500,2500,N,Y,-,82269203356,,,,,,,가구/인테리어,수예,자수,원단,,,,,,N,N,N,,,,http://shop1.phinf.naver.net/20191108_217/1573189882785lBqgx_JPEG/10553271161467320_941211441.jpg,,,,Y,2019-11-08 14:12:13,2022-11-14 15:30:26,
,4724679845,,스팃스 1/4마 국산 금사 은사 아이다 펄 반짝이 십자수 원단 14ct 18ct,스마트스토어,,,판매중,전시중,399996,6600,6600,,,Y,N,N,,,,,1.0%,0,0,0,0,0,,,,오늘출발,"평일 16시00분까지 결제 완료된 주문

",기본 배송비 묶음그룹,조건부 무료,선결제,3000,3000,6000,N,Y,-,82269201070,,,,,,,가구/인테리어,수예,자수,원단,스팃스,스팃스,,,,N,N,N,,,,http://shop1.phinf.naver.net/20191108_6/1573189703580SBeHE_JPEG/10553092125619488_1646314258.jpg,,,,Y,2019-11-08 14:09:57,2026-06-17 14:08:25,
,4719491395,,모란꽃 실 십자수 패키지 (도안+원단+실+바늘),스마트스토어,,,판매중지,전시중,4323,33000,33000,,,N,N,N,,,,,1.0%,0,0,0,0,0,,,,오늘출발,"평일 16시00분까지 결제 완료된 주문

",기본 배송비 묶음그룹,무료,,0,3000,6000,N,Y,-,82264012478,,,,,,,가구/인테리어,수예,자수,패키지,자체제작,자체브랜드,,,,N,N,N,,,,http://shop1.phinf.naver.net/20191104_283/1572833873972XJ3EO_JPEG/10196207524865268_1368823592.jpg,,,,Y,2019-11-04 13:05:19,2026-02-10 15:30:01,
,4719486109,,스팃스 체리꽃 무지원단 실 십자수 패키지 도안 실 원단 포함 풀세트,스마트스토어,,,판매중,전시중,4320,27500,27500,,,N,N,N,,,,,1.0%,0,0,0,0,0,,,,오늘출발,"평일 16시00분까지 결제 완료된 주문

",기본 배송비 묶음그룹,무료,,0,3000,6000,N,Y,-,82264007192,,,,,,,가구/인테리어,수예,자수,패키지,스팃스,스팃스,,,,N,N,N,,,,http://shop1.phinf.naver.net/20191104_49/1572840040498Su37o_JPEG/10199875041253294_881897388.jpg,,,,Y,2019-11-04 13:02:12,2026-06-17 14:08:40,
,4719481858,,스팃스 접시꽃 무지원단 실 십자수 패키지 도안 실 원단 포함 풀세트,스마트스토어,,,판매중,전시중,4321,27500,27500,,,N,N,N,,,,,1.0%,0,0,0,0,0,,,,오늘출발,"평일 16시00분까지 결제 완료된 주문

",기본 배송비 묶음그룹,무료,,0,3000,6000,N,Y,-,82264002941,,,,,,,가구/인테리어,수예,자수,패키지,스팃스,스팃스,,,,N,N,N,,,,http://shop1.phinf.naver.net/20191104_159/1572839900775qb6qo_JPEG/10200639405206443_546037636.jpg,,,,Y,2019-11-04 12:59:52,2026-06-17 14:08:55,
,4719475848,,스팃스 아티초크 무지원단 실 십자수 패키지 도안 실 원단 포함 풀세트,스마트스토어,,,판매중,전시중,4324,27500,27500,,,N,N,N,,,,,1.0%,0,0,0,0,0,,,,오늘출발,"평일 16시00분까지 결제 완료된 주문

",기본 배송비 묶음그룹,무료,,0,3000,6000,N,Y,-,82263996931,,,,,,,가구/인테리어,수예,자수,패키지,스팃스,스팃스,,,,N,N,N,,,,http://shop1.phinf.naver.net/20191104_45/1572839731718jBXjg_JPEG/10200470176902336_728170490.jpg,,,,Y,2019-11-04 12:56:43,2026-02-20 12:51:07,
,4719462669,,스팃스 콜럼바인 무지원단 실 십자수 패키지 도안 실 원단 포함 풀세트,스마트스토어,,,판매중,전시중,4323,27500,27500,,,N,N,N,,,,,1.0%,0,0,0,0,0,,,,오늘출발,"평일 16시00분까지 결제 완료된 주문

",기본 배송비 묶음그룹,무료,,0,3000,6000,N,Y,-,82263983752,,,,,,,가구/인테리어,수예,자수,패키지,스팃스,스팃스,,,,N,N,N,,,,http://shop1.phinf.naver.net/20191104_164/1572838720897ismAY_JPEG/10202109314072730_1595291864.jpg,,,,Y,2019-11-04 12:48:25,2026-02-20 12:51:07,
,4719447329,,스팃스 비올라 무지원단 실 십자수 패키지 도안 실 원단 포함 풀세트,스마트스토어,,,판매중,전시중,3421,26000,26000,,,N,N,N,,,,,1.0%,0,0,0,0,0,,,,오늘출발,"평일 16시00분까지 결제 완료된 주문

",기본 배송비 묶음그룹,무료,,0,3000,6000,N,Y,-,82263968412,,,,,,,가구/인테리어,수예,자수,패키지,스팃스,스팃스,,,,N,N,N,,,,http://shop1.phinf.naver.net/20191104_149/1572838816627mM1kr_JPEG/10201150182899787_643943386.jpg,,,,Y,2019-11-04 12:41:35,2026-02-20 12:51:07,
,4719439394,,스팃스 미니사과 무지원단 실 십자수 패키지 도안 실 원단 포함 풀세트,스마트스토어,,,판매중,전시중,4322,27500,27500,,,N,N,N,,,,,1.0%,0,0,0,0,0,,,,오늘출발,"평일 16시00분까지 결제 완료된 주문

",기본 배송비 묶음그룹,무료,,0,3000,6000,N,Y,-,82263960477,,,,,,,가구/인테리어,수예,자수,패키지,스팃스,스팃스,,,,N,N,N,,,,http://shop1.phinf.naver.net/20191104_97/1572838452830VKPaA_JPEG/10199191461269055_868599558.jpg,,,,Y,2019-11-04 12:36:29,2026-02-20 12:51:07,
,4719430927,,스팃스 장미정원 무지원단 실 십자수 패키지 도안 실 원단 포함 풀세트,스마트스토어,,,판매중,전시중,4324,29000,29000,,,N,N,N,,,,,1.0%,0,0,0,0,0,,,,오늘출발,"평일 16시00분까지 결제 완료된 주문

",기본 배송비 묶음그룹,무료,,0,3000,6000,N,Y,-,82263952010,,,,,,,가구/인테리어,수예,자수,패키지,스팃스,스팃스,,,,N,N,N,,,,http://shop1.phinf.naver.net/20191104_267/1572838128409AaspU_JPEG/10197962777912217_228354260.jpg,,,,Y,2019-11-04 12:31:34,2026-06-17 14:10:10,
,4719421044,,스팃스 양귀비와 체리 무지원단 실 십자수 패키지 도안 실 원단 포함 풀세트,스마트스토어,,,판매중,전시중,3421,34000,34000,,,N,N,N,,,,,1.0%,0,0,0,0,0,,,,오늘출발,"평일 16시00분까지 결제 완료된 주문

",기본 배송비 묶음그룹,무료,,0,3000,6000,N,Y,-,82263942127,,,,,,,가구/인테리어,수예,자수,패키지,스팃스,스팃스,,,,N,N,N,,,,http://shop1.phinf.naver.net/20191104_293/1572837827742aJltj_JPEG/10201216283445086_2142935707.jpg,,,,Y,2019-11-04 12:25:16,2026-06-17 14:10:26,
,4719344281,,스팃스 자연의 둥지 무지원단 실 십자수 패키지 도안 실 원단 포함 풀세트,스마트스토어,,,판매중,전시중,4324,29000,29000,,,N,N,N,,,,,1.0%,0,0,0,0,0,,,,오늘출발,"평일 16시00분까지 결제 완료된 주문

",기본 배송비 묶음그룹,무료,,0,3000,6000,N,Y,-,82263865364,,,,,,,가구/인테리어,수예,자수,패키지,스팃스,스팃스,,,,N,N,N,,,,http://shop1.phinf.naver.net/20191104_182/1572835039089jvqJP_JPEG/10194873632499984_1536446858.jpg,,,,Y,2019-11-04 11:38:27,2026-06-17 14:10:43,
,4719338731,,스팃스 크리스마스 화이트사슴 무지원단 실 십자수 패키지 도안 실 원단 포함 풀세트,스마트스토어,,,판매중,전시중,4319,26500,26500,,,N,N,Y,,,,,1.0%,0,0,0,0,0,,,,오늘출발,"평일 16시00분까지 결제 완료된 주문

",기본 배송비 묶음그룹,무료,,0,3000,6000,N,Y,-,82263859814,,,,,,,가구/인테리어,수예,자수,패키지,스팃스,스팃스,,,,N,N,N,,,,https://shop-phinf.pstatic.net/20191104_1/1572834839364yBMvL_JPEG/10194673911593570_1601356003.jpg,,,,Y,2019-11-04 11:34:50,2026-06-17 14:11:01,
,4719334285,,스팃스 12개월 코스터 차트 무지원단 실 십자수 패키지 도안 실 원단 포함 풀세트,스마트스토어,,,판매중,전시중,4320,30000,30000,,,N,N,N,,,,,1.0%,0,0,0,0,0,,,,오늘출발,"평일 16시00분까지 결제 완료된 주문

",기본 배송비 묶음그룹,무료,,0,3000,6000,N,Y,-,82263855368,,,,,,,가구/인테리어,수예,자수,패키지,스팃스,스팃스,,,,N,N,N,,,,http://shop1.phinf.naver.net/20191104_120/1572834659431fgNES_JPEG/10194493813598127_1399230515.jpg,,,,Y,2019-11-04 11:32:08,2026-06-17 14:11:18,
,4719330188,,스팃스 크라스마스 컬러공 무지원단 실 십자수 패키지 도안 실 원단 포함 풀세트,스마트스토어,,,판매중,전시중,4321,26000,26000,,,N,N,N,,,,,1.0%,0,0,0,0,0,,,,오늘출발,"평일 16시00분까지 결제 완료된 주문

",기본 배송비 묶음그룹,무료,,0,3000,6000,N,Y,-,82263851271,,,,,,,가구/인테리어,수예,자수,패키지,스팃스,스팃스,,,,N,N,N,,,,http://shop1.phinf.naver.net/20191104_163/1572834518373ndxbO_JPEG/10195257002308731_92386491.jpg,,,,Y,2019-11-04 11:29:32,2026-06-17 14:11:34,
,4719321634,,스팃스 새화환 무지원단 실 십자수 패키지 도안 실 원단 포함 풀세트,스마트스토어,,,판매중,전시중,4323,27500,27500,,,N,N,N,,,,,1.0%,0,0,0,0,0,,,,오늘출발,"평일 16시00분까지 결제 완료된 주문

",기본 배송비 묶음그룹,무료,,0,3000,6000,N,Y,-,82263842717,,,,,,,가구/인테리어,수예,자수,패키지,스팃스,스팃스,,,,N,N,N,,,,http://shop1.phinf.naver.net/20191104_267/15728341365994pfn0_JPEG/10194875224190854_1084833951.jpg,,,,Y,2019-11-04 11:23:15,2026-02-20 12:56:05,
,4719318863,,스팃스 사계절 화환 무지원단 실 십자수 패키지 도안 실 원단 포함 풀세트,스마트스토어,,,판매중,전시중,4321,30000,30000,,,N,N,N,,,,,1.0%,0,0,0,0,0,,,,오늘출발,"평일 16시00분까지 결제 완료된 주문

",기본 배송비 묶음그룹,무료,,0,3000,6000,N,Y,-,82263839946,,,,,,,가구/인테리어,수예,자수,패키지,스팃스,스팃스,,,,N,N,N,,,,http://shop1.phinf.naver.net/20191104_225/1572833996645xYX95_JPEG/10196330197585695_139847604.jpg,,,,Y,2019-11-04 11:20:40,2026-06-17 14:12:05,
,4719316732,,스팃스 우아한 꽃 화병 무지원단 실 십자수 패키지 도안 실 원단 포함 풀세트,스마트스토어,,,판매중,전시중,4233,29000,29000,,,N,N,N,,,,,1.0%,0,0,0,0,0,,,,오늘출발,"평일 16시00분까지 결제 완료된 주문

",기본 배송비 묶음그룹,무료,,0,3000,6000,N,Y,-,82263837815,,,,,,,가구/인테리어,수예,자수,패키지,스팃스,스팃스,,,,N,N,N,,,,http://shop1.phinf.naver.net/20191104_80/1572840396677BYS28_JPEG/10201939278829096_1721166655.jpg,,,,Y,2019-11-04 11:18:36,2026-06-17 14:12:21,
,4719314077,,스팃스 크리스마스 마을 무지원단 실 십자수 패키지 도안 실 원단 포함 풀세트,스마트스토어,,,판매중,전시중,3404,30500,30500,,,N,N,Y,,,,,1.0%,0,0,0,0,0,,,,오늘출발,"평일 16시00분까지 결제 완료된 주문

",기본 배송비 묶음그룹,무료,,0,3000,6000,N,Y,-,82263835160,,,,,,,가구/인테리어,수예,자수,패키지,스팃스,스팃스,,,,N,N,N,,,,https://shop-phinf.pstatic.net/20191104_299/15728337702736EVkO_JPEG/10196103826716292_1496148230.jpg,,,,Y,2019-11-04 11:16:56,2026-06-17 14:12:39,
,4719311399,,스팃스 웰컴화환 무지원단 실 십자수 패키지 도안 실 원단 포함 풀세트,스마트스토어,,,판매중,전시중,4234328,28000,28000,,,N,N,N,,,,,1.0%,0,0,0,0,0,,,,오늘출발,"평일 16시00분까지 결제 완료된 주문

",기본 배송비 묶음그룹,무료,,0,3000,6000,N,Y,-,82263832482,,,,,,,가구/인테리어,수예,자수,패키지,스팃스,스팃스,,,,N,N,N,,,,http://shop1.phinf.naver.net/20191104_66/1572833642236aQjhA_JPEG/10195184839060044_1265383207.jpg,,,,Y,2019-11-04 11:14:48,2026-02-20 12:56:05,
,4719308349,,스팃스 장미화환 무지원단 실 십자수 패키지 도안 실 원단 포함 풀세트,스마트스토어,,,판매중,전시중,4317,31000,31000,,,N,N,N,,,,,1.0%,0,0,0,0,0,,,,오늘출발,"평일 16시00분까지 결제 완료된 주문

",기본 배송비 묶음그룹,무료,,0,3000,6000,N,Y,-,82263829432,,,,,,,가구/인테리어,수예,자수,패키지,스팃스,스팃스,,,,N,N,N,,,,http://shop1.phinf.naver.net/20191104_30/1572833483227jsYJX_JPEG/10193317772266248_1495320717.jpg,,,,Y,2019-11-04 11:12:23,2026-06-17 14:13:10,
,4719305679,,스팃스 눈사람 무지원단 실 십자수 패키지 도안 실 원단 포함 풀세트,스마트스토어,,,판매중,전시중,3419,27000,27000,,,N,N,N,,,,,1.0%,0,0,0,0,0,,,,오늘출발,"평일 16시00분까지 결제 완료된 주문

",기본 배송비 묶음그룹,무료,,0,3000,6000,N,Y,-,82263826762,,,,,,,가구/인테리어,수예,자수,패키지,스팃스,스팃스,,,,N,N,N,,,,http://shop1.phinf.naver.net/20191104_271/15728332714291jzv0_PNG/10196659968924788_19853541.png,,,,Y,2019-11-04 11:09:39,2026-02-20 12:56:05,
,4719298428,,스팃스 워킹투타운 무지원단 실 십자수 패키지 도안 실 원단 포함 풀세트,스마트스토어,,,판매중,전시중,3422,29000,29000,,,N,N,N,,,,,1.0%,0,0,0,0,0,,,,오늘출발,"평일 16시00분까지 결제 완료된 주문

",기본 배송비 묶음그룹,무료,,0,3000,6000,N,Y,-,82263819511,,,,,,,가구/인테리어,수예,자수,패키지,스팃스,스팃스,,,,N,N,N,,,,http://shop1.phinf.naver.net/20191104_128/1572832623313K4WSE_JPEG/10194956867416260_1336410273.jpg,,,,Y,2019-11-04 11:03:36,2026-02-20 12:56:05,
,4715353531,,스팃스 장미 한송이 보석십자수 도안형 DIY 키트 감성 풍경 자수,스마트스토어,,,판매중,전시중,4323,23000,23000,,,N,N,N,,,,,1.0%,0,0,0,0,0,,,,오늘출발,"평일 16시00분까지 결제 완료된 주문

",기본 배송비 묶음그룹,무료,,0,3000,6000,N,Y,-,82259874553,,,,,,,가구/인테리어,수예,보석십자수,,스팃스,스팃스,,,,N,N,N,,,,http://shop1.phinf.naver.net/20260530_162/1780148250766jzmRh_PNG/4433011433874579_526741998.png,,,,Y,2019-10-31 11:15:57,2026-06-17 14:13:57,
,4714310485,,스팃스 57 694 크로바 회전 바늘케이스,스마트스토어,,,판매중,전시중,43234,26000,26000,,,N,N,N,,,,,1.0%,0,0,0,0,0,,,,오늘출발,"평일 16시00분까지 결제 완료된 주문

",기본 배송비 묶음그룹,조건부 무료,선결제,3000,3000,6000,N,Y,-,82258831507,,,,,,,가구/인테리어,수예,수예용품/부자재,,,,,,,N,N,N,,,,http://shop1.phinf.naver.net/20191030_148/1572413853194cqAu8_JPEG/9777241739659373_1512909988.jpg,,,,Y,2019-10-30 14:38:39,2026-06-17 14:14:14,
,4714306242,,스팃스 36 226 크로바 직물용 스테인레스가위 SR240FT,스마트스토어,,,판매중,전시중,4324,74800,74800,,,N,N,N,,,,,1.0%,0,0,0,0,0,,,,오늘출발,"평일 16시00분까지 결제 완료된 주문

",기본 배송비 묶음그룹,조건부 무료,선결제,3000,3000,6000,N,Y,-,82258827264,,,,,,,가구/인테리어,수예,수예용품/부자재,,,,,,,N,N,N,,,,http://shop1.phinf.naver.net/20191030_277/15724137171705V0xu_JPEG/9774455803721750_1240503457.jpg,,,,Y,2019-10-30 14:35:57,2026-06-17 14:14:31,
,4714304005,,스팃스 36 224 크로바 직물용 스텐인레스 가위 SR240,스마트스토어,,,판매중,전시중,3424,63800,63800,,,N,N,N,,,,,1.0%,0,0,0,0,0,,,,오늘출발,"평일 16시00분까지 결제 완료된 주문

",기본 배송비 묶음그룹,조건부 무료,선결제,3000,3000,6000,N,Y,-,82258825027,,,,,,,가구/인테리어,수예,수예용품/부자재,,,,,,,N,N,N,,,,http://shop1.phinf.naver.net/20191030_100/1572413611049tSV4g_JPEG/9774349680219043_1963262536.jpg,,,,Y,2019-10-30 14:34:35,2026-06-17 14:14:48,
,4710241100,,스팃스 주물 재단가위 블랙 25.5cm,스마트스토어,,,판매중,전시중,4321,12000,12000,,,N,N,N,,,,,1.0%,0,0,0,0,0,,,,오늘출발,"평일 16시00분까지 결제 완료된 주문

",기본 배송비 묶음그룹,조건부 무료,선결제,3000,3000,6000,N,Y,-,82254762122,,,,,,,가구/인테리어,수예,수예용품/부자재,,스팃스,스팃스,,,,N,N,N,,,,http://shop1.phinf.naver.net/20191026_39/1572056977821DPyaF_JPEG/9418520425723981_1004270945.jpg,,,,Y,2019-10-26 11:30:25,2026-06-17 14:15:05,
,4710239837,,스팃스 목단 금화 보석십자수 50x120 도안형 DIY 키트 재물운,스마트스토어,,,판매중,전시중,4324,36000,36000,,,N,N,N,,,,,1.0%,0,0,0,0,0,,,,오늘출발,"평일 16시00분까지 결제 완료된 주문

",기본 배송비 묶음그룹,무료,,0,3000,6000,N,Y,-,82254760859,,,,,,,가구/인테리어,수예,보석십자수,,스팃스,스팃스,,,,N,N,N,,,,http://shop1.phinf.naver.net/20260530_55/1780078001230Lm4F0_PNG/97822450446806465_490888349.png,,,,Y,2019-10-26 11:27:06,2026-06-17 14:15:23,
,4710239245,,스팃스 만개 해바라기 보석십자수 도안형 DIY 키트 재물운,스마트스토어,,,판매중,전시중,3424,19000,19000,,,N,N,N,,,,,1.0%,0,0,0,0,0,,,,오늘출발,"평일 16시00분까지 결제 완료된 주문

",기본 배송비 묶음그룹,무료,,0,3000,6000,N,Y,-,82254760267,,,,,,,가구/인테리어,수예,보석십자수,,스팃스,스팃스,,,,N,N,N,,,,http://shop1.phinf.naver.net/20200903_138/1599097628458Plmpj_JPEG/36458367064062898_613566457.jpg,,,,Y,2019-10-26 11:25:37,2026-06-17 14:15:40,
,4701975765,,스팃스 DOME 메탈릭 롤 5종 택1,스마트스토어,,,판매중,전시중,43243,1800,1800,,,Y,N,N,,,,,1.0%,0,0,0,0,0,,,,오늘출발,"평일 16시00분까지 결제 완료된 주문

",기본 배송비 묶음그룹,조건부 무료,선결제,3000,3000,6000,N,Y,-,82246496623,,,,,,,가구/인테리어,수예,자수,실/바늘,스팃스,스팃스,,,,N,N,N,,,,http://shop1.phinf.naver.net/20191018_260/1571379400211BgEHy_JPEG/8741733604340904_454311724.jpg,,,,Y,2019-10-18 15:17:14,2026-06-17 14:15:58,
,4701968740,,일본서적 세련된 자수 소품 7,스마트스토어,,,판매중,전시중,4324,19500,19500,,,N,N,N,,,,,1.0%,0,0,0,0,0,,,,오늘출발,"평일 16시00분까지 결제 완료된 주문

",기본 배송비 묶음그룹,조건부 무료,선결제,3000,3000,6000,N,Y,-,82246489598,,,,,,,가구/인테리어,수예,수예용품/부자재,,스팃스,스팃스,,,,N,N,N,,,,http://shop1.phinf.naver.net/20191018_231/1571379081327kkfVY_JPEG/8742469651926947_1417516916.jpg,,,,Y,2019-10-18 15:11:50,2026-02-20 12:56:05,
,4701966056,,(일본서적) 디즈니 KIDEA 자수 도안집,스마트스토어,,,판매중지,전시중,4323,14800,14800,,,N,N,N,,,,,1.0%,0,0,0,0,0,,,,오늘출발,"평일 16시00분까지 결제 완료된 주문

",기본 배송비 묶음그룹,조건부 무료,선결제,2500,2500,2500,N,Y,-,82246486914,,,,,,,가구/인테리어,수예,수예용품/부자재,,자체제작,자체브랜드,,,,N,N,N,,,,http://shop1.phinf.naver.net/20191018_168/1571378952357EbjAi_JPEG/8738786902604178_901025146.jpg,,,,Y,2019-10-18 15:10:03,2026-02-10 15:30:01,
,4701962108,,(일본서적) 스티치 idees-VOL.29,스마트스토어,,,품절,전시중,0,15400,15400,,,N,N,N,,,,,1.0%,0,0,0,0,0,,,,오늘출발,"평일 16시00분까지 결제 완료된 주문

",기본 배송비 묶음그룹,조건부 무료,선결제,2500,2500,2500,N,Y,-,82246482966,,,,,,,가구/인테리어,수예,수예용품/부자재,,자체제작,자체브랜드,,,,N,N,N,,,,http://shop1.phinf.naver.net/20191018_123/1571378800182Ebw65_JPEG/8742188723543903_1980508363.jpg,,,,Y,2019-10-18 15:07:29,2026-02-10 15:30:01,
,4701958119,,스팃스 고흐 별이 빛나는 밤 보석십자수 도안형 DIY 키트 감성 풍경 자수,스마트스토어,,,판매중,전시중,43242,25000,25000,,,N,N,N,,,,,1.0%,0,0,0,0,0,,,,오늘출발,"평일 16시00분까지 결제 완료된 주문

",기본 배송비 묶음그룹,무료,,0,3000,6000,N,Y,-,82246478977,,,,,,,가구/인테리어,수예,보석십자수,,스팃스,스팃스,,,,N,N,N,,,,http://shop1.phinf.naver.net/20260530_90/1780148299445RBeIb_PNG/2670329425034113_261994734.png,,,,Y,2019-10-18 15:05:14,2026-06-17 14:16:32,
,4701950574,,스팃스 보석십자수 기본 부자재세트 트레이 펜 비닐,스마트스토어,,,판매중,전시중,199977,1000,1000,,,Y,N,N,,,,,1.0%,0,0,0,0,0,,,,오늘출발,"평일 16시00분까지 결제 완료된 주문

",기본 배송비 묶음그룹,조건부 무료,선결제,3000,3000,6000,N,Y,-,82246471432,,,,,,,가구/인테리어,수예,보석십자수,,스팃스,스팃스,,,,N,N,N,,,,http://shop1.phinf.naver.net/20191018_239/1571378259471Iidzx_JPEG/8739802075675947_528202786.jpg,,,,Y,2019-10-18 14:59:45,2026-06-17 14:16:50,
,4694968354,,보석십자수) 화병과장미 정물화,스마트스토어,,,판매중지,전시중,4324,30000,30000,,,N,N,N,,,,,1.0%,0,0,0,0,0,,,,오늘출발,"평일 16시00분까지 결제 완료된 주문

",기본 배송비 묶음그룹,무료,,0,2500,2500,N,Y,-,82239489108,,,,,,,가구/인테리어,수예,보석십자수,,자체제작,자체브랜드,,,,N,N,N,,,,http://shop1.phinf.naver.net/20191011_182/1570778701121i6Pkn_JPEG/8140243724593727_1148744660.jpg,,,,Y,2019-10-11 16:25:27,2026-02-10 15:30:01,
,4694948678,,스팃스 흰색화병 부분비즈 석십자수 도안형 DIY 키트 감성 풍경 자수,스마트스토어,,,판매중,전시중,4324,19000,19000,,,N,N,N,,,,,1.0%,0,0,0,0,0,,,,오늘출발,"평일 16시00분까지 결제 완료된 주문

",기본 배송비 묶음그룹,무료,,0,3000,6000,N,Y,-,82239469432,,,,,,,가구/인테리어,수예,보석십자수,,스팃스,스팃스,,,,N,N,N,,,,http://shop1.phinf.naver.net/20191011_121/1570777794206mVKUj_JPEG/8140127757742695_115293432.jpg,,,,Y,2019-10-11 16:10:54,2026-06-17 14:17:07,
,4694946820,,스팃스 감나무 보석십자수 도안형 DIY 키트 재물운,스마트스토어,,,판매중,전시중,4322,20700,20700,,,N,N,N,,,,,1.0%,0,0,0,0,0,,,,오늘출발,"평일 16시00분까지 결제 완료된 주문

",기본 배송비 묶음그룹,무료,,0,3000,6000,N,Y,-,82239467574,,,,,,,가구/인테리어,수예,보석십자수,,스팃스,스팃스,,,,N,N,N,,,,http://shop1.phinf.naver.net/20260601_14/1780302238289YawYg_JPEG/47091786432221248_305721377.jpg,,,,Y,2019-10-11 16:09:16,2026-06-17 14:17:25,
,4694946008,,스팃스 재물 감나무 보석십자수 도안형 DIY 키트 재물운,스마트스토어,,,판매중,전시중,4324,30000,30000,,,N,N,Y,,,,,1.0%,0,0,0,0,0,,,,오늘출발,"평일 16시00분까지 결제 완료된 주문

",기본 배송비 묶음그룹,무료,,0,3000,6000,N,Y,-,82239466762,,,,,,,가구/인테리어,수예,보석십자수,,스팃스,스팃스,,,,N,N,N,,,,http://shop1.phinf.naver.net/20260530_201/1780078209506SisKl_PNG/14687705061069815_1995772320.png,,,,Y,2019-10-11 16:08:29,2026-06-03 15:00:42,
,4694944568,,스팃스 15송이 해바라기 보석십자수 도안형 DIY 키트 재물운,스마트스토어,,,판매중,전시중,43234,19000,19000,,,N,N,N,,,,,1.0%,0,0,0,0,0,,,,오늘출발,"평일 16시00분까지 결제 완료된 주문

",기본 배송비 묶음그룹,무료,,0,3000,6000,N,Y,-,82239465322,,,,,,,가구/인테리어,수예,보석십자수,,스팃스,스팃스,,,,N,N,N,,,,http://shop1.phinf.naver.net/20260530_148/1780078160974VU0o9_PNG/8084808958781249_2070400296.png,,,,Y,2019-10-11 16:07:29,2026-06-17 14:18:00,
,4694942455,,스팃스 8송이 해바라기 2사이즈 보석십자수 도안형 DIY 키트 재물운,스마트스토어,,,판매중,전시중,1998,15000,15000,,,Y,N,N,,,,,1.0%,0,0,0,0,0,,,,오늘출발,"평일 16시00분까지 결제 완료된 주문

",기본 배송비 묶음그룹,무료,,0,3000,6000,N,Y,-,82239463209,,,,,,,가구/인테리어,수예,보석십자수,,스팃스,스팃스,,,,N,N,N,,,,http://shop1.phinf.naver.net/20260530_140/1780078112350gitlo_PNG/114210985472911892_6800867.png,,,,Y,2019-10-11 16:06:30,2026-06-17 14:18:18,
,4694941056,,스팃스 3송이 장미꽃 보석십자수 도안형 DIY 키트 감성 풍경 자수,스마트스토어,,,판매중,전시중,4324,18000,18000,,,N,N,N,,,,,1.0%,0,0,0,0,0,,,,오늘출발,"평일 16시00분까지 결제 완료된 주문

",기본 배송비 묶음그룹,무료,,0,3000,6000,N,Y,-,82239461810,,,,,,,가구/인테리어,수예,보석십자수,,스팃스,스팃스,,,,N,N,N,,,,http://shop1.phinf.naver.net/20260605_232/1780631463346W0QxO_JPEG/57092809154694295_1318576191.jpg,,,,Y,2019-10-11 16:05:14,2026-06-17 14:18:36,
,4694938634,,스팃스 목단화 40X100 꽃 그림  보석십자수 도안형 DIY 키트 재물운,스마트스토어,,,판매중,전시중,42334,32000,32000,,,N,N,N,,,,,1.0%,0,0,0,0,0,,,,오늘출발,"평일 16시00분까지 결제 완료된 주문

",기본 배송비 묶음그룹,무료,,0,3000,6000,N,Y,-,82239459388,,,,,,,가구/인테리어,수예,보석십자수,,스팃스,스팃스,,,,N,N,N,,,,http://shop1.phinf.naver.net/20260605_84/1780634250197x2GBl_JPEG/103443960852641904_1676405532.jpg,,,,Y,2019-10-11 16:03:16,2026-06-17 14:19:49,
,4690169235,,스팃스 너즈 터키 프리미엄 밤나무 원형 수틀 두께 2.4CM,스마트스토어,,,판매중,전시중,9999,39900,39900,,,Y,N,N,,,,,1.0%,0,0,0,0,0,,,,오늘출발,"평일 16시00분까지 결제 완료된 주문

",기본 배송비 묶음그룹,조건부 무료,선결제,3000,3000,6000,N,Y,-,82234689953,,,,,,,가구/인테리어,수예,수예용품/부자재,,,,,,,N,N,N,,,,http://shop1.phinf.naver.net/20191007_294/1570414830065BuvgK_JPEG/7776372667396204_1148389603.jpg,,,,Y,2019-10-07 11:27:43,2026-02-13 18:06:34,
,4690157760,,스팃스 너즈 터키 프리미엄 밤나무 원형 수틀 두께 1.6CM,스마트스토어,,,판매중,전시중,49993,16100,16100,,,Y,N,N,,,,,1.0%,0,0,0,0,0,,,,오늘출발,"평일 16시00분까지 결제 완료된 주문

",기본 배송비 묶음그룹,조건부 무료,선결제,3000,3000,6000,N,Y,-,82234678478,,,,,,,가구/인테리어,수예,수예용품/부자재,,,,,,,N,N,N,,,,http://shop1.phinf.naver.net/20191007_119/1570414588728KlThR_JPEG/7774423277765172_447883472.jpg,,,,Y,2019-10-07 11:18:24,2026-06-17 14:20:25,
,4661290488,,스팃스 DMC 자수실 19번사 80 태팅 레이스 실 ,스마트스토어,,,판매중,전시중,7199841,6500,6500,,,Y,N,N,,,,,1.0%,0,0,0,0,0,,,,오늘출발,"평일 16시00분까지 결제 완료된 주문

",기본 배송비 묶음그룹,조건부 무료,선결제,3000,3000,6000,N,Y,-,82205811017,,,,,,,가구/인테리어,수예,자수,실/바늘,DMC,DMC,11194,,,N,N,N,,,,https://shop-phinf.pstatic.net/20190904_85/1567573771295vXiLK_JPEG/4935313724261220_2048110142.jpg,,,,Y,2019-09-04 14:09:34,2026-02-13 18:06:34,
,4654810303,,스팃스 모란과 델피늄 무지원단 실 십자수 패키지 도안 실 원단 포함 풀세트,스마트스토어,,,판매중,전시중,43243,37000,37000,,,N,N,N,,,,,1.0%,0,0,0,0,0,,,,오늘출발,"평일 16시00분까지 결제 완료된 주문

",기본 배송비 묶음그룹,무료,,0,3000,6000,N,Y,-,82199330778,,,,,,,가구/인테리어,수예,자수,패키지,스팃스,스팃스,,,,N,N,N,,,,http://shop1.phinf.naver.net/20190830_56/1567147943149W9R0J_JPEG/4507777701425087_1363932829.jpg,,,,Y,2019-08-30 15:52:52,2026-06-17 14:21:01,
,4654808791,,스팃스 봄날테라스 무지원단 실 십자수 패키지 도안 실 원단 포함 풀세트,스마트스토어,,,판매중,전시중,4323,28000,28000,,,N,N,N,,,,,1.0%,0,0,0,0,0,,,,오늘출발,"평일 16시00분까지 결제 완료된 주문

",기본 배송비 묶음그룹,무료,,0,3000,6000,N,Y,-,82199329266,,,,,,,가구/인테리어,수예,자수,패키지,스팃스,스팃스,,,,N,N,N,,,,http://shop1.phinf.naver.net/20190830_202/1567147856048rEDDE_JPEG/4507690601525565_381267365.jpg,,,,Y,2019-08-30 15:51:38,2026-02-20 12:56:05,
,4654806123,,스팃스 식사시리즈 숙녀 무지원단 실 십자수 패키지 도안 실 원단 포함 풀세트,스마트스토어,,,판매중,전시중,4323,26000,26000,,,N,N,N,,,,,1.0%,0,0,0,0,0,,,,오늘출발,"평일 16시00분까지 결제 완료된 주문

",기본 배송비 묶음그룹,무료,,0,3000,6000,N,Y,-,82199326598,,,,,,,가구/인테리어,수예,자수,패키지,스팃스,스팃스,,,,N,N,N,,,,http://shop1.phinf.naver.net/20190830_34/1567147768906KRCA7_JPEG/4507603456043491_353276056.jpg,,,,Y,2019-08-30 15:50:18,2026-06-17 14:21:40,
,4654802944,,스팃스 북유럽 유니콘과 꽃 보석십자수 도안형 DIY 키트 감성 풍경 자수,스마트스토어,,,판매중,전시중,42431,39500,39500,,,N,N,N,,,,,1.0%,0,0,0,0,0,,,,오늘출발,"평일 16시00분까지 결제 완료된 주문

",기본 배송비 묶음그룹,무료,,0,3000,6000,N,Y,-,82199323419,,,,,,,가구/인테리어,수예,보석십자수,,스팃스,스팃스,,,,N,N,N,,,,http://shop1.phinf.naver.net/20260604_174/1780563230155UAi4D_JPEG/15211965962927014_669568419.jpg,,,,Y,2019-08-30 15:48:10,2026-06-17 14:22:00,
,4654799845,,스팃스 북유럽 굿데이 보석십자수 도안형 DIY 키트 감성 풍경 자수,스마트스토어,,,판매중,전시중,4243,39500,39500,,,N,N,N,,,,,1.0%,0,0,0,0,0,,,,오늘출발,"평일 16시00분까지 결제 완료된 주문

",기본 배송비 묶음그룹,무료,,0,3000,6000,N,Y,-,82199320320,,,,,,,가구/인테리어,수예,보석십자수,,스팃스,스팃스,,,,N,N,N,,,,http://shop1.phinf.naver.net/20260530_290/1780148396763MyvGd_PNG/93245305748228545_155419673.png,,,,Y,2019-08-30 15:46:17,2026-05-30 22:40:19,
,4654797505,,스팃스 북유럽 별이 빛나는 꿈 보석십자수 도안형 DIY 키트 감성 풍경 자수,스마트스토어,,,판매중,전시중,4324,38000,38000,,,N,N,N,,,,,1.0%,0,0,0,0,0,,,,오늘출발,"평일 16시00분까지 결제 완료된 주문

",기본 배송비 묶음그룹,무료,,0,3000,6000,N,Y,-,82199317980,,,,,,,가구/인테리어,수예,보석십자수,,스팃스,스팃스,,,,N,N,N,,,,http://shop1.phinf.naver.net/20260530_111/17800783211027Krry_PNG/56539666865285034_1704236646.png,,,,Y,2019-08-30 15:45:03,2026-06-17 14:22:36,
,4654795183,,보석십자수) 북유럽 꽃과 나비 3개 SET,스마트스토어,,,판매중지,전시중,4323,39500,39500,,,N,N,N,,,,,1.0%,0,0,0,0,0,,,,오늘출발,"평일 16시00분까지 결제 완료된 주문

",기본 배송비 묶음그룹,무료,,0,2500,5000,N,Y,-,82199315658,,,,,,,가구/인테리어,수예,보석십자수,,자체제작,자체브랜드,,,,N,N,N,,,,http://shop1.phinf.naver.net/20190830_18/1567147345373Tckco_JPEG/4508083998118754_29221938.jpg,,,,Y,2019-08-30 15:43:21,2026-02-10 15:30:01,
,4654792339,,스팃스 금전사슴 골드트리 보석십자수 세트 도안형 DIY 키트 감성 풍경 자수,스마트스토어,,,판매중,전시중,43234,45000,45000,,,N,N,N,,,,,1.0%,0,0,0,0,0,,,,오늘출발,"평일 16시00분까지 결제 완료된 주문

",기본 배송비 묶음그룹,무료,,0,3000,6000,N,Y,-,82199312814,,,,,,,가구/인테리어,수예,보석십자수,,스팃스,스팃스,,,,N,N,N,,,,http://shop1.phinf.naver.net/20260530_265/1780148445346ehmHI_PNG/97892894596040935_280544491.png,,,,Y,2019-08-30 15:41:27,2026-06-17 14:22:57,
,4643403916,,스팃스 14ct 칼라 십자수 아이다 원단 13종 택1 십자수원단,스마트스토어,,,판매중,전시중,1299987,14400,14400,,,Y,N,N,,,,,1.0%,0,0,0,0,0,,,,오늘출발,"평일 16시00분까지 결제 완료된 주문

",기본 배송비 묶음그룹,조건부 무료,선결제,3000,3000,6000,N,Y,-,82187924391,,,,,,,가구/인테리어,수예,자수,원단,스팃스,스팃스,,,,N,N,N,,,,http://shop1.phinf.naver.net/20190821_55/es84214_1566360035969NFtr0_JPEG/3721578563227771_1806127502.jpg,,,,Y,2019-08-21 13:15:04,2026-06-17 14:23:18,
,4643395127,,스팃스 오로라 화이트 아이다 펄 반짝이 십자수 원단 9ct 11ct 14ct 18ct 십자수원단,스마트스토어,"오로라 화이트 펄 십자수 원단 [9ct, 11ct, 14ct, 18ct]",,판매중,전시중,172965,20900,20900,,,Y,N,N,,,,,1.0%,0,0,0,0,0,,,,오늘출발,"평일 16시00분까지 결제 완료된 주문

",기본 배송비 묶음그룹,조건부 무료,선결제,3000,3000,6000,N,Y,-,82187915602,,,,,,,가구/인테리어,수예,자수,원단,스팃스,스팃스,,,,N,N,N,,,,https://shop-phinf.pstatic.net/20190821_153/es84214_1566360627162WUmFv_JPEG/3721365797120668_2078512659.jpg,,,,Y,2019-08-21 13:11:57,2026-06-17 14:23:39,
,4643386216,,스팃스 9ct 칼라 아이다 십자수 원단 3종 택1 십자수원단,스마트스토어,,,판매중,전시중,129726,15400,15400,,,Y,N,N,,,,,1.0%,0,0,0,0,0,,,,오늘출발,"평일 16시00분까지 결제 완료된 주문

",기본 배송비 묶음그룹,조건부 무료,선결제,3000,3000,6000,N,Y,-,82187906691,,,,,,,가구/인테리어,수예,자수,원단,스팃스,스팃스,,,,N,N,N,,,,http://shop1.phinf.naver.net/20190821_266/es84214_1566360438662cyFHd_JPEG/3721177124292612_955408146.jpg,,,,Y,2019-08-21 13:07:56,2026-06-17 14:23:59,
,4643379170,,스팃스 11ct 칼라 아이다 십자수 원단 5종 택1 십자수원단,스마트스토어,,,판매중,전시중,216220,15400,15400,,,Y,N,N,,,,,1.0%,0,0,0,0,0,,,,오늘출발,"평일 16시00분까지 결제 완료된 주문

",기본 배송비 묶음그룹,조건부 무료,선결제,3000,3000,6000,N,Y,-,82187899645,,,,,,,가구/인테리어,수예,자수,원단,스팃스,스팃스,,,,N,N,N,,,,http://shop1.phinf.naver.net/20190821_202/es84214_1566361172083f07tJ_JPEG/3723505647720949_2096516188.jpg,,,,Y,2019-08-21 13:03:22,2026-06-17 14:24:19,
,4643371784,,스팃스 국산 금사 은사 아이다 십자수펄 반짝이 원단  1마 14ct 18ct 십자수원단,스마트스토어,,,판매중,전시중,172971,20900,20900,,,Y,N,N,,,,,1.0%,0,0,0,0,0,,,,오늘출발,"평일 16시00분까지 결제 완료된 주문

",기본 배송비 묶음그룹,조건부 무료,선결제,3000,3000,6000,N,Y,-,82187892259,,,,,,,가구/인테리어,수예,자수,원단,스팃스,스팃스,,,,N,N,N,,,,http://shop1.phinf.naver.net/20190821_77/es84214_1566359848574ju358_JPEG/3719683127527226_456831560.jpg,,,,Y,2019-08-21 12:58:39,2026-06-17 14:24:38,
,4634422185,,스팃스 관세음 보살 동자승  보석십자수 도안형 DIY 키트 마음평화 기도용,스마트스토어,,,판매중,전시중,424430,38000,38000,,,N,N,N,,,,,1.0%,0,0,0,0,0,,,,오늘출발,"평일 16시00분까지 결제 완료된 주문

",기본 배송비 묶음그룹,무료,,0,3000,6000,N,Y,-,82178942636,,,,,,,가구/인테리어,수예,보석십자수,,스팃스,스팃스,,,,N,N,N,,,,http://shop1.phinf.naver.net/20260530_187/1780148542599vN6YY_PNG/113901741075564150_1882200362.png,,,,Y,2019-08-14 10:40:55,2026-06-17 14:24:59,
,4634421154,,스팃스 아기안은 보살 보석십자수 도안형 DIY 키트 마음평화 기도용,스마트스토어,,,판매중,전시중,42344,38000,38000,,,N,N,Y,,,,,1.0%,0,0,0,0,0,,,,오늘출발,"평일 16시00분까지 결제 완료된 주문

",기본 배송비 묶음그룹,무료,,0,3000,6000,N,Y,-,82178941605,,,,,,,가구/인테리어,수예,보석십자수,,스팃스,스팃스,,,,N,N,N,,,,http://shop1.phinf.naver.net/20260530_293/1780078482382RRljn_PNG/8085130404182174_166566584.png,,,,Y,2019-08-14 10:39:50,2026-06-17 14:25:21,
,4634420270,,스팃스 탑을 든 부처 보석십자수 도안형 DIY 키트 마음평화 기도용,스마트스토어,,,판매중,전시중,4324323,30000,30000,,,N,N,N,,,,,1.0%,0,0,0,0,0,,,,오늘출발,"평일 16시00분까지 결제 완료된 주문

",기본 배송비 묶음그룹,무료,,0,3000,6000,N,Y,-,82178940721,,,,,,,가구/인테리어,수예,보석십자수,,스팃스,스팃스,,,,N,N,N,,,,http://shop1.phinf.naver.net/20260530_30/17800784339315fiSP_PNG/14727169741954514_1883501703.png,,,,Y,2019-08-14 10:38:48,2026-06-17 14:25:40,
,4634419163,,스팃스 버들 양류 극락조  보석십자수 도안형 DIY 키트 마음평화 기도용,스마트스토어,,,판매중,전시중,4324,44000,44000,,,N,N,N,,,,,1.0%,0,0,0,0,0,,,,오늘출발,"평일 16시00분까지 결제 완료된 주문

",기본 배송비 묶음그룹,무료,,0,3000,6000,N,Y,-,82178939614,,,,,,,가구/인테리어,수예,보석십자수,,스팃스,스팃스,,,,N,N,N,,,,http://shop1.phinf.naver.net/20260530_95/1780148494155E1U2S_PNG/97892943397537707_1434821080.png,,,,Y,2019-08-14 10:37:39,2026-05-30 22:41:56,
,4634417243,,스팃스 연꽃에 앉은 보살 보석십자수 도안형 DIY 키트 마음평화 기도용,스마트스토어,,,판매중,전시중,4245423,36000,36000,,,N,N,N,,,,,1.0%,0,0,0,0,0,,,,오늘출발,"평일 16시00분까지 결제 완료된 주문

",기본 배송비 묶음그룹,무료,,0,3000,6000,N,Y,-,82178937694,,,,,,,가구/인테리어,수예,보석십자수,,스팃스,스팃스,,,,N,N,N,,,,http://shop1.phinf.naver.net/20260530_197/1780074741493Gpm6K_PNG/56299715307772261_1986930034.png,,,,Y,2019-08-14 10:35:11,2026-06-17 14:26:21,
,4632981601,,스팃스 57 909 크로바 다리미매트 다리미보관함,스마트스토어,,,판매중,전시중,34234,36400,36400,,,N,N,N,,,,,1.0%,0,0,0,0,0,,,,오늘출발,"평일 16시00분까지 결제 완료된 주문

",기본 배송비 묶음그룹,조건부 무료,선결제,3000,3000,6000,N,Y,-,82177502052,,,,,,,가구/인테리어,수예,수예용품/부자재,,크로바,크로바,,,,N,N,N,,,,https://shop-phinf.pstatic.net/20190813_167/es84214_1565662367548lDVL6_JPEG/3024701123456109_1446894886.jpg,,,,Y,2019-08-13 11:14:05,2026-06-17 14:26:42,
,4632978233,,스팃스 57 655 크로바 시접단용 롤러 헤라,스마트스토어,,,판매중,전시중,4306,10800,10800,,,N,N,N,,,,,1.0%,0,0,0,0,0,,,,오늘출발,"평일 16시00분까지 결제 완료된 주문

",기본 배송비 묶음그룹,조건부 무료,선결제,3000,3000,6000,N,Y,-,82177498684,,,,,,,가구/인테리어,수예,수예용품/부자재,,크로바,크로바,270,,,N,N,N,,,,https://shop-phinf.pstatic.net/20190813_246/es84214_1565662232420BjcKK_JPEG/3024565995375221_1147752372.jpg,,,,Y,2019-08-13 11:11:27,2026-06-17 14:27:04,
,4632975349,,크로바 옴니그리드 자 15cmx15cm,스마트스토어,,,판매중지,전시중,4234,18850,18850,,,N,N,N,,,,,1.0%,0,0,0,0,0,,,,오늘출발,"평일 16시00분까지 결제 완료된 주문

",기본 배송비 묶음그룹,조건부 무료,선결제,2500,2500,5000,N,Y,-,82177495800,,,,,,,가구/인테리어,수예,수예용품/부자재,,,,,,,N,N,N,,,,http://shop1.phinf.naver.net/20190813_71/es84214_1565662091769c0zie_JPEG/3021926327184647_745308924.jpg,,,,Y,2019-08-13 11:08:55,2022-12-22 16:02:10,
,4632973919,,스팃스 57 622 크로바 옴니그리드 자 15cmx30cm,스마트스토어,,,판매중,전시중,4324,28600,28600,,,N,N,N,,,,,1.0%,0,0,0,0,0,,,,오늘출발,"평일 16시00분까지 결제 완료된 주문

",기본 배송비 묶음그룹,조건부 무료,선결제,3000,3000,6000,N,Y,-,82177494370,,,,,,,가구/인테리어,수예,수예용품/부자재,,,,,,,N,N,N,,,,http://shop1.phinf.naver.net/20190813_42/es84214_1565661954211rt6Qx_JPEG/3023496802051991_1223135252.jpg,,,,Y,2019-08-13 11:06:44,2026-06-17 14:27:25,
,4632972538,,스팃스 57 623 크로바 옴니그리드 자 15cmx60cm,스마트스토어,,,판매중,전시중,4324,47500,47500,,,N,N,N,,,,,1.0%,0,0,0,0,0,,,,오늘출발,"평일 16시00분까지 결제 완료된 주문

",기본 배송비 묶음그룹,조건부 무료,선결제,3000,3000,6000,N,Y,-,82177492989,,,,,,,가구/인테리어,수예,수예용품/부자재,,크로바,크로바,270,,,N,N,N,,,,https://shop-phinf.pstatic.net/20190813_88/es84214_1565661856295lvUgj_JPEG/3023398883578037_982057165.jpg,,,,Y,2019-08-13 11:05:08,2026-06-17 14:27:46,
,4632970914,,스팃스 57 625 크로바 옴니그리드자 10cmx45cm,스마트스토어,,,판매중,전시중,43234,31200,31200,,,N,N,N,,,,,1.0%,0,0,0,0,0,,,,오늘출발,"평일 16시00분까지 결제 완료된 주문

",기본 배송비 묶음그룹,조건부 무료,선결제,3000,3000,6000,N,Y,-,82177491365,,,,,,,가구/인테리어,수예,수예용품/부자재,,,,,,,N,N,N,,,,http://shop1.phinf.naver.net/20190813_197/es84214_1565661748882Sdis3_JPEG/3023291473099475_2011529946.jpg,,,,Y,2019-08-13 11:03:20,2026-06-17 14:28:08,
,4632968890,,크로바 옴니그리드 자 31.5x31.5cm,스마트스토어,,,판매중지,전시중,4324,44850,44850,,,N,N,N,,,,,1.0%,0,0,0,0,0,,,,오늘출발,"평일 16시00분까지 결제 완료된 주문

",기본 배송비 묶음그룹,조건부 무료,선결제,2500,2500,5000,N,Y,-,82177489341,,,,,,,가구/인테리어,수예,수예용품/부자재,,,,,,,N,N,N,,,,http://shop1.phinf.naver.net/20190813_161/es84214_1565661588541QBV1e_JPEG/3022327013886623_1401190592.jpg,,,,Y,2019-08-13 11:00:49,2022-12-22 16:02:10,
,4632967022,,독일 구터만 메탈릭롤 7종 세트,스마트스토어,,,판매중지,전시중,43242,42000,42000,,,N,N,N,,,,,1.0%,0,0,0,0,0,,,,오늘출발,"평일 16시00분까지 결제 완료된 주문

",기본 배송비 묶음그룹,조건부 무료,선결제,2500,2500,5000,N,Y,-,82177487473,,,,,,,가구/인테리어,수예,자수,실/바늘,,,,,,N,N,N,,,,http://shop1.phinf.naver.net/20190813_181/es84214_1565661470273dVsUA_JPEG/3022208908034937_1160320227.JPG,,,,Y,2019-08-13 10:58:47,2022-12-22 16:02:10,
,4632963995,,(일본 자수서적) 스티치 idees-VOL.26,스마트스토어,,,판매중지,전시중,4324,15400,15400,,,N,N,N,,,,,1.0%,0,0,0,0,0,,,,오늘출발,"평일 16시00분까지 결제 완료된 주문

",기본 배송비 묶음그룹,조건부 무료,선결제,2500,2500,5000,N,Y,-,82177484446,,,,,,,가구/인테리어,수예,자수,도안,,,,,,N,N,N,,,,http://shop1.phinf.naver.net/20190813_208/es84214_1565661239001q5G3U_JPEG/3021977472537730_1188283677.jpg,,,,Y,2019-08-13 10:55:28,2022-12-22 16:02:10,
,4632962730,,(일본 자수서적) 스티치 idees-VOL.28,스마트스토어,,,판매중지,전시중,42334,15400,15400,,,N,N,N,,,,,1.0%,0,0,0,0,0,,,,오늘출발,"평일 16시00분까지 결제 완료된 주문

",기본 배송비 묶음그룹,조건부 무료,선결제,2500,2500,5000,N,Y,-,82177483181,,,,,,,가구/인테리어,수예,자수,도안,,,,,,N,N,N,,,,http://shop1.phinf.naver.net/20190813_93/es84214_1565661157135W3jNx_JPEG/3021895767502149_1515079152.jpg,,,,Y,2019-08-13 10:53:35,2022-12-22 16:02:10,
,4632959278,,스팃스 43 405 크로바 크로스 바 코바늘 10종 세트 뜨개바늘세트,스마트스토어,,,판매중,전시중,43242,72000,72000,,,N,N,N,,,,,1.0%,0,0,0,0,0,,,,오늘출발,"평일 16시00분까지 결제 완료된 주문

",기본 배송비 묶음그룹,조건부 무료,선결제,3000,3000,6000,N,Y,-,82177479729,,,,,,,가구/인테리어,수예,뜨개질,뜨개질바늘,,,,,,N,N,N,,,,http://shop1.phinf.naver.net/20190813_159/es84214_15656605953263edlJ_JPEG/3022137916921171_1597767470.jpg,,,,Y,2019-08-13 10:51:18,2026-03-23 14:29:24,
,4628524996,,튤립 코바늘용 파우치 그레이,스마트스토어,,,판매중,전시중,43232,27000,27000,,,N,N,N,,,,,1.0%,0,0,0,0,0,,,,오늘출발,"평일 16시00분까지 결제 완료된 주문

",기본 배송비 묶음그룹,조건부 무료,선결제,3000,3000,6000,N,Y,-,82173045406,,,,,,,가구/인테리어,수예,뜨개질,뜨개질바늘,,,,,,N,N,N,,,,http://shop1.phinf.naver.net/20190809_232/es84214_1565315636276hHYaf_JPEG/2677969698785184_1162841283.jpg,,,,Y,2019-08-09 10:54:39,2026-06-17 14:28:51,
,4628524095,,스팃스 튤립 코바늘용 케이스 블루,스마트스토어,,,판매중,전시중,43232,27000,27000,,,N,N,N,,,,,1.0%,0,0,0,0,0,,,,오늘출발,"평일 16시00분까지 결제 완료된 주문

",기본 배송비 묶음그룹,조건부 무료,선결제,3000,3000,6000,N,Y,-,82173044505,,,,,,,가구/인테리어,수예,뜨개질,뜨개질바늘,크로바,크로바,270,,,N,N,N,,,,https://shop-phinf.pstatic.net/20190809_63/es84214_1565315485732B11KG_JPEG/2677819310372076_1605874081.jpg,,,,Y,2019-08-09 10:52:39,2026-02-13 18:06:34,
,4628522479,,스팃스 튤립 에띠모 레이스 코바늘 블루 세트,스마트스토어,,,판매중,전시중,4232,105000,105000,,,N,N,N,,,,,1.0%,0,0,0,0,0,,,,오늘출발,"평일 16시00분까지 결제 완료된 주문

",기본 배송비 묶음그룹,조건부 무료,선결제,3000,3000,6000,N,Y,-,82173042889,,,,,,,가구/인테리어,수예,뜨개질,패키지,,,,,,N,N,N,,,,http://shop1.phinf.naver.net/20190809_268/es84214_1565315333670o2TCE_JPEG/2677667248271631_1945211428.jpg,,,,Y,2019-08-09 10:50:14,2026-06-17 14:29:34,
,4628520128,,스팃스 24 131 크로바 수용성 양면 챠코페이퍼 블루,스마트스토어,,,판매중,전시중,43231,9400,9400,,,N,N,N,,,,,1.0%,0,0,0,0,0,,,,오늘출발,"평일 16시00분까지 결제 완료된 주문

",기본 배송비 묶음그룹,조건부 무료,선결제,3000,3000,6000,N,Y,-,82173040538,,,,,,,가구/인테리어,수예,수예용품/부자재,,,,,,,N,N,N,,,,http://shop1.phinf.naver.net/20190809_259/es84214_1565315149217UnYTT_JPEG/2678537777927343_422774173.jpg,,,,Y,2019-08-09 10:47:02,2026-06-17 14:29:57,
,4628518071,,LED 라이트 박스 20인치,스마트스토어,,,판매중지,전시중,43234,149000,149000,,,N,N,N,,,,,1.0%,0,0,0,0,0,,,,오늘출발,"평일 16시00분까지 결제 완료된 주문

",기본 배송비 묶음그룹,조건부 무료,선결제,2500,2500,5000,N,Y,-,82173038481,,,,,,,가구/인테리어,수예,수예용품/부자재,,자체제작,자체브랜드,,,,N,N,N,,,,http://shop1.phinf.naver.net/20190809_162/es84214_15653149793472tV27_JPEG/2676521935581503_1650001959.jpg,,,,Y,2019-08-09 10:43:48,2026-02-10 15:30:01,
,4628517185,,LED 라이트박스 15인치,스마트스토어,,,판매중지,전시중,43242,99000,99000,,,N,N,N,,,,,1.0%,0,0,0,0,0,,,,오늘출발,"평일 16시00분까지 결제 완료된 주문

",기본 배송비 묶음그룹,조건부 무료,선결제,2500,2500,5000,N,Y,-,82173037595,,,,,,,가구/인테리어,수예,수예용품/부자재,,자체제작,자체브랜드,,,,N,N,N,,,,http://shop1.phinf.naver.net/20190809_49/es84214_1565314877528vMYDf_JPEG/2676420117165124_2023069048.jpg,,,,Y,2019-08-09 10:42:30,2026-02-10 15:30:01,
,4612172642,,스팃스 프랑스자수 기초 패키지 96색 (면사+울사+베리에이션사+부자재),스마트스토어,,,판매중,전시중,38998,39000,39000,,,N,N,N,,,,,1.0%,0,0,0,0,0,,,,오늘출발,"평일 16시00분까지 결제 완료된 주문

",기본 배송비 묶음그룹,조건부 무료,선결제,3000,3000,6000,N,Y,-,82156692937,,,,,,,가구/인테리어,수예,수예용품/부자재,,스팃스,스팃스,,,,N,N,N,,,,http://shop1.phinf.naver.net/20190726_202/es84214_1564123485950Drrda_JPEG/1484224582762195_1301254063.jpg,,,,Y,2019-07-26 15:46:36,2026-06-17 14:30:19,
,4611806974,,스팃스 캡형 쪽가위 안전 뚜껑 실사가위 휴대용 바느질 뜨개질 실 가위,스마트스토어,,,판매중,전시중,43143,1500,1500,,,N,N,N,,,,,1.0%,0,0,0,0,0,,,,오늘출발,"평일 16시00분까지 결제 완료된 주문

",기본 배송비 묶음그룹,조건부 무료,선결제,3000,3000,6000,N,Y,-,82156327269,,,,,,,가구/인테리어,수예,수예용품/부자재,,스팃스,스팃스,,,,N,N,N,,,,http://shop1.phinf.naver.net/20190726_65/es84214_15641046575579Hmri_JPEG/1468046123226588_1533272564.jpg,,,,Y,2019-07-26 10:32:23,2026-06-17 14:30:41,
,4610359554,,스팃스 소녀와 조개 무지원단 실 십자수 패키지 도안 실 원단 포함 풀세트,스마트스토어,,,판매중,전시중,4324,24000,24000,,,N,N,N,,,,,1.0%,0,0,0,0,0,,,,오늘출발,"평일 16시00분까지 결제 완료된 주문

",기본 배송비 묶음그룹,무료,,0,3000,6000,N,Y,-,82154879849,,,,,,,가구/인테리어,수예,자수,패키지,스팃스,스팃스,,,,N,N,N,,,,http://shop1.phinf.naver.net/20190725_10/es84214_1564021937652j0Rld_JPEG/1383480236171519_1815187283.jpg,,,,Y,2019-07-25 11:32:59,2026-06-17 14:31:04,
,4610357816,,스팃스 바비 무지원단 실 십자수 패키지 도안 실 원단 포함 풀세트,스마트스토어,,,판매중,전시중,43232,24000,24000,,,N,N,N,,,,,1.0%,0,0,0,0,0,,,,오늘출발,"평일 16시00분까지 결제 완료된 주문

",기본 배송비 묶음그룹,무료,,0,3000,6000,N,Y,-,82154878111,,,,,,,가구/인테리어,수예,자수,패키지,스팃스,스팃스,,,,N,N,N,,,,http://shop1.phinf.naver.net/20190725_191/es84214_1564021830801DHgGn_JPEG/1383373384536667_840522174.jpg,,,,Y,2019-07-25 11:31:37,2026-06-17 14:31:26,
,4610355733,,스팃스 정원사의 천국 무지원단 실 십자수 패키지 도안 실 원단 포함 풀세트,스마트스토어,,,판매중,전시중,4317,26000,26000,,,N,N,Y,,,,,1.0%,0,0,0,0,0,,,,오늘출발,"평일 16시00분까지 결제 완료된 주문

",기본 배송비 묶음그룹,무료,,0,3000,6000,N,Y,-,82154876028,,,,,,,가구/인테리어,수예,자수,패키지,스팃스,스팃스,,,,N,N,N,,,,https://shop-phinf.pstatic.net/20190725_190/es84214_1564021721487JygqF_JPEG/1383264067770988_1763249207.jpg,,,,Y,2019-07-25 11:29:38,2026-06-17 14:31:50,
,4610353834,,스팃스 야생장미꽃 무지원단 실 십자수 패키지 도안 실 원단 포함 풀세트,스마트스토어,,,판매중,전시중,4324,44000,44000,,,N,N,N,,,,,1.0%,0,0,0,0,0,,,,오늘출발,"평일 16시00분까지 결제 완료된 주문

",기본 배송비 묶음그룹,무료,,0,3000,6000,N,Y,-,82154874129,,,,,,,가구/인테리어,수예,자수,패키지,스팃스,스팃스,,,,N,N,N,,,,http://shop1.phinf.naver.net/20190725_197/es84214_1564021606217AHFJ4_JPEG/1383148797001357_1478139591.jpg,,,,Y,2019-07-25 11:27:48,2026-06-17 14:32:12,
,4610351063,,스팃스 조개 무지원단 실 십자수 패키지 도안 실 원단 포함 풀세트,스마트스토어,,,판매중,전시중,43242,23000,23000,,,N,N,N,,,,,1.0%,0,0,0,0,0,,,,오늘출발,"평일 16시00분까지 결제 완료된 주문

",기본 배송비 묶음그룹,무료,,0,3000,6000,N,Y,-,82154871358,,,,,,,가구/인테리어,수예,자수,패키지,스팃스,스팃스,,,,N,N,N,,,,http://shop1.phinf.naver.net/20190725_28/es84214_1564021408739C9kxA_JPEG/1382951322405545_1457873585.jpg,,,,Y,2019-07-25 11:25:06,2026-06-17 14:32:34,
,4572061600,,스팃스 보리수 나무 부처 보석십자수 도안형 DIY 키트 마음평화 기도용,스마트스토어,,,판매중,전시중,30000,30000,30000,,,N,N,N,,,,,1.0%,0,0,0,0,0,,,,오늘출발,"평일 16시00분까지 결제 완료된 주문

",기본 배송비 묶음그룹,무료,,0,3000,6000,N,Y,-,82116581754,,,,,,,가구/인테리어,수예,보석십자수,,스팃스,스팃스,,,,N,N,N,,,,http://shop1.phinf.naver.net/20260530_161/178014863989111QCm_PNG/14758135483803851_895850808.png,,,,Y,2019-06-27 15:49:42,2026-06-17 14:32:58,
,4572057181,,스팃스 금꽃 화병 금전수 보석십자수 도안형 DIY 키트 재물운,스마트스토어,,,판매중,전시중,4322,26000,26000,,,N,N,N,,,,,1.0%,0,0,0,0,0,,,,오늘출발,"평일 16시00분까지 결제 완료된 주문

",기본 배송비 묶음그룹,무료,,0,3000,6000,N,Y,-,82116577335,,,,,,,가구/인테리어,수예,보석십자수,,스팃스,스팃스,,,,N,N,N,,,,http://shop1.phinf.naver.net/20260530_32/1780148591287DxMmD_PNG/113901789767505704_1651314727.png,,,,Y,2019-06-27 15:47:18,2026-06-17 14:33:21,
,4572054670,,스팃스 해바라기 유화 보석십자수 도안형 DIY 키트 재물운,스마트스토어,,,판매중,전시중,8646,34000,34000,,,Y,N,N,,,,,1.0%,0,0,0,0,0,,,,오늘출발,"평일 16시00분까지 결제 완료된 주문

",기본 배송비 묶음그룹,무료,,0,3000,6000,N,Y,-,82116574824,,,,,,,가구/인테리어,수예,보석십자수,,스팃스,스팃스,,,,N,N,N,,,,http://shop1.phinf.naver.net/20260530_125/1780078635373LRG69_PNG/56303609201128675_395656211.png,,,,Y,2019-06-27 15:46:09,2026-06-17 14:33:45,
,4572051604,,스팃스 자작나무 금전수 보석십자수 도안형 DIY 키트 재물운,스마트스토어,,,판매중,전시중,4324,27000,27000,,,N,N,N,,,,,1.0%,0,0,0,0,0,,,,오늘출발,"평일 16시00분까지 결제 완료된 주문

",기본 배송비 묶음그룹,무료,,0,3000,6000,N,Y,-,82116571758,,,,,,,가구/인테리어,수예,보석십자수,,스팃스,스팃스,,,,N,N,N,,,,http://shop1.phinf.naver.net/20260530_277/1780078586871vt53T_PNG/45673035998930967_377549119.png,,,,Y,2019-06-27 15:44:14,2026-06-17 14:34:09,
,4572049730,,스팃스 해바라기 바구니 2사이즈 보석십자수 도안형 DIY 키트 재물운,스마트스토어,,,판매중,전시중,19998,24000,24000,,,Y,N,N,,,,,1.0%,0,0,0,0,0,,,,오늘출발,"평일 16시00분까지 결제 완료된 주문

",기본 배송비 묶음그룹,무료,,0,3000,6000,N,Y,-,82116569971,,,,,,,가구/인테리어,수예,보석십자수,,스팃스,스팃스,,,,N,N,N,,,,http://shop1.phinf.naver.net/20260530_220/1780078538389l8B3Y_PNG/102888249004641770_238441641.png,,,,Y,2019-06-27 15:43:08,2026-06-17 14:34:31,
,4572048138,,보석십자수) 소파위의 여인,스마트스토어,,,판매중지,전시중,43243,28000,28000,,,N,N,N,,,,,1.0%,0,0,0,0,0,,,,오늘출발,"평일 16시00분까지 결제 완료된 주문

",기본 배송비 묶음그룹,무료,,0,2500,2500,N,Y,-,82116568292,,,,,,,가구/인테리어,수예,보석십자수,,자체제작,자체브랜드,,,,N,N,N,,,,http://shop1.phinf.naver.net/20190627_81/es84214_1561617680772raBvz_JPEG/84923981396144868_1219778772.jpg,,,,Y,2019-06-27 15:42:03,2026-02-10 15:30:01,
,4570209043,,크로바 장인-줄바늘 세트(콤보),스마트스토어,,,판매중지,전시중,4324,192000,192000,,,N,N,N,,,,,1.0%,0,0,0,0,0,,,,오늘출발,"평일 16시00분까지 결제 완료된 주문

",기본 배송비 묶음그룹,조건부 무료,선결제,3000,3000,6000,N,Y,-,82114729197,,,,,,,가구/인테리어,수예,뜨개질,뜨개질바늘,,,,,,N,N,N,,,,http://shop1.phinf.naver.net/20190626_59/es84214_1561520485852i9mRr_JPEG/84826786474677843_1187785497.jpg,,,,Y,2019-06-26 12:42:29,2024-12-19 14:51:56,
,4570206650,,스팃스 45 135 크로바 장인 타쿠미 대바늘 세트 2,스마트스토어,,,판매중,전시중,4324,240000,240000,,,N,N,N,,,,,1.0%,0,0,0,0,0,,,,오늘출발,"평일 16시00분까지 결제 완료된 주문

",기본 배송비 묶음그룹,조건부 무료,선결제,3000,3000,6000,N,Y,-,82114726804,,,,,,,가구/인테리어,수예,뜨개질,뜨개질바늘,크로바,크로바,,,,N,N,N,,,,https://shop-phinf.pstatic.net/20190626_220/es84214_1561520333462gM5JH_JPEG/84826634088889086_1401726677.jpg,,,,Y,2019-06-26 12:40:36,2026-02-13 18:06:34,
,4570202816,,스팃스 41 614 크로바 펜E 레이스바늘 14호,스마트스토어,,,판매중,전시중,4318,10800,10800,,,N,N,N,,,,,1.0%,0,0,0,0,0,,,,오늘출발,"평일 16시00분까지 결제 완료된 주문

",기본 배송비 묶음그룹,조건부 무료,선결제,3000,3000,6000,N,Y,-,82114722970,,,,,,,가구/인테리어,수예,뜨개질,뜨개질바늘,,,,,,N,N,N,,,,http://shop1.phinf.naver.net/20190626_140/es84214_1561520250033nJbyI_JPEG/84826550660743377_951854170.jpg,,,,Y,2019-06-26 12:38:00,2026-06-17 14:35:18,
,4570201108,,스팃스 41 612 크로바 펜E 레이스바늘 12호,스마트스토어,,,판매중,전시중,43226,9000,9000,,,N,N,N,,,,,1.0%,0,0,0,0,0,,,,오늘출발,"평일 16시00분까지 결제 완료된 주문

",기본 배송비 묶음그룹,조건부 무료,선결제,3000,3000,6000,N,Y,-,82114721262,,,,,,,가구/인테리어,수예,뜨개질,뜨개질바늘,,,,,,N,N,N,,,,http://shop1.phinf.naver.net/20190626_299/es84214_15615201891584Fi1I_JPEG/84826489785243020_314662870.jpg,,,,Y,2019-06-26 12:36:58,2026-06-17 14:35:41,
,4570199320,,스팃스 41 610 크로바 펜E 레이스바늘 10호,스마트스토어,,,판매중,전시중,4240,9000,9000,,,N,N,N,,,,,1.0%,0,0,0,0,0,,,,오늘출발,"평일 16시00분까지 결제 완료된 주문

",기본 배송비 묶음그룹,조건부 무료,선결제,3000,3000,6000,N,Y,-,82114719474,,,,,,,가구/인테리어,수예,뜨개질,뜨개질바늘,,,,,,N,N,N,,,,http://shop1.phinf.naver.net/20190626_7/es84214_1561520042587rGDkL_JPEG/44151222242482179_1952196286.jpg,,,,Y,2019-06-26 12:36:07,2026-06-17 14:36:05,
,4570194817,,스팃스 41 608 크로바 펜E 레이스바늘 8호,스마트스토어,,,판매중,전시중,4324,9000,9000,,,N,N,N,,,,,1.0%,0,0,0,0,0,,,,오늘출발,"평일 16시00분까지 결제 완료된 주문

",기본 배송비 묶음그룹,조건부 무료,선결제,3000,3000,6000,N,Y,-,82114714971,,,,,,,가구/인테리어,수예,뜨개질,뜨개질바늘,,,,,,N,N,N,,,,http://shop1.phinf.naver.net/20190626_299/es84214_1561519991850dUke1_JPEG/44151171504853269_2098311130.jpg,,,,Y,2019-06-26 12:33:39,2026-06-17 14:36:28,
,4570193224,,스팃스 41 606 크로바 펜E 레이스바늘 6호,스마트스토어,,,판매중,전시중,43234,9000,9000,,,N,N,N,,,,,1.0%,0,0,0,0,0,,,,오늘출발,"평일 16시00분까지 결제 완료된 주문

",기본 배송비 묶음그룹,조건부 무료,선결제,3000,3000,6000,N,Y,-,82114713378,,,,,,,가구/인테리어,수예,뜨개질,뜨개질바늘,,,,,,N,N,N,,,,http://shop1.phinf.naver.net/20190626_211/es84214_156151994440769Vzw_JPEG/44151124061087150_237035278.jpg,,,,Y,2019-06-26 12:32:50,2026-06-17 14:36:52,
,4570191562,,스팃스 41 604 크로바 펜E 레이스바늘 4호,스마트스토어,,,판매중,전시중,43231,9000,9000,,,N,N,N,,,,,1.0%,0,0,0,0,0,,,,오늘출발,"평일 16시00분까지 결제 완료된 주문

",기본 배송비 묶음그룹,조건부 무료,선결제,3000,3000,6000,N,Y,-,82114711716,,,,,,,가구/인테리어,수예,뜨개질,뜨개질바늘,,,,,,N,N,N,,,,http://shop1.phinf.naver.net/20190626_68/es84214_1561519883392Xxc1k_JPEG/44151063047994052_457485496.jpg,,,,Y,2019-06-26 12:32:03,2026-06-17 14:38:10,
,4570190071,,스팃스 41 602 크로바 펜E 레이스바늘 2호,스마트스토어,,,판매중,전시중,3238,9000,9000,,,N,N,N,,,,,1.0%,0,0,0,0,0,,,,오늘출발,"평일 16시00분까지 결제 완료된 주문

",기본 배송비 묶음그룹,조건부 무료,선결제,3000,3000,6000,N,Y,-,82114710225,,,,,,,가구/인테리어,수예,뜨개질,뜨개질바늘,,,,,,N,N,N,,,,http://shop1.phinf.naver.net/20190626_200/es84214_15615198163849Pg73_JPEG/44150996038996432_1916559663.jpg,,,,Y,2019-06-26 12:31:01,2026-06-17 14:38:35,
,4570187445,,스팃스 41 600 크로바 펜E 레이스바늘 0호,스마트스토어,,,판매중,전시중,4323,9000,9000,,,N,N,N,,,,,1.0%,0,0,0,0,0,,,,오늘출발,"평일 16시00분까지 결제 완료된 주문

",기본 배송비 묶음그룹,조건부 무료,선결제,3000,3000,6000,N,Y,-,82114707599,,,,,,,가구/인테리어,수예,뜨개질,뜨개질바늘,,,,,,N,N,N,,,,http://shop1.phinf.naver.net/20190626_289/es84214_1561519274257ncBXK_JPEG/84825574884609615_556015415.jpg,,,,Y,2019-06-26 12:29:31,2026-06-17 14:39:00,
,4557423930,,스팃스 원목 우드 프레임 직조기 (40cmx25cm),스마트스토어,,,판매중,전시중,4324,21000,21000,,,N,N,N,,,,,1.0%,0,0,0,0,0,,,,오늘출발,"평일 16시00분까지 결제 완료된 주문

",기본 배송비 묶음그룹,무료,,0,3000,6000,N,Y,-,82101943930,,,,,,,가구/인테리어,수예,수예용품/부자재,,스팃스,스팃스,,,,N,N,N,,,,http://shop1.phinf.naver.net/20190618_182/es84214_1560822153196Ctiok_JPEG/43541012041966654_1420499813.jpg,,,,Y,2019-06-18 10:43:20,2026-06-17 14:39:25,
,4557407740,,(일본서적) 크리스마스 패턴 십자수 250,스마트스토어,,,판매중지,전시중,4324,19000,19000,,,N,N,N,,,,,1.0%,0,0,0,0,0,,,,오늘출발,"평일 16시00분까지 결제 완료된 주문

",기본 배송비 묶음그룹,조건부 무료,선결제,2500,2500,5000,N,Y,-,82101927740,,,,,,,가구/인테리어,수예,자수,도안,,,,,,N,N,N,,,,http://shop1.phinf.naver.net/20190617_22/es84214_156076115675204YUS_JPEG/84067457379506452_1244189199.jpg,,,,Y,2019-06-18 10:31:35,2019-10-14 11:27:03,
,4555964614,,(일본서적) 작은 십자수 - 500,스마트스토어,,,판매중지,전시중,4323,14000,14000,,,N,N,N,,,,,1.0%,0,0,0,0,0,,,,오늘출발,"평일 16시00분까지 결제 완료된 주문

",기본 배송비 묶음그룹,조건부 무료,선결제,2500,2500,5000,N,Y,-,82100484666,,,,,,,가구/인테리어,수예,자수,도안,,,,,,N,N,N,,,,http://shop1.phinf.naver.net/20190617_23/es84214_1560761804311P2NEl_JPEG/43480663158719894_210763754.jpg,,,,Y,2019-06-17 17:57:09,2022-03-14 09:47:27,
,4555955056,,(일본서적)  십자수 - 메르헨 하우스 자수 (패턴 및 입체 하우스),스마트스토어,,,판매중지,전시중,3421,20000,20000,,,N,N,N,,,,,1.0%,0,0,0,0,0,,,,오늘출발,"평일 16시00분까지 결제 완료된 주문

",기본 배송비 묶음그룹,조건부 무료,선결제,2500,2500,5000,N,Y,-,82100475108,,,,,,,가구/인테리어,수예,자수,도안,,,,,,N,N,N,,,,http://shop1.phinf.naver.net/20190617_241/es84214_1560761491089zfHyG_JPEG/84067791716307832_1532540359.jpg,,,,Y,2019-06-17 17:52:32,2021-05-21 09:54:54,
,4555951997,,(일본서적)  1색2색으로 즐기는 십자수 연속모양 100,스마트스토어,,,판매중지,전시중,4322,17000,17000,,,N,N,N,,,,,1.0%,0,0,0,0,0,,,,오늘출발,"평일 16시00분까지 결제 완료된 주문

",기본 배송비 묶음그룹,조건부 무료,선결제,2500,2500,5000,N,Y,-,82100472049,,,,,,,가구/인테리어,수예,자수,도안,,,,,,N,N,N,,,,http://shop1.phinf.naver.net/20190617_257/es84214_1560761431958oErG3_JPEG/84067732584138268_1694391477.jpg,,,,Y,2019-06-17 17:50:59,2022-08-18 15:07:26,
,4555949763,,(일본서적)  Mies Marie Bloch - 십자수 도안집,스마트스토어,,,판매중지,전시중,4316,22000,22000,,,N,N,N,,,,,1.0%,0,0,0,0,0,,,,오늘출발,"평일 16시00분까지 결제 완료된 주문

",기본 배송비 묶음그룹,조건부 무료,선결제,3000,3000,6000,N,Y,-,82100469815,,,,,,,가구/인테리어,수예,자수,도안,,,,,,N,N,N,,,,http://shop1.phinf.naver.net/20190617_99/es84214_1560761380052d1Quc_JPEG/84067680678901446_127452011.jpg,,,,Y,2019-06-17 17:50:04,2026-01-27 13:23:32,
,4555947878,,(일본서적) 아오키카즈코 - 십자수 A to Z,스마트스토어,,,판매중지,전시중,4324,19200,19200,,,N,N,N,,,,,1.0%,0,0,0,0,0,,,,오늘출발,"평일 16시00분까지 결제 완료된 주문

",기본 배송비 묶음그룹,조건부 무료,선결제,2500,2500,5000,N,Y,-,82100467930,,,,,,,가구/인테리어,수예,자수,도안,,,,,,N,N,N,,,,http://shop1.phinf.naver.net/20190617_152/es84214_1560761321132JmqEl_JPEG/84067621757876179_924654167.jpg,,,,Y,2019-06-17 17:49:09,2020-07-14 16:01:50,
,4555946254,,자수서적 프랑스  꽃과 작은 새의 십자수,스마트스토어,,,판매중,전시중,42429,22000,22000,,,N,N,N,,,,,1.0%,0,0,0,0,0,,,,오늘출발,"평일 16시00분까지 결제 완료된 주문

",기본 배송비 묶음그룹,조건부 무료,선결제,3000,3000,6000,N,Y,-,82100466306,,,,,,,가구/인테리어,수예,자수,도안,,,,,,N,N,N,,,,http://shop1.phinf.naver.net/20190617_71/es84214_1560761257472nVvf2_JPEG/84067558097370955_225191103.jpg,,,,Y,2019-06-17 17:48:10,2026-06-17 14:39:49,
,4555944109,,일본서적)  [증개판] 원포인트 십자수 패턴 500+100,스마트스토어,,,판매중지,전시중,4242,20000,20000,,,N,N,N,,,,,1.0%,0,0,0,0,0,,,,오늘출발,"평일 16시00분까지 결제 완료된 주문

",기본 배송비 묶음그룹,조건부 무료,선결제,2500,2500,5000,N,Y,-,82100464161,,,,,,,가구/인테리어,수예,자수,도안,,,,,,N,N,N,,,,http://shop1.phinf.naver.net/20190617_286/es84214_1560761738275uvItc_JPEG/43480597123710452_1659469272.jpg,,,,Y,2019-06-17 17:47:03,2021-08-20 14:45:27,
,4547219682,,스팃스 결혼기념일 무지원단 실 십자수 패키지 도안 실 원단 포함 풀세트,스마트스토어,,,판매중,전시중,4324,27000,27000,,,N,N,N,,,,,1.0%,0,0,0,0,0,,,,오늘출발,"평일 16시00분까지 결제 완료된 주문

",기본 배송비 묶음그룹,무료,,0,3000,6000,N,Y,-,82091743127,,,,,,,가구/인테리어,수예,자수,패키지,스팃스,스팃스,,,,N,N,N,,,,http://shop1.phinf.naver.net/20190610_45/es84214_15601581677851DyQq_JPEG/42877026632766147_1590176241.jpg,,,,Y,2019-06-10 18:16:52,2026-02-20 12:56:05,
,4547218261,,스팃스 농장 과일과야채 무지원단 실 십자수 패키지 도안 실 원단 포함 풀세트,스마트스토어,,,판매중지,전시중,4321,29000,29000,,,N,N,N,,,,,1.0%,0,0,0,0,0,,,,오늘출발,"평일 16시00분까지 결제 완료된 주문

",기본 배송비 묶음그룹,무료,,0,3000,6000,N,Y,-,82091741706,,,,,,,가구/인테리어,수예,자수,패키지,스팃스,스팃스,,,,N,N,N,,,,http://shop1.phinf.naver.net/20190610_128/es84214_1560158075259Pw8uD_JPEG/42876934106697178_1278243845.jpg,,,,Y,2019-06-10 18:15:30,2026-05-20 15:43:35,
,4547216201,,스팃스 보석 무지원단 실 십자수 패키지 도안 실 원단 포함 풀세트,스마트스토어,,,판매중,전시중,4324,26500,26500,,,N,N,N,,,,,1.0%,0,0,0,0,0,,,,오늘출발,"평일 16시00분까지 결제 완료된 주문

",기본 배송비 묶음그룹,무료,,0,3000,6000,N,Y,-,82091739646,,,,,,,가구/인테리어,수예,자수,패키지,스팃스,스팃스,,,,N,N,N,,,,http://shop1.phinf.naver.net/20190610_173/es84214_1560157951199uD3L3_JPEG/42876810046746754_675234045.jpg,,,,Y,2019-06-10 18:13:38,2026-06-17 14:40:37,
,4547214381,,스팃스 작업대 무지원단 실 십자수 패키지 도안 실 원단 포함 풀세트,스마트스토어,,,판매중,전시중,3424,33000,33000,,,N,N,N,,,,,1.0%,0,0,0,0,0,,,,오늘출발,"평일 16시00분까지 결제 완료된 주문

",기본 배송비 묶음그룹,무료,,0,3000,6000,N,Y,-,82091737826,,,,,,,가구/인테리어,수예,자수,패키지,스팃스,스팃스,,,,N,N,N,,,,http://shop1.phinf.naver.net/20190610_124/es84214_1560157857573XmmVk_JPEG/42876716257488872_933858126.jpg,,,,Y,2019-06-10 18:11:48,2026-02-20 12:56:05,
,4547212083,,스팃스 파리상점 디저트가게 무지원단 실 십자수 패키지 도안 실 원단 포함 풀세트,스마트스토어,,,판매중,전시중,4323,27500,27500,,,N,N,N,,,,,1.0%,0,0,0,0,0,,,,오늘출발,"평일 16시00분까지 결제 완료된 주문

",기본 배송비 묶음그룹,무료,,0,3000,6000,N,Y,-,82091735528,,,,,,,가구/인테리어,수예,자수,패키지,스팃스,스팃스,,,,N,N,N,,,,http://shop1.phinf.naver.net/20190610_52/es84214_15601577602038W0Sp_JPEG/42876619050402738_834700891.jpg,,,,Y,2019-06-10 18:10:05,2026-06-17 14:41:25,
,4547210093,,파리의 상점 12_디저트가게 실 십자수 패키지 (도안+원단+실+바늘),스마트스토어,,,판매중지,전시중,4323,27500,27500,,,N,N,N,,,,,1.0%,0,0,0,0,0,,,,오늘출발,"평일 16시00분까지 결제 완료된 주문

",기본 배송비 묶음그룹,무료,,0,3000,6000,N,Y,-,82091733538,,,,,,,가구/인테리어,수예,자수,패키지,자체제작,자체브랜드,,,,N,N,N,,,,http://shop1.phinf.naver.net/20190610_5/es84214_1560157680070AlF4b_JPEG/42876538919499030_1010452964.JPG,,,,Y,2019-06-10 18:08:42,2026-02-10 15:30:01,
,4547206916,,스팃스 파리상점 향수가게 무지원단 실 십자수 패키지 도안 실 원단 포함 풀세트,스마트스토어,,,판매중,전시중,4323,27500,27500,,,N,N,N,,,,,1.0%,0,0,0,0,0,,,,오늘출발,"평일 16시00분까지 결제 완료된 주문

",기본 배송비 묶음그룹,무료,,0,3000,6000,N,Y,-,82091730361,,,,,,,가구/인테리어,수예,자수,패키지,스팃스,스팃스,,,,N,N,N,,,,http://shop1.phinf.naver.net/20190610_270/es84214_15601575841512YIpS_JPEG/42876442999139840_1557998647.JPG,,,,Y,2019-06-10 18:07:16,2026-06-17 14:41:50,
,4547203589,,스팃스 파리상점 빵가게무지원단 실 십자수 패키지 도안 실 원단 포함 풀세트,스마트스토어,,,판매중,전시중,4323,27500,27500,,,N,N,N,,,,,1.0%,0,0,0,0,0,,,,오늘출발,"평일 16시00분까지 결제 완료된 주문

",기본 배송비 묶음그룹,무료,,0,3000,6000,N,Y,-,82091727034,,,,,,,가구/인테리어,수예,자수,패키지,스팃스,스팃스,,,,N,N,N,,,,http://shop1.phinf.naver.net/20190610_186/es84214_156015749524387d8a_JPEG/42876354091416985_1665893065.JPG,,,,Y,2019-06-10 18:05:35,2026-06-17 14:42:15,
,4547202199,,스팃스 파리상점 레스토랑 무지원단 실 십자수 패키지 도안 실 원단 포함 풀세트,스마트스토어,,,판매중,전시중,4324,27500,27500,,,N,N,N,,,,,1.0%,0,0,0,0,0,,,,오늘출발,"평일 16시00분까지 결제 완료된 주문

",기본 배송비 묶음그룹,무료,,0,3000,6000,N,Y,-,82091725644,,,,,,,가구/인테리어,수예,자수,패키지,스팃스,스팃스,,,,N,N,N,,,,http://shop1.phinf.naver.net/20190610_89/es84214_15601574073425x8ST_JPEG/42876266190517881_1169244961.JPG,,,,Y,2019-06-10 18:04:19,2026-06-17 14:42:42,
,4547200850,,스팃스 파리상점 야채가게 무지원단 실 십자수 패키지 도안 실 원단 포함 풀세트,스마트스토어,,,판매중,전시중,4324,27500,27500,,,N,N,N,,,,,1.0%,0,0,0,0,0,,,,오늘출발,"평일 16시00분까지 결제 완료된 주문

",기본 배송비 묶음그룹,무료,,0,3000,6000,N,Y,-,82091724295,,,,,,,가구/인테리어,수예,자수,패키지,스팃스,스팃스,,,,N,N,N,,,,http://shop1.phinf.naver.net/20190610_39/es84214_1560157322970Tvaz8_JPEG/42876181819299805_1312850386.JPG,,,,Y,2019-06-10 18:02:49,2026-06-17 14:43:07,
,4547199462,,스팃스 파리상점 수영복 가게 무지원단 실 십자수 패키지 도안 실 원단 포함 풀세트,스마트스토어,파리의 상점 07 수영복 가게 실 십자수 패키지 (도안+원단+실+바늘),,판매중,전시중,4323,27500,27500,,,N,N,Y,,,,,1.0%,0,0,0,0,0,,,,오늘출발,"평일 16시00분까지 결제 완료된 주문

",기본 배송비 묶음그룹,무료,,0,3000,6000,N,Y,-,82091722907,,,,,,,가구/인테리어,수예,자수,패키지,스팃스,스팃스,,,,N,N,N,,,,https://shop-phinf.pstatic.net/20190610_118/es84214_1560157242902ilBTv_JPEG/42876101750285463_1519036899.JPG,,,,Y,2019-06-10 18:01:20,2026-06-17 14:43:34,
,4547198542,,스팃스 파리상점 아이스크림 가게  무지원단 실 십자수 패키지 도안 실 원단 포함 풀세트,스마트스토어,,,판매중,전시중,4324,27500,27500,,,N,N,N,,,,,1.0%,0,0,0,0,0,,,,오늘출발,"평일 16시00분까지 결제 완료된 주문

",기본 배송비 묶음그룹,무료,,0,3000,6000,N,Y,-,82091721987,,,,,,,가구/인테리어,수예,자수,패키지,스팃스,스팃스,,,,N,N,N,,,,http://shop1.phinf.naver.net/20190610_267/es84214_1560157174648kzJG2_JPEG/42876033496725260_2143756894.JPG,,,,Y,2019-06-10 18:00:16,2026-06-17 14:44:00,
,4547196766,,스팃스 파리상점 수예점 무지원단 실 십자수 패키지 도안 실 원단 포함 풀세트,스마트스토어,,,판매중,전시중,432341,27500,27500,,,N,N,N,,,,,1.0%,0,0,0,0,0,,,,오늘출발,"평일 16시00분까지 결제 완료된 주문

",기본 배송비 묶음그룹,무료,,0,3000,6000,N,Y,-,82091720211,,,,,,,가구/인테리어,수예,자수,패키지,스팃스,스팃스,,,,N,N,N,,,,http://shop1.phinf.naver.net/20190610_260/es84214_1560157095570n801t_JPEG/42875954417279005_866181930.JPG,,,,Y,2019-06-10 17:59:00,2026-06-17 14:44:26,
,4547194458,,스팃스 파리상점 크래이머 무지원단 실 십자수 패키지 도안 실 원단 포함 풀세트,스마트스토어,,,판매중,전시중,4323,27500,27500,,,N,N,N,,,,,1.0%,0,0,0,0,0,,,,오늘출발,"평일 16시00분까지 결제 완료된 주문

",기본 배송비 묶음그룹,무료,,0,3000,6000,N,Y,-,82091717903,,,,,,,가구/인테리어,수예,자수,패키지,스팃스,스팃스,,,,N,N,N,,,,http://shop1.phinf.naver.net/20190610_20/es84214_1560156997291c6gyt_JPEG/42875856139254491_777393328.JPG,,,,Y,2019-06-10 17:57:35,2026-06-17 14:44:53,
,4547192400,,스팃스 파리상점 장난감가게 무지원단 실 십자수 패키지 도안 실 원단 포함 풀세트,스마트스토어,,,판매중,전시중,34321,27500,27500,,,N,N,N,,,,,1.0%,0,0,0,0,0,,,,오늘출발,"평일 16시00분까지 결제 완료된 주문

",기본 배송비 묶음그룹,무료,,0,3000,6000,N,Y,-,82091715845,,,,,,,가구/인테리어,수예,자수,패키지,스팃스,스팃스,,,,N,N,N,,,,http://shop1.phinf.naver.net/20190610_91/es84214_1560156926382d7U67_JPEG/42875785038802908_279575314.JPG,,,,Y,2019-06-10 17:56:08,2026-06-17 14:45:19,
,4547191221,,스팃스 파리상점 캔디샵 무지원단 실 십자수 패키지 도안 실 원단 포함 풀세트,스마트스토어,,,판매중,전시중,32198,27500,27500,,,N,N,N,,,,,1.0%,0,0,0,0,0,,,,오늘출발,"평일 16시00분까지 결제 완료된 주문

",기본 배송비 묶음그룹,무료,,0,3000,6000,N,Y,-,82091714666,,,,,,,가구/인테리어,수예,자수,패키지,스팃스,스팃스,,,,N,N,N,,,,http://shop1.phinf.naver.net/20190610_51/es84214_15601568181386MyBt_JPEG/42875676986595960_2101463968.JPG,,,,Y,2019-06-10 17:54:56,2026-06-17 14:45:44,
,4547188473,,스팃스 파리상점 꽃가게 무지원단 실 십자수 패키지 도안 실 원단 포함 풀세트,스마트스토어,,,판매중,전시중,34233,27500,27500,,,N,N,N,,,,,1.0%,0,0,0,0,0,,,,오늘출발,"평일 16시00분까지 결제 완료된 주문

",기본 배송비 묶음그룹,무료,,0,3000,6000,N,Y,-,82091711918,,,,,,,가구/인테리어,수예,자수,패키지,스팃스,스팃스,,,,N,N,N,,,,http://shop1.phinf.naver.net/20190610_218/es84214_1560156683714BWaGE_JPEG/42875542562422699_1025540609.JPG,,,,Y,2019-06-10 17:52:47,2026-06-17 14:46:12,
,4538987657,,스팃스 36 633 크로바 HOBBY 핑킹가위 P210W 파도날 ,스마트스토어,,,판매중,전시중,9997,46200,46200,,,N,N,N,,,,,1.0%,0,0,0,0,0,,,,오늘출발,"평일 16시00분까지 결제 완료된 주문

",기본 배송비 묶음그룹,조건부 무료,선결제,3000,3000,6000,N,Y,-,82083510965,,,,,,,가구/인테리어,수예,수예용품/부자재,,,,,,,N,N,N,,,,http://shop1.phinf.naver.net/20190604_4/es84214_1559620917354n7PqM_JPEG/42252096849370386_1394170500.jpg,,,,Y,2019-06-04 13:02:55,2026-02-13 18:06:34,
,4538982592,,스팃스 36 631 크로바 HOBBY 핑킹가위 P210 톱니날5mm,스마트스토어,,,판매중,전시중,99997,46200,46200,,,N,N,N,,,,,1.0%,0,0,0,0,0,,,,오늘출발,"평일 16시00분까지 결제 완료된 주문

",기본 배송비 묶음그룹,조건부 무료,선결제,3000,3000,6000,N,Y,-,82083505900,,,,,,,가구/인테리어,수예,수예용품/부자재,,,,,,,N,N,N,,,,http://shop1.phinf.naver.net/20190604_15/es84214_1559620810664yJL8y_JPEG/42251990153552344_168600922.jpg,,,,Y,2019-06-04 13:01:00,2026-06-17 14:47:12,
,4538978802,,스팃스 36 629 크로바 HOBBY 핑킹가위 P210 톱니날3mm,스마트스토어,,,판매중,전시중,43233,46200,46200,,,N,N,N,,,,,1.0%,0,0,0,0,0,,,,오늘출발,"평일 16시00분까지 결제 완료된 주문

",기본 배송비 묶음그룹,조건부 무료,선결제,3000,3000,6000,N,Y,-,82083502110,,,,,,,가구/인테리어,수예,수예용품/부자재,,,,,,,N,N,N,,,,http://shop1.phinf.naver.net/20190604_230/es84214_1559620714630A6TJq_JPEG/42251894285860813_952969896.jpg,,,,Y,2019-06-04 12:59:26,2026-06-17 14:47:42,
,4538973118,,스팃스 36 632 크로바 HOBBY 핑킹가위 P180 톱니날 5mm ,스마트스토어,,,판매중,전시중,42342,46200,46200,,,N,N,N,,,,,1.0%,0,0,0,0,0,,,,오늘출발,"평일 16시00분까지 결제 완료된 주문

",기본 배송비 묶음그룹,조건부 무료,선결제,3000,3000,6000,N,Y,-,82083496426,,,,,,,가구/인테리어,수예,수예용품/부자재,,,,,,,N,N,N,,,,http://shop1.phinf.naver.net/20190604_198/es84214_1559620568762shn2K_JPEG/42251748261442199_560544427.jpg,,,,Y,2019-06-04 12:57:14,2026-02-13 18:06:34,
,4533425905,,스팃스 크로바 초크라이너 펜 리필 택1,스마트스토어,,,판매중,전시중,1307025,4600,4600,,,Y,N,N,,,,,1.0%,0,0,0,0,0,,,,오늘출발,"평일 16시00분까지 결제 완료된 주문

",기본 배송비 묶음그룹,조건부 무료,선결제,3000,3000,6000,N,Y,-,82077949213,,,,,,,가구/인테리어,수예,수예용품/부자재,,,,,,,N,N,N,,,,http://shop1.phinf.naver.net/20190531_160/es84214_1559283442465Q6gEy_JPEG/82590622105284733_1092205727.jpg,,,,Y,2019-05-31 15:18:06,2026-06-17 14:48:40,
,4533421327,,스팃스 크로바 초크라이너 펜 택1,스마트스토어,,,판매중,전시중,229725,9000,9000,,,Y,N,N,,,,,1.0%,0,0,0,0,0,,,,오늘출발,"평일 16시00분까지 결제 완료된 주문

",기본 배송비 묶음그룹,조건부 무료,선결제,3000,3000,6000,N,Y,-,82077944635,,,,,,,가구/인테리어,수예,수예용품/부자재,,,,,,,N,N,N,,,,http://shop1.phinf.naver.net/20190531_91/es84214_15592832579572OBi4_JPEG/82590437598690753_63572248.jpg,,,,Y,2019-05-31 15:16:08,2026-02-13 18:21:49,
,4533400711,,스팃스 43 605 크로바 펜E 레이스바늘세트,스마트스토어,,,판매중,전시중,42341,68000,68000,,,N,N,N,,,,,1.0%,0,0,0,0,0,,,,오늘출발,"평일 16시00분까지 결제 완료된 주문

",기본 배송비 묶음그룹,조건부 무료,선결제,3000,3000,6000,N,Y,-,82077924019,,,,,,,가구/인테리어,수예,뜨개질,뜨개질바늘,,,,,,N,N,N,,,,http://shop1.phinf.naver.net/20190531_49/es84214_1559282670830LXnxT_JPEG/82589850473286520_1840764031.jpg,,,,Y,2019-05-31 15:05:51,2026-06-17 14:49:37,
,4507959813,,스팃스 5송이 해바라기 보석십자수 도안형 DIY 키트 감성 풍경 자수,스마트스토어,,,판매중,전시중,432299,18900,18900,,,N,N,Y,,,,,1.0%,0,0,0,0,0,,,,오늘출발,"평일 16시00분까지 결제 완료된 주문

",기본 배송비 묶음그룹,무료,,0,3000,6000,N,Y,-,82052482913,,,,,,,가구/인테리어,수예,보석십자수,,스팃스,스팃스,,,,N,N,N,,,,http://shop1.phinf.naver.net/20260530_233/1780148688888B38bX_PNG/97893138092311236_2094236396.png,,,,Y,2019-05-15 15:50:52,2026-06-17 14:50:08,
,4507957806,,스팃스 핑크연꽃 백연꽃 보석십자수 도안형 DIY 키트 감성 풍경 자수,스마트스토어,,,판매중지,전시중,8648,28000,28000,,,Y,N,N,,,,,1.0%,0,0,0,0,0,,,,오늘출발,"평일 16시00분까지 결제 완료된 주문

",기본 배송비 묶음그룹,무료,,0,3000,6000,N,Y,-,82052480906,,,,,,,가구/인테리어,수예,보석십자수,,스팃스,스팃스,,,,N,N,N,,,,http://shop1.phinf.naver.net/20190515_206/es84214_1557902935405QWONo_JPEG/40534115056097905_843517440.jpg,,,,Y,2019-05-15 15:49:33,2026-05-26 12:45:33,
,4507955921,,보석십자수) 노랑 장미,스마트스토어,,,판매중지,전시중,4324,24000,24000,,,N,N,N,,,,,1.0%,0,0,0,0,0,,,,오늘출발,"평일 16시00분까지 결제 완료된 주문

",기본 배송비 묶음그룹,무료,,0,2500,5000,N,Y,-,82052479021,,,,,,,가구/인테리어,수예,보석십자수,,자체제작,자체브랜드,,,,N,N,N,,,,http://shop1.phinf.naver.net/20190515_267/es84214_1557902757509QMmzx_JPEG/40533937161752263_1093080272.jpg,,,,Y,2019-05-15 15:48:06,2026-02-10 15:30:01,
,4465003504,,스팃스 JJP69838 존제임스 페블 니트용바늘 돗바늘 세트,스마트스토어,,,판매중,전시중,4323997,5700,5700,,,N,N,N,,,,,1.0%,0,0,0,0,0,,,,오늘출발,"평일 16시00분까지 결제 완료된 주문

",기본 배송비 묶음그룹,조건부 무료,선결제,3000,3000,6000,N,Y,-,82009526408,,,,,,,가구/인테리어,수예,자수,실/바늘,,,,,,N,N,N,,,,http://shop1.phinf.naver.net/20190424_55/es84214_1556083072860AMgHl_JPEG/38714252368170653_1072484472.jpg,,,,Y,2019-04-24 14:18:34,2026-02-13 18:21:49,
,4465001079,,스팃스 JJP10300 존제임스 페블 일반가정용 종합바늘,스마트스토어,,,판매중,전시중,324318,5700,5700,,,N,N,N,,,,,1.0%,0,0,0,0,0,,,,오늘출발,"평일 16시00분까지 결제 완료된 주문

",기본 배송비 묶음그룹,조건부 무료,선결제,3000,3000,6000,N,Y,-,82009523983,,,,,,,가구/인테리어,수예,자수,실/바늘,,,,,,N,N,N,,,,http://shop1.phinf.naver.net/20190424_222/es84214_1556083008756d3A5f_JPEG/38714188411659167_1497431594.jpg,,,,Y,2019-04-24 14:17:23,2026-06-17 14:51:06,
,4464998982,,존제임스 페블 아플리케바늘 3/9호,스마트스토어,,,판매중지,전시중,324087,5700,5700,,,N,N,N,,,,,1.0%,0,0,0,0,0,,,,오늘출발,"평일 16시00분까지 결제 완료된 주문

",기본 배송비 묶음그룹,조건부 무료,선결제,3000,3000,6000,N,Y,-,82009521886,,,,,,,가구/인테리어,수예,자수,실/바늘,,,,,,N,N,N,,,,http://shop1.phinf.naver.net/20190424_246/es84214_1556082936437k5bSf_JPEG/38714115944332901_956969036.jpg,,,,Y,2019-04-24 14:16:14,2024-06-05 10:44:42,
,4464995998,,스팃스 보빈함 부자재 포함 8m 자수실 100색 세트 프랑스자수 십자수 실세트,스마트스토어,,,판매중,전시중,99999,38000,38000,,,N,N,N,,,,,1.0%,0,0,0,0,0,,,,오늘출발,"평일 16시00분까지 결제 완료된 주문

",기본 배송비 묶음그룹,조건부 무료,선결제,3000,3000,6000,N,Y,-,82009518902,,,,,,,가구/인테리어,수예,자수,실/바늘,스팃스,스팃스,,,,N,N,N,,,,http://shop1.phinf.naver.net/20190424_9/es84214_1556082829465O2vqc_JPEG/38714009093650968_536390977.jpg,,,,Y,2019-04-24 14:14:50,2026-02-20 12:56:04,
,4464993633,,스팃스 보빈함 부자재 포함 8m 자수실 48색 세트 프랑스자수 십자수 실세,스마트스토어,,,판매중,전시중,999999,22000,22000,,,N,N,N,,,,,1.0%,0,0,0,0,0,,,,오늘출발,"평일 16시00분까지 결제 완료된 주문

",기본 배송비 묶음그룹,조건부 무료,선결제,3000,3000,6000,N,Y,-,82009516537,,,,,,,가구/인테리어,수예,자수,실/바늘,스팃스,스팃스,,,,N,N,N,,,,http://shop1.phinf.naver.net/20230918_106/1695017504683zB6yI_JPEG/11307596509609374_324773067.jpg,,,,Y,2019-04-24 14:13:28,2026-06-17 14:52:05,
,4464989830,,[단기특가]보빈함+부자재 포함) 8m 뽑아쓰는 자수실100개 / 프랑스자수 십자수용,스마트스토어,,,판매중지,전시중,43240,36000,29500,"6,500원",,N,N,N,,,,,1.0%,0,0,0,0,0,,,,오늘출발,"평일 16시00분까지 결제 완료된 주문

",기본 배송비 묶음그룹,조건부 무료,선결제,3000,3000,6000,N,Y,-,82009512734,,,,,,,가구/인테리어,수예,자수,실/바늘,자체제작,자체브랜드,,,,N,N,N,,,,http://shop1.phinf.naver.net/20190424_100/es84214_1556082628369Cw2N7_JPEG/38713808019472305_678135672.jpg,,,,Y,2019-04-24 14:11:33,2026-02-10 15:30:01,
,4464986775,,[단기특가]보빈함+부자재 포함 8m 뽑아쓰는 자수실 50개 /프랑스자수 십자수용,스마트스토어,,,판매중지,전시중,1,18000,18000,,,N,N,N,,,,,1.0%,0,0,0,0,0,,,,오늘출발,"평일 16시00분까지 결제 완료된 주문

",기본 배송비 묶음그룹,무료,,0,3000,6000,N,Y,-,82009509679,,,,,,,가구/인테리어,수예,자수,실/바늘,자체제작,자체브랜드,,,,N,N,N,,,,http://shop1.phinf.naver.net/20190424_261/es84214_1556082495313kR1aQ_JPEG/38713674963968467_306387578.jpg,,,,Y,2019-04-24 14:09:55,2026-02-10 15:30:01,
,4464981381,,스팃스 4개세트 베어 굿나잇 보석십자수 도안형 DIY 키트 감성 풍경 자수,스마트스토어,,,판매중,전시중,99999,29000,29000,,,N,N,N,,,,,1.0%,0,0,0,0,0,,,,오늘출발,"평일 16시00분까지 결제 완료된 주문

",기본 배송비 묶음그룹,무료,,0,3000,6000,N,Y,-,82009504285,,,,,,,가구/인테리어,수예,보석십자수,,스팃스,스팃스,,,,N,N,N,,,,http://shop1.phinf.naver.net/20260530_64/1780074692306FHbJP_PNG/113482902285257028_572470985.png,,,,Y,2019-04-24 14:06:32,2026-06-17 14:52:38,
,4447067234,,스팃스 prym 미니 스팀 다리미,스마트스토어,,,판매중,전시중,99999,58000,58000,,,N,N,N,,,,,1.0%,0,0,0,0,0,,,,오늘출발,"평일 16시00분까지 결제 완료된 주문

",기본 배송비 묶음그룹,조건부 무료,선결제,3000,3000,6000,N,Y,-,81991589942,,,,,,,가구/인테리어,수예,수예용품/부자재,,,,,,,N,N,N,,,,http://shop1.phinf.naver.net/20190417_224/es84214_1555466988137Fkw1p_JPEG/78774147756183067_37600700.jpg,,,,Y,2019-04-17 11:12:24,2026-06-17 14:53:11,
,4447053452,,보석십자수) 북유럽 사슴,스마트스토어,,,판매중지,전시중,3423,13000,13000,,,N,N,N,,,,,1.0%,0,0,0,0,0,,,,오늘출발,"평일 16시00분까지 결제 완료된 주문

",기본 배송비 묶음그룹,무료,,0,2500,5000,N,Y,-,81991576160,,,,,,,가구/인테리어,수예,보석십자수,,자체제작,자체브랜드,,,,N,N,N,,,,http://shop1.phinf.naver.net/20250304_154/1741063589758j4lgl_JPEG/75196505897041547_1808024463.jpg,,,,Y,2019-04-17 11:07:47,2026-02-10 15:30:01,
,4432669389,,스팃스 22 746 크로바 시침클립 10개입,스마트스토어,,,판매중,전시중,999998,7500,7500,,,N,N,N,,,,,1.0%,0,0,0,0,0,,,,오늘출발,"평일 16시00분까지 결제 완료된 주문

",기본 배송비 묶음그룹,조건부 무료,선결제,3000,3000,6000,N,Y,-,81977192097,,,,,,,가구/인테리어,수예,수예용품/부자재,,,,,,,N,N,N,,,,http://shop1.phinf.naver.net/20190411_211/es84214_1554961384461kkKkB_JPEG/78268544080290665_381828743.jpg,,,,Y,2019-04-11 14:43:42,2026-06-17 14:53:42,
,4432666745,,스팃스 58 585 크로바 펠트펀처 5본침 굵은바늘,스마트스토어,,,판매중,전시중,4324,21500,21500,,,N,N,N,,,,,1.0%,0,0,0,0,0,,,,오늘출발,"평일 16시00분까지 결제 완료된 주문

",기본 배송비 묶음그룹,조건부 무료,선결제,3000,3000,6000,N,Y,-,81977189453,,,,,,,가구/인테리어,수예,수예용품/부자재,,,,,,,N,N,N,,,,http://shop1.phinf.naver.net/20190411_162/es84214_15549613048564RqsS_JPEG/78268464474152727_1154098278.jpg,,,,Y,2019-04-11 14:42:33,2026-02-13 18:21:49,
,4384268526,,리프 면 100% 북유럽 커트지 원단,스마트스토어,,,판매중지,전시중,4324,18000,18000,,,N,N,N,,,,,1.0%,0,0,0,0,0,,,,오늘출발,"평일 16시00분까지 결제 완료된 주문

",기본 배송비 묶음그룹,조건부 무료,선결제,3000,3000,6000,N,Y,-,81928790705,,,,,,,가구/인테리어,수예,자수,도안,자체제작,자체브랜드,,,,N,N,N,,,,http://shop1.phinf.naver.net/20190326_89/es84214_1553582837075eqFmW_JPEG/76889996693799058_1456141433.jpg,,,,Y,2019-03-26 15:47:54,2026-02-10 15:30:01,
,4384264494,,스팃스 허밍플라워면 면100% 프린트 커트지 원단,스마트스토어,,,판매중,전시중,3424,18000,18000,,,N,N,N,,,,,1.0%,0,0,0,0,0,,,,오늘출발,"평일 16시00분까지 결제 완료된 주문

",기본 배송비 묶음그룹,조건부 무료,선결제,3000,3000,6000,N,Y,-,81928786673,,,,,,,가구/인테리어,수예,자수,도안,스팃스,스팃스,,,,N,N,N,,,,http://shop1.phinf.naver.net/20190326_33/es84214_1553582752384oJlTP_JPEG/76889912006561900_269711057.jpg,,,,Y,2019-03-26 15:46:46,2026-06-17 14:54:40,
,4384245464,,프랑스자수 프린트도안 원단 17종(택1),스마트스토어,,,판매중지,전시중,735106,5000,5000,,,Y,N,N,,,,,1.0%,0,0,0,0,0,,,,오늘출발,"평일 16시00분까지 결제 완료된 주문

",기본 배송비 묶음그룹,조건부 무료,선결제,2500,2500,5000,N,Y,-,81928767643,,,,,,,가구/인테리어,수예,자수,도안,자체제작,자체브랜드,,,,N,N,N,,,,http://shop1.phinf.naver.net/20190326_73/es84214_1553581761880DzBz8_JPEG/76888062506502957_640061021.jpg,,,,Y,2019-03-26 15:40:46,2026-02-10 15:30:01,
,4357730258,,프랑스자수 DIY 패키지 (프린트원단+실+바늘+설명서),스마트스토어,,,판매중지,전시중,38916,9000,9000,,,Y,N,N,,,,,1.0%,0,0,0,0,0,,,,오늘출발,"평일 16시00분까지 결제 완료된 주문

",기본 배송비 묶음그룹,조건부 무료,선결제,2500,2500,5000,N,Y,-,81902252286,,,,,,,가구/인테리어,수예,자수,패키지,자체제작,자체브랜드,,,,N,N,N,,,,http://shop1.phinf.naver.net/20190321_258/es84214_1553139599207V6g6S_JPEG/35858458052970113_1886514598.jpg,,,,Y,2019-03-21 12:41:21,2026-02-10 15:30:01,
,4353429634,,스팃스 원단용 핑킹가위 둥근날 5mm,스마트스토어,,,판매중,전시중,4323,12000,12000,,,N,N,N,,,,,1.0%,0,0,0,0,0,,,,오늘출발,"평일 16시00분까지 결제 완료된 주문

",기본 배송비 묶음그룹,조건부 무료,선결제,3000,3000,6000,N,Y,-,81897951662,,,,,,,가구/인테리어,수예,수예용품/부자재,,스팃스,스팃스,,,,N,N,N,,,,http://shop1.phinf.naver.net/20190320_229/es84214_1553062349859deaKf_JPEG/35693529514587227_742130741.JPG,,,,Y,2019-03-20 15:13:18,2026-06-17 14:55:12,
,4353424069,,스팃스 원단용 핑킹가위 톱니형 5mm,스마트스토어,,,판매중,전시중,4312,12000,12000,,,N,N,N,,,,,1.0%,0,0,0,0,0,,,,오늘출발,"평일 16시00분까지 결제 완료된 주문

",기본 배송비 묶음그룹,조건부 무료,선결제,3000,3000,6000,N,Y,-,81897946097,,,,,,,가구/인테리어,수예,수예용품/부자재,,스팃스,스팃스,,,,N,N,N,,,,http://shop1.phinf.naver.net/20190320_259/es84214_1553062277698sJkJO_JPEG/35693457348597523_1284375539.JPG,,,,Y,2019-03-20 15:12:05,2026-06-17 14:55:42,
,4353413338,,스팃스 보석십자수 비즈보관함 28칸 기본형,스마트스토어,,,판매중,전시중,43222,3000,3000,,,N,N,N,,,,,1.0%,0,0,0,0,0,,,,오늘출발,"평일 16시00분까지 결제 완료된 주문

",기본 배송비 묶음그룹,조건부 무료,선결제,3000,3000,6000,N,Y,-,81897935366,,,,,,,가구/인테리어,수예,보석십자수,,스팃스,스팃스,,,,N,N,N,,,,http://shop1.phinf.naver.net/20190320_264/es84214_1553062125402QhTmr_JPEG/35693305055820875_1745598164.JPG,,,,Y,2019-03-20 15:09:53,2026-02-20 12:56:04,
,4332304994,,스팃스 분홍 작은꽃의 화병 보석십자수 도안형 DIY 키트 감성 풍경 자수,스마트스토어,,,판매중,전시중,4324,24000,24000,,,N,N,N,,,,,1.0%,0,0,0,0,0,,,,오늘출발,"평일 16시00분까지 결제 완료된 주문

",기본 배송비 묶음그룹,무료,,0,3000,6000,N,Y,-,81876826927,,,,,,,가구/인테리어,수예,보석십자수,,스팃스,스팃스,,,,N,N,N,,,,http://shop1.phinf.naver.net/20260530_5/1780078720847Dbi8e_PNG/114211525933734722_1674641396.png,,,,Y,2019-03-15 12:59:11,2026-06-17 14:56:43,
,4332289771,,스팃스 양귀비 보석십자수 도안형 DIY 키트 감성 풍경 자수,스마트스토어,,,판매중,전시중,4234,28000,28000,,,N,N,N,,,,,1.0%,0,0,0,0,0,,,,오늘출발,"평일 16시00분까지 결제 완료된 주문

",기본 배송비 묶음그룹,무료,,0,3000,6000,N,Y,-,81876811704,,,,,,,가구/인테리어,수예,보석십자수,,스팃스,스팃스,,,,N,N,N,,,,http://shop1.phinf.naver.net/20260530_83/1780148786217cj7Ll_PNG/113901984669719565_551374343.png,,,,Y,2019-03-15 12:57:49,2026-06-17 14:57:16,
,4332278646,,보석십자수) 장미바구니,스마트스토어,,,판매중지,전시중,4324,30000,30000,,,N,N,N,,,,,1.0%,0,0,0,0,0,,,,오늘출발,"평일 16시00분까지 결제 완료된 주문

",,무료,,0,2500,5000,N,Y,-,81876800579,,,,,,,가구/인테리어,수예,보석십자수,,자체제작,자체브랜드,,,,N,N,N,,,,http://shop1.phinf.naver.net/20190315_177/es84214_1552622177529rew0g_JPEG/35341036373165210_1587646956.jpg,,,,Y,2019-03-15 12:56:43,2026-02-10 15:30:01,
,4332258857,,스팃스 앵두와 달리아꽃 보석십자수 도안형 DIY 키트 감성 풍경 자수,스마트스토어,,,판매중지,전시중,4324,26000,26000,,,N,N,N,,,,,1.0%,0,0,0,0,0,,,,오늘출발,"평일 16시00분까지 결제 완료된 주문

",기본 배송비 묶음그룹,무료,,0,3000,6000,N,Y,-,81876780790,,,,,,,가구/인테리어,수예,보석십자수,,스팃스,스팃스,,,,N,N,N,,,,http://shop1.phinf.naver.net/20190315_193/es84214_1552622059559yRAYy_JPEG/35340918390952969_1855923153.jpg,,,,Y,2019-03-15 12:54:50,2026-05-07 11:44:29,
,4332245808,,스팃스 목단 유화 보석십자수 도안형 DIY 키트 감성 풍경 자수,스마트스토어,,,판매중,전시중,4323,26000,26000,,,N,N,N,,,,,1.0%,0,0,0,0,0,,,,오늘출발,"평일 16시00분까지 결제 완료된 주문

",기본 배송비 묶음그룹,무료,,0,3000,6000,N,Y,-,81876767741,,,,,,,가구/인테리어,수예,보석십자수,,스팃스,스팃스,,,,N,N,N,,,,http://shop1.phinf.naver.net/20260530_73/17801487375881G8Ng_PNG/102958448241018088_584084599.png,,,,Y,2019-03-15 12:53:42,2026-05-30 22:46:00,
,4320115213,,(일본서적) 양모펠트 - 미소짓는 동물들,스마트스토어,,,판매중지,전시중,3423,15000,15000,,,N,N,N,,,,,1.0%,0,0,0,0,0,,,,오늘출발,"평일 16시00분까지 결제 완료된 주문

",기본 배송비 묶음그룹,조건부 무료,선결제,2500,2500,5000,N,Y,-,81864637146,,,,,,,가구/인테리어,수예,자수,도안,,,,,,N,N,N,,,,http://shop1.phinf.naver.net/20190313_217/es84214_1552443168478hn47D_JPEG/75749469102400132_1127810442.jpg,,,,Y,2019-03-13 11:13:34,2019-04-22 10:36:20,
,4320103209,,스팃스 어린이 보석십자수 스티커 만들기 DIY 세트 캐릭터 큐빅 비즈 24종,스마트스토어,,,판매중,전시중,2399975,7900,7900,,,Y,N,Y,,,,,1.0%,0,0,0,0,0,,,,오늘출발,"평일 16시00분까지 결제 완료된 주문

",기본 배송비 묶음그룹,무료,,0,3000,6000,N,Y,-,81864625142,,,,,,,가구/인테리어,수예,보석십자수,,스팃스,스팃스,,,,N,N,Y,,,,http://shop1.phinf.naver.net/20260325_209/17744124253278a3du_PNG/29072864112275966_644681288.png,,,,Y,2019-03-13 11:11:26,2026-03-25 13:24:41,
,4292093804,,스팃스 57 828 태팅셔틀 클래식 2개입,스마트스토어,,,판매중,전시중,4324,9000,9000,,,N,N,N,,,,,1.0%,0,0,0,0,0,,,,오늘출발,"평일 16시00분까지 결제 완료된 주문

",기본 배송비 묶음그룹,조건부 무료,선결제,3000,3000,6000,N,Y,-,81836615685,,,,,,,가구/인테리어,수예,뜨개질,뜨개질바늘,,,,,,N,N,N,,,,http://shop1.phinf.naver.net/20190307_150/es84214_1551924811660mVzew_JPEG/75231991301592188_2113842053.jpg,,,,Y,2019-03-07 11:14:03,2026-06-17 14:58:47,
,4292086220,,스팃스 57 834 크로바 태팅셔틀 L 2개입,스마트스토어,,,판매중,전시중,4320,10200,10200,,,N,N,N,,,,,1.0%,0,0,0,0,0,,,,오늘출발,"평일 16시00분까지 결제 완료된 주문

",기본 배송비 묶음그룹,조건부 무료,선결제,3000,3000,6000,N,Y,-,81836608101,,,,,,,가구/인테리어,수예,뜨개질,뜨개질바늘,,,,,,N,N,N,,,,http://shop1.phinf.naver.net/20190307_61/es84214_1551924719620e0B5P_JPEG/75231899261834343_936077238.jpg,,,,Y,2019-03-07 11:12:49,2026-06-17 14:59:20,
,4292070224,,스팃스 튤립 에띠모 로즈 모사용 코바늘 레이스바늘 세트,스마트스토어,,,판매중,전시중,4324,185000,185000,,,N,N,N,,,,,1.0%,0,0,0,0,0,,,,오늘출발,"평일 16시00분까지 결제 완료된 주문

",기본 배송비 묶음그룹,조건부 무료,선결제,3000,3000,6000,N,Y,-,81836592105,,,,,,,가구/인테리어,수예,뜨개질,뜨개질바늘,,,,,,N,N,N,,,,http://shop1.phinf.naver.net/20190307_112/es84214_1551923840703oihOC_JPEG/34555020356251756_1826003590.jpg,,,,Y,2019-03-07 11:10:21,2026-06-17 14:59:53,
,4292018722,,스팃스 튤립 에티모 로즈 모사용 코바늘 10종 세트,스마트스토어,,,판매중,전시중,4324,185000,185000,,,N,N,N,,,,,1.0%,0,0,0,0,0,,,,오늘출발,"평일 16시00분까지 결제 완료된 주문

",기본 배송비 묶음그룹,조건부 무료,선결제,3000,3000,6000,N,Y,-,81836540603,,,,,,,가구/인테리어,수예,뜨개질,뜨개질바늘,,,,,,N,N,N,,,,http://shop1.phinf.naver.net/20190307_256/es84214_1551923594601jD44C_JPEG/34554774256296811_513689353.jpg,,,,Y,2019-03-07 11:01:49,2026-06-17 15:00:26,
,4292002430,,스팃스 튤립 에띠모 로즈 레이스 코바늘 10종 택1,스마트스토어,,,판매중,전시중,1899989,13800,13800,,,Y,N,Y,,,,,1.0%,0,0,0,0,0,,,,오늘출발,"평일 16시00분까지 결제 완료된 주문

",기본 배송비 묶음그룹,조건부 무료,선결제,3000,3000,6000,N,Y,-,81836524311,,,,,,,가구/인테리어,수예,뜨개질,뜨개질바늘,튤립,튤립,14475,,,N,N,N,,,,https://shop-phinf.pstatic.net/20190307_63/es84214_1551924464101etKDx_JPEG/75231623721373916_1400840474.jpg,,,,Y,2019-03-07 10:58:42,2026-06-17 15:01:01,
,4291978487,,스팃스 튤립 에띠모 로즈 모사용 코바늘 11종 택1,스마트스토어,,,판매중,전시중,532411,12700,12700,,,Y,N,N,,,,,1.0%,0,0,0,0,0,,,,오늘출발,"평일 16시00분까지 결제 완료된 주문

",기본 배송비 묶음그룹,조건부 무료,선결제,3000,3000,6000,N,Y,-,81836500368,,,,,,,가구/인테리어,수예,뜨개질,뜨개질바늘,,,,,,N,N,N,,,,http://shop1.phinf.naver.net/20190307_187/es84214_1551924491024TJxbu_JPEG/75231650643958517_913871.jpg,,,,Y,2019-03-07 10:54:28,2026-06-17 15:01:35,
,4257226660,,프랑스자수 패키지 - 가랜드 만들기세트 (택1),스마트스토어,,,판매중지,전시중,1,14500,14500,,,Y,N,N,,,,,1.0%,0,0,0,0,0,,,,오늘출발,"평일 16시00분까지 결제 완료된 주문

",기본 배송비 묶음그룹,조건부 무료,선결제,2500,2500,5000,N,Y,-,81801748232,,,,,,,가구/인테리어,수예,자수,패키지,자체제작,자체브랜드,,,,N,N,N,,,,http://shop1.phinf.naver.net/20190226_254/es84214_15511689469748sn9P_JPEG/74476126614558065_1760484996.jpg,,,,Y,2019-02-26 17:16:33,2026-02-10 15:30:00,
,4257189391,,스팃스 코스모 프랑스자수/십자수용 원터치 수틀 3종 - 택1,스마트스토어,,,판매중,전시중,1,11000,11000,,,Y,N,N,,,,,1.0%,0,0,0,0,0,,,,오늘출발,"평일 16시00분까지 결제 완료된 주문

",기본 배송비 묶음그룹,조건부 무료,선결제,3000,3000,6000,N,Y,-,81801710963,,,,,,,가구/인테리어,수예,수예용품/부자재,,,,,,,N,N,N,,,,http://shop1.phinf.naver.net/20190226_88/es84214_1551168278807vL8bQ_JPEG/33799458462725215_681449892.jpg,,,,Y,2019-02-26 17:06:15,2026-06-17 15:02:33,
,4257166702,,일본 코스모 프랑스자수/십자수용 수틀 5종(택1),스마트스토어,,,판매중지,전시중,1,12000,12000,,,Y,N,N,,,,,1.0%,0,0,0,0,0,,,,오늘출발,"평일 16시00분까지 결제 완료된 주문

",기본 배송비 묶음그룹,조건부 무료,선결제,2500,2500,5000,N,Y,-,81801688274,,,,,,,가구/인테리어,수예,수예용품/부자재,,,,,cosmo 수틀,,N,N,N,,,,http://shop1.phinf.naver.net/20190226_21/es84214_1551168000751nghLR_JPEG/74474301377308304_592958878.jpg,,,,Y,2019-02-26 17:00:53,2022-03-30 14:55:16,
,4257152113,,스팃스 독일 쯔바이 14ct 십자수원단  화이트,스마트스토어,,,판매중,전시중,3412,7150,7150,,,Y,N,N,,,,,1.0%,0,0,0,0,0,,,,오늘출발,"평일 16시00분까지 결제 완료된 주문

",기본 배송비 묶음그룹,조건부 무료,선결제,3000,3000,6000,N,Y,-,81801673685,,,,,,,가구/인테리어,수예,원단,,쯔바이,쯔바이,,,,N,N,N,,,,https://shop-phinf.pstatic.net/20190226_41/es84214_1551167446285UMb3O_JPEG/33798625940649975_983984529.jpg,,,,Y,2019-02-26 16:57:12,2026-06-17 15:03:06,
,4257137444,,독일 쯔바이 14ct 십자수원단 아이보리 [ECRU],스마트스토어,,,품절,전시중,0,7700,7700,,,Y,N,N,,,,,1.0%,0,0,0,0,0,,,,오늘출발,"평일 16시00분까지 결제 완료된 주문

",기본 배송비 묶음그룹,조건부 무료,선결제,3000,3000,6000,N,Y,-,81801659016,,,,,,,가구/인테리어,수예,원단,,,,,,,N,N,N,,,,http://shop1.phinf.naver.net/20190226_41/es84214_1551167446285UMb3O_JPEG/33798625940649975_983984529.jpg,,,,Y,2019-02-26 16:53:37,2024-10-30 13:21:49,
,4257107816,,"독일 쯔바이 14ct 십자수원단 금사,은사 원단 - 1마(90cmx150cm)",스마트스토어,,,판매중지,전시중,4198,31900,31900,,,Y,N,N,,,,,1.0%,0,0,0,0,0,,,,오늘출발,"평일 16시00분까지 결제 완료된 주문

",기본 배송비 묶음그룹,조건부 무료,선결제,2500,2500,5000,N,Y,-,81801629388,,,,,,,가구/인테리어,수예,원단,,,,,,,N,N,N,,,,http://shop1.phinf.naver.net/20190226_61/es84214_1551167083721E0MN9_JPEG/74474263361082012_1969902809.jpg,,,,Y,2019-02-26 16:45:29,2022-11-21 14:48:04,
,4257087981,,스팃스 독일 쯔바이원단 14ct 십자수 원단 컬러 1마,스마트스토어,,,판매중,전시중,79990,22000,22000,,,Y,N,N,,,,,1.0%,0,0,0,0,0,,,,오늘출발,"평일 16시00분까지 결제 완료된 주문

",기본 배송비 묶음그룹,조건부 무료,선결제,3000,3000,6000,N,Y,-,81801609553,,,,,,,가구/인테리어,수예,원단,,,,,,,N,N,N,,,,http://shop1.phinf.naver.net/20190226_53/es84214_1551166640588F2zzP_JPEG/33797820242092495_720327238.jpg,,,,Y,2019-02-26 16:40:39,2026-06-17 15:03:42,
,4257057799,,프랑스자수 패키지 COSMO 지자수 KIT 핀쿠션,스마트스토어,,,판매중지,전시중,4324,11500,11500,,,Y,N,N,,,,,1.0%,0,0,0,0,0,,,,오늘출발,"평일 16시00분까지 결제 완료된 주문

",기본 배송비 묶음그룹,조건부 무료,선결제,3000,3000,6000,N,Y,-,81801579371,,,,,,,가구/인테리어,수예,자수,패키지,,,,,,N,N,N,,,,http://shop1.phinf.naver.net/20190226_280/es84214_1551166151966Rmoy9_JPEG/74473311585797778_1540988042.jpg,,,,Y,2019-02-26 16:34:39,2025-01-23 10:59:59,
,4257033229,,프랑스자수 패키지 COSMO 지자수 KIT 카드케이스,스마트스토어,,,판매중지,전시중,86468,11500,11500,,,Y,N,N,,,,,1.0%,0,0,0,0,0,,,,오늘출발,"평일 16시00분까지 결제 완료된 주문

",기본 배송비 묶음그룹,조건부 무료,선결제,2500,2500,5000,N,Y,-,81801554801,,,,,,,가구/인테리어,수예,자수,패키지,,,,,,N,N,N,,,,http://shop1.phinf.naver.net/20190226_20/es84214_1551166013009OnpIO_JPEG/74472313611183583_199461870.jpg,,,,Y,2019-02-26 16:28:24,2020-09-17 11:26:37,
,4257019683,,프랑스자수 패키지 COSMO KIT - 보태니컬 자수 티슈케이스,스마트스토어,,,판매중지,전시중,8647,14900,14900,,,Y,N,N,,,,,1.0%,0,0,0,0,0,,,,오늘출발,"평일 16시00분까지 결제 완료된 주문

",기본 배송비 묶음그룹,조건부 무료,선결제,3000,3000,6000,N,Y,-,81801541255,,,,,,,가구/인테리어,수예,자수,패키지,,,,,,N,N,N,,,,http://shop1.phinf.naver.net/20190226_294/es84214_1551165674119Fmbrt_JPEG/74471974745679816_1217327119.jpg,,,,Y,2019-02-26 16:25:10,2025-10-27 14:16:39,
,4251213792,,존제임스 코튼 다너 바늘 set (1/5호),스마트스토어,,,판매중지,전시중,34231,2900,2900,,,N,N,N,,,,,1.0%,0,0,0,0,0,,,,오늘출발,"평일 16시00분까지 결제 완료된 주문

",기본 배송비 묶음그룹,조건부 무료,선결제,2500,2500,5000,N,Y,-,81795735355,,,,,,,가구/인테리어,수예,자수,실/바늘,,,,,,N,N,N,,,,http://shop1.phinf.naver.net/20190225_145/es84214_1551060799464AWvnj_JPEG/74367959068974940_204732925.jpg,,,,Y,2019-02-25 11:13:56,2021-12-06 10:44:48,
,4251207512,,스팃스 존제임스 리본자수 크루엘 십자수용 뾰족바늘 Chenille 24호,스마트스토어,,,판매중,전시중,99997,4300,4300,,,N,N,N,,,,,1.0%,0,0,0,0,0,,,,오늘출발,"평일 16시00분까지 결제 완료된 주문

",기본 배송비 묶음그룹,조건부 무료,선결제,3000,3000,6000,N,Y,-,81795729075,,,,,,,가구/인테리어,수예,자수,실/바늘,존제임스,존제임스,,,,N,N,N,,,,https://shop-phinf.pstatic.net/20190225_22/es84214_1551060666406oKCbj_JPEG/33691846062846326_1980761475.jpg,,,,Y,2019-02-25 11:11:55,2026-06-17 15:04:15,
,4241935368,,크래프트 종이 노끈 20m,스마트스토어,,,판매중지,전시중,23968,2000,2000,,,Y,N,N,,,,,1.0%,0,0,0,0,0,,,,오늘출발,"평일 16시00분까지 결제 완료된 주문

",기본 배송비 묶음그룹,조건부 무료,선결제,3000,3000,6000,N,Y,-,81786456915,,,,,,,가구/인테리어,수예,수예용품/부자재,,자체제작,자체브랜드,,,,N,N,N,,,,http://shop1.phinf.naver.net/20190222_83/es84214_15508162350449JSkv_JPEG/33535093893154626_153030343.JPG,,,,Y,2019-02-22 15:17:46,2026-02-10 15:30:00,
,4241926692,,스팃스 동물 접착식 자수와펜 4종 택1,스마트스토어,,,판매중,전시중,14594,2800,2800,,,Y,N,N,,,,,1.0%,0,0,0,0,0,,,,오늘출발,"평일 16시00분까지 결제 완료된 주문

",기본 배송비 묶음그룹,조건부 무료,선결제,3000,3000,6000,N,Y,-,81786448239,,,,,,,가구/인테리어,수예,수예용품/부자재,,스팃스,스팃스,,,,N,N,N,,,,https://shop-phinf.pstatic.net/20190222_184/es84214_1550816068291n0035_JPEG/33447247943752087_1358013979.jpg,,,,Y,2019-02-22 15:15:01,2026-06-17 15:04:49,
,4241919622,,스팃스 자수 소잉용 열펜 레드 블루 화이트 택1,스마트스토어,"자수 소잉용 열펜 레드,블루,화이트 - 택1",,판매중,전시중,12718,2300,2300,,,Y,N,N,,,,,1.0%,0,0,0,0,0,,,,오늘출발,"평일 16시00분까지 결제 완료된 주문

",기본 배송비 묶음그룹,조건부 무료,선결제,3000,3000,6000,N,Y,-,81786441169,,,,,,,가구/인테리어,수예,수예용품/부자재,,스팃스,스팃스,,,,N,N,N,,,,https://shop-phinf.pstatic.net/20190222_13/es84214_1550815914278t7Gnr_JPEG/33447093933982743_875455084.jpg,,,,Y,2019-02-22 15:12:54,2026-06-17 15:05:24,
,4230309866,,스팃스 64칸 보석십자수 비즈통 비즈보관함 정리함 큐빅 케이스 DIY 부자재,스마트스토어,스팃스 64칸 보석십자수 비즈통 비즈보관함 정리함 큐빅 케이스 DIY 부자재,,판매중,전시중,3215,9500,9500,,,N,N,N,,,,,1.0%,0,0,0,0,0,,,,오늘출발,"평일 16시00분까지 결제 완료된 주문

",기본 배송비 묶음그룹,무료,,0,3000,6000,N,Y,-,81774831357,,,,,,,가구/인테리어,수예,보석십자수,,스팃스,스팃스,,,,N,N,N,,,,https://shop-phinf.pstatic.net/20190220_227/es84214_1550628908397W7hCN_JPEG/73936088038555200_309163569.JPG,,,,Y,2019-02-20 11:15:58,2026-05-06 22:30:25,
,4230299126,,스팃스 보석십자수 비즈 보관함 2단 28칸 정리함 큐빅 케이스 DIY 부자재,스마트스토어,,,판매중,전시중,33917,8500,8500,,,N,N,N,,,,,1.0%,0,0,0,0,0,,,,오늘출발,"평일 16시00분까지 결제 완료된 주문

",기본 배송비 묶음그룹,조건부 무료,선결제,3000,3000,6000,N,Y,-,81774820617,,,,,,,가구/인테리어,수예,보석십자수,,스팃스,스팃스,,,,N,N,N,,,,http://shop1.phinf.naver.net/20190220_275/es84214_1550628666684Dj6Pi_JPEG/73935826303917805_667883030.JPG,,,,Y,2019-02-20 11:12:46,2026-06-17 15:06:32,
,4208978704,,보석십자수) 장미 / DIY 취미,스마트스토어,,,판매중지,전시중,3424,15000,15000,,,N,N,N,,,,,1.0%,0,0,0,0,0,,,,오늘출발,"평일 16시00분까지 결제 완료된 주문

",기본 배송비 묶음그룹,무료,,0,2500,5000,N,Y,-,81753500131,,,,,,,가구/인테리어,수예,보석십자수,,자체제작,자체브랜드,,,,N,N,N,,,,http://shop1.phinf.naver.net/20190215_58/es84214_1550212031599cWEXA_JPEG/73518332222526766_1082363627.jpg,,,,Y,2019-02-15 15:35:38,2026-02-10 15:30:00,
,4208894602,,아동 보석십자수) 무민시리즈 스티커  B세트 (5매입) 8cmx9cm,스마트스토어,,,판매중지,전시중,3234,10800,10800,,,N,N,N,,,,,1.0%,0,0,0,0,0,,,,오늘출발,"평일 16시00분까지 결제 완료된 주문

",기본 배송비 묶음그룹,조건부 무료,선결제,3000,3000,6000,N,Y,-,81753416029,,,,,,,가구/인테리어,수예,보석십자수,,,,,,,N,N,N,,,,http://shop1.phinf.naver.net/20190215_194/es84214_1550211639801onSiX_JPEG/32842819455102741_381667038.jpg,,,,Y,2019-02-15 15:23:03,2024-01-03 11:31:27,
,4208872874,,아동 보석십자수) 무민시리즈 스티커  A세트 (5매입) 8cmx9cm,스마트스토어,,,판매중지,전시중,4324,10800,10800,,,N,N,N,,,,,1.0%,0,0,0,0,0,,,,오늘출발,"평일 16시00분까지 결제 완료된 주문

",기본 배송비 묶음그룹,조건부 무료,선결제,3000,3000,6000,N,Y,-,81753394301,,,,,,,가구/인테리어,수예,보석십자수,,,,,,,N,N,N,,,,http://shop1.phinf.naver.net/20190215_127/es84214_1550211524712MqmI5_JPEG/32842704366699553_72854648.jpg,,,,Y,2019-02-15 15:19:48,2024-01-03 11:31:27,
,4204798890,,보석십자수) 최후의 만찬 - 부분비즈 (종교),스마트스토어,,,판매중지,전시중,4323,34000,34000,,,N,N,N,,,,,1.0%,0,0,0,0,0,,,,오늘출발,"평일 16시00분까지 결제 완료된 주문

",기본 배송비 묶음그룹,무료,,0,2500,5000,N,Y,-,81749320317,,,,,,,가구/인테리어,수예,보석십자수,,자체제작,자체브랜드,,,,N,N,N,,,,http://shop1.phinf.naver.net/20190214_167/es84214_1550128801784qwNLh_JPEG/73435961403348209_660629517.jpg,,,,Y,2019-02-14 16:20:35,2026-02-10 15:30:00,
,4204792785,,스팃스 지장왕 보석십자수 도안형 DIY 키트 불교 마음평화 기도용,스마트스토어,,,판매중,전시중,4324,30000,30000,,,N,N,N,,,,,1.0%,0,0,0,0,0,,,,오늘출발,"평일 16시00분까지 결제 완료된 주문

",기본 배송비 묶음그룹,무료,,0,3000,6000,N,Y,-,81749314212,,,,,,,가구/인테리어,수예,보석십자수,,스팃스,스팃스,,,,N,N,N,,,,http://shop1.phinf.naver.net/20260530_74/1780074789969CuVCu_PNG/126708573144800981_611795675.png,,,,Y,2019-02-14 16:19:22,2026-06-17 15:07:09,
,4204782517,,스팃스 장미꽃 위 성모마리아 부분비즈 43x67 보석십자수 도안형 DIY 키트 마음평화 기도용,스마트스토어,,,판매중,전시중,43234,30000,30000,,,N,N,N,,,,,1.0%,0,0,0,0,0,,,,오늘출발,"평일 16시00분까지 결제 완료된 주문

",기본 배송비 묶음그룹,무료,,0,3000,6000,N,Y,-,81749303944,,,,,,,가구/인테리어,수예,보석십자수,,스팃스,스팃스,,,,N,N,N,,,,http://shop1.phinf.naver.net/20260604_7/1780551221864Gfw43_JPEG/3073251907386431_1025720887.jpg,,,,Y,2019-02-14 16:17:36,2026-06-17 15:07:41,
,4204760241,,스팃스 버들양류 보살 보석십자수 도안형 DIY 키트 마음평화 기도용,스마트스토어,,,판매중,전시중,8646847,32000,32000,,,Y,N,N,,,,,1.0%,0,0,0,0,0,,,,오늘출발,"평일 16시00분까지 결제 완료된 주문

",기본 배송비 묶음그룹,무료,,0,3000,6000,N,Y,-,81749281668,,,,,,,가구/인테리어,수예,보석십자수,,스팃스,스팃스,,,,N,N,N,,,,http://shop1.phinf.naver.net/20260530_53/1780078977241iU5ma_PNG/3835416012700302_755678415.png,,,,Y,2019-02-14 16:13:38,2026-06-17 15:08:16,
,4204746999,,스팃스 연꽃위의 보살 보석십자수 도안형 DIY 키트 마음평화 기도용,스마트스토어,,,판매중,전시중,4322,25000,25000,,,N,N,N,,,,,1.0%,0,0,0,0,0,,,,오늘출발,"평일 16시00분까지 결제 완료된 주문

",기본 배송비 묶음그룹,무료,,0,3000,6000,N,Y,-,81749268426,,,,,,,가구/인테리어,수예,보석십자수,,스팃스,스팃스,,,,N,N,N,,,,http://shop1.phinf.naver.net/20260530_13/1780078376964j7Vel_PNG/46867925094594074_1650175744.png,,,,Y,2019-02-14 16:10:47,2026-06-17 15:08:51,
,4204738149,,스팃스 양류 구름 보살 보석십자수 도안형 DIY 키트 마음평화 기도용,스마트스토어,,,판매중,전시중,4324,50000,50000,,,N,N,N,,,,,1.0%,0,0,0,0,0,,,,오늘출발,"평일 16시00분까지 결제 완료된 주문

",기본 배송비 묶음그룹,무료,,0,3000,6000,N,Y,-,81749259576,,,,,,,가구/인테리어,수예,보석십자수,,스팃스,스팃스,,,,N,N,N,,,,http://shop1.phinf.naver.net/20260530_46/1780078928937EedYh_PNG/8115067758821064_820762582.png,,,,Y,2019-02-14 16:09:02,2026-06-17 15:09:28,
,4204720416,,스팃스 금불상 보석십자수 도안형 DIY 키트 마음평화 기도용,스마트스토어,,,판매중,전시중,43234,20000,20000,,,N,N,N,,,,,1.0%,0,0,0,0,0,,,,오늘출발,"평일 16시00분까지 결제 완료된 주문

",기본 배송비 묶음그룹,무료,,0,3000,6000,N,Y,-,81749241843,,,,,,,가구/인테리어,수예,보석십자수,,스팃스,스팃스,,,,N,N,N,,,,http://shop1.phinf.naver.net/20260531_97/178019517512786LuH_PNG/3951613935887172_1479841264.png,,,,Y,2019-02-14 16:05:49,2026-06-17 15:10:04,
,4204714067,,보석십자수) 성당에 모신 성모 (종교),스마트스토어,,,판매중지,전시중,4324,28000,28000,,,N,N,N,,,,,1.0%,0,0,0,0,0,,,,오늘출발,"평일 16시00분까지 결제 완료된 주문

",기본 배송비 묶음그룹,무료,,0,2500,5000,N,Y,-,81749235494,,,,,,,가구/인테리어,수예,보석십자수,,자체제작,자체브랜드,,,,N,N,N,,,,http://shop1.phinf.naver.net/20190214_124/es84214_1550127829207M4e8T_JPEG/73434129832580651_1982798848.jpg,,,,Y,2019-02-14 16:04:32,2026-02-10 15:30:00,
,4204706498,,스팃스 목자되신 예수님 보석십자수 도안형 DIY 키트 마음평화 기도용,스마트스토어,,,판매중,전시중,43232,33900,33900,,,N,N,N,,,,,1.0%,0,0,0,0,0,,,,오늘출발,"평일 16시00분까지 결제 완료된 주문

",기본 배송비 묶음그룹,무료,,0,3000,6000,N,Y,-,81749227925,,,,,,,가구/인테리어,수예,보석십자수,,스팃스,스팃스,,,,N,N,N,,,,http://shop1.phinf.naver.net/20260530_110/1780078873022gSuYL_PNG/60278486909269072_2110440318.png,,,,Y,2019-02-14 16:02:54,2026-06-17 15:10:40,
,4204698052,,스팃스 예수 탄생 보석십자수 도안형 DIY 키트 마음평화 기도용,스마트스토어,,,판매중,전시중,4323,30000,30000,,,N,N,N,,,,,1.0%,0,0,0,0,0,,,,오늘출발,"평일 16시00분까지 결제 완료된 주문

",기본 배송비 묶음그룹,무료,,0,3000,6000,N,Y,-,81749219479,,,,,,,가구/인테리어,수예,보석십자수,,스팃스,스팃스,,,,N,N,N,,,,http://shop1.phinf.naver.net/20260531_86/17801951384951Mzxu_PNG/114328011610368978_1883575249.png,,,,Y,2019-02-14 16:01:10,2026-06-17 15:11:17,
,4204670177,,스팃스 와불 보석십자수 도안형 DIY 키트 불교 마음평화 기도용,스마트스토어,,,판매중,전시중,4324,30000,30000,,,N,N,N,,,,,1.0%,0,0,0,0,0,,,,오늘출발,"평일 16시00분까지 결제 완료된 주문

",기본 배송비 묶음그룹,무료,,0,3000,6000,N,Y,-,81749191604,,,,,,,가구/인테리어,수예,보석십자수,,스팃스,스팃스,,,,N,N,N,,,,http://shop1.phinf.naver.net/20260530_103/1780078817332ONOG5_PNG/8085465285988173_1782453969.png,,,,Y,2019-02-14 15:56:11,2026-06-17 15:11:53,
,4204658060,,스팃스 연못에 나타난 보살 보석십자수 도안형 DIY 키트 마음평화 기도용,스마트스토어,,,판매중,전시중,4324,35000,35000,,,N,N,N,,,,,1.0%,0,0,0,0,0,,,,오늘출발,"평일 16시00분까지 결제 완료된 주문

",기본 배송비 묶음그룹,무료,,0,3000,6000,N,Y,-,81749179487,,,,,,,가구/인테리어,수예,보석십자수,,스팃스,스팃스,,,,N,N,N,,,,http://shop1.phinf.naver.net/20260530_24/1780078769069V6qTf_PNG/46868317160658702_724612960.png,,,,Y,2019-02-14 15:53:55,2026-06-17 15:12:28,
,4139639742,,스팃스 파스텔 플라워 보석십자수 도안형 DIY 키트 감성 풍경 자수,스마트스토어,,,판매중,전시중,3424,32000,32000,,,N,N,N,,,,,1.0%,0,0,0,0,0,,,,오늘출발,"평일 16시00분까지 결제 완료된 주문

",기본 배송비 묶음그룹,무료,,0,3000,6000,N,Y,-,81684160989,,,,,,,가구/인테리어,수예,보석십자수,,스팃스,스팃스,,,,N,N,N,,,,http://shop1.phinf.naver.net/20260605_204/17806346903008ADeS_JPEG/57096036112566423_1624237339.jpg,,,,Y,2019-01-30 11:20:44,2026-06-17 15:13:03,
,4139635669,,보석십자수 ) 북유럽 리프 SET,스마트스토어,,,판매중지,전시중,34232,39500,39500,,,N,N,N,,,,,1.0%,0,0,0,0,0,,,,오늘출발,"평일 16시00분까지 결제 완료된 주문

",기본 배송비 묶음그룹,조건부 무료,선결제,2500,2500,5000,N,Y,-,81684156916,,,,,,,가구/인테리어,수예,보석십자수,,자체제작,자체브랜드,,,,N,N,N,,,,http://shop1.phinf.naver.net/20190130_219/es84214_1548814755669hKJqH_JPEG/72121935308153375_372222442.jpg,,,,Y,2019-01-30 11:19:43,2026-02-10 15:30:00,
,4139630857,,스팃스 북유럽 몬스테라 3개세트 보석십자수 도안형 DIY 키트 감성 풍경 자수,스마트스토어,,,판매중,전시중,4317,39500,39500,,,N,N,N,,,,,1.0%,0,0,0,0,0,,,,오늘출발,"평일 16시00분까지 결제 완료된 주문

",기본 배송비 묶음그룹,무료,,0,3000,6000,N,Y,-,81684152104,,,,,,,가구/인테리어,수예,보석십자수,,스팃스,스팃스,,,,N,N,N,,,,http://shop1.phinf.naver.net/20260615_2/1781505478390RG1cH_PNG/5354132322544795_795993217.png,,,,Y,2019-01-30 11:18:26,2026-06-17 15:13:41,
,4139627457,,스팃스 북유럽 선인장 3개세트 보석십자수 도안형 DIY 키트 감성 풍경 자수,스마트스토어,,,판매중,전시중,3424,39500,39500,,,N,N,N,,,,,1.0%,0,0,0,0,0,,,,오늘출발,"평일 16시00분까지 결제 완료된 주문

",기본 배송비 묶음그룹,무료,,0,3000,6000,N,Y,-,81684148704,,,,,,,가구/인테리어,수예,보석십자수,,스팃스,스팃스,,,,N,N,N,,,,http://shop1.phinf.naver.net/20260530_9/17800748391882kJMl_PNG/32775413272708553_1492193597.png,,,,Y,2019-01-30 11:17:32,2026-06-17 15:14:16,
,4139623562,,보석십자수) 북유럽 자연의 바람 SET,스마트스토어,,,판매중지,전시중,4323,39500,39500,,,N,N,N,,,,,1.0%,0,0,0,0,0,,,,오늘출발,"평일 16시00분까지 결제 완료된 주문

",기본 배송비 묶음그룹,무료,,0,2500,5000,N,Y,-,81684144809,,,,,,,가구/인테리어,수예,보석십자수,,자체제작,자체브랜드,,,,N,N,N,,,,http://shop1.phinf.naver.net/20190130_185/es84214_15488145716257xs9Q_JPEG/72121751266377020_1161676335.jpg,,,,Y,2019-01-30 11:16:36,2026-02-10 15:30:00,
,4139618141,,보석십자수) 키즈 스위트 SET,스마트스토어,,,판매중지,전시중,4324,44500,44500,,,N,N,N,,,,,1.0%,0,0,0,0,0,,,,오늘출발,"평일 16시00분까지 결제 완료된 주문

",기본 배송비 묶음그룹,무료,,0,2500,5000,N,Y,-,81684139388,,,,,,,가구/인테리어,수예,보석십자수,,자체제작,자체브랜드,,,,N,N,N,,,,http://shop1.phinf.naver.net/20190130_44/es84214_1548814488602zFr11_JPEG/72121668240801045_1607514241.jpg,,,,Y,2019-01-30 11:15:12,2026-02-10 15:30:00,
,4139614625,,스팃스 북유럽 노르딕 핑크 30x40 3개세트 보석십자수 도안형 DIY 키트 감성 풍경 자수,스마트스토어,,,판매중,전시중,3421,39500,39500,,,N,N,N,,,,,1.0%,0,0,0,0,0,,,,오늘출발,"평일 16시00분까지 결제 완료된 주문

",기본 배송비 묶음그룹,무료,,0,3000,6000,N,Y,-,81684135872,,,,,,,가구/인테리어,수예,보석십자수,,스팃스,스팃스,,,,N,N,N,,,,http://shop1.phinf.naver.net/20260604_14/1780547702919a3iqI_JPEG/114680576052454618_1487399415.jpg,,,,Y,2019-01-30 11:14:15,2026-06-17 15:14:55,
,4139610265,,스팃스 산책 보석십자수 도안형 DIY 키트 감성 풍경 자수,스마트스토어,,,판매중,전시중,4324,23000,23000,,,Y,N,N,,,,,1.0%,0,0,0,0,0,,,,오늘출발,"평일 16시00분까지 결제 완료된 주문

",기본 배송비 묶음그룹,무료,,0,3000,6000,N,Y,-,81684131512,,,,,,,가구/인테리어,수예,보석십자수,,스팃스,스팃스,,,,N,N,N,,,,http://shop1.phinf.naver.net/20260530_278/1780079080883uraDN_PNG/2601110911342743_287469183.png,,,,Y,2019-01-30 11:13:09,2026-06-17 15:15:31,
,4139606582,,스팃스 아쿠아 팟 30x40 3개세트 보석십자수 도안형 DIY 키트 감성 풍경 자수,스마트스토어,,,판매중,전시중,43241,28500,28500,,,N,N,N,,,,,1.0%,0,0,0,0,0,,,,오늘출발,"평일 16시00분까지 결제 완료된 주문

",기본 배송비 묶음그룹,무료,,0,3000,6000,N,Y,-,81684127829,,,,,,,가구/인테리어,수예,보석십자수,,스팃스,스팃스,,,,N,N,N,,,,http://shop1.phinf.naver.net/20260604_20/1780546782571FQMF8_JPEG/93643691599621834_898331666.jpg,,,,Y,2019-01-30 11:12:11,2026-06-17 15:16:07,
,4139599957,,스팃스 북유럽 메이플 3개세트 보석십자수 도안형 DIY 키트 감성 풍경 자수,스마트스토어,,,판매중,전시중,3423,39500,39500,,,N,N,N,,,,,1.0%,0,0,0,0,0,,,,오늘출발,"평일 16시00분까지 결제 완료된 주문

",기본 배송비 묶음그룹,무료,,0,3000,6000,N,Y,-,81684121204,,,,,,,가구/인테리어,수예,보석십자수,,스팃스,스팃스,,,,N,N,N,,,,http://shop1.phinf.naver.net/20260530_236/1780079025512Q4GfD_PNG/35287196561094088_1835949864.png,,,,Y,2019-01-30 11:10:29,2026-06-17 15:16:43,
,4114226275,,(일본서적) 양모펠트의 기초테크닉 BOOK,스마트스토어,,,판매중지,전시중,4324,13500,13500,,,N,N,N,,,,,1.0%,0,0,0,0,0,,,,오늘출발,"평일 16시00분까지 결제 완료된 주문

",기본 배송비 묶음그룹,조건부 무료,선결제,2500,2500,5000,N,Y,-,81658747216,,,,,,,가구/인테리어,수예,자수,도안,자체제작,자체브랜드,,,,N,N,N,,,,http://shop1.phinf.naver.net/20190124_3/es84214_1548319909847WNtUO_JPEG/30951089495069519_1417558400.jpg,,,,Y,2019-01-24 17:52:18,2026-02-10 15:30:00,
,4114220008,,(일본서적)  양모펠트로 만드는 리얼한 애견,스마트스토어,,,판매중지,전시중,4322,17000,17000,,,N,N,N,,,,,1.0%,0,0,0,0,0,,,,오늘출발,"평일 16시00분까지 결제 완료된 주문

",기본 배송비 묶음그룹,조건부 무료,선결제,2500,2500,5000,N,Y,-,81658740949,,,,,,,가구/인테리어,수예,자수,도안,자체제작,자체브랜드,,,,N,N,N,,,,http://shop1.phinf.naver.net/20190124_199/es84214_1548319792758vQqaS_JPEG/71626972398503095_802484514.jpg,,,,Y,2019-01-24 17:50:27,2026-02-10 15:30:00,
,4114214154,,(일본서적) 푹신푹신 귀여운 양모펠트의 토끼,스마트스토어,,,판매중지,전시중,4324,12900,12900,,,N,N,N,,,,,1.0%,0,0,0,0,0,,,,오늘출발,"평일 16시00분까지 결제 완료된 주문

",기본 배송비 묶음그룹,조건부 무료,선결제,2500,2500,5000,N,Y,-,81658735095,,,,,,,가구/인테리어,수예,자수,도안,자체제작,자체브랜드,,,,N,N,N,,,,http://shop1.phinf.naver.net/20190124_281/es84214_1548319684135Wq8Hx_JPEG/71626843755881756_948088664.jpg,,,,Y,2019-01-24 17:48:30,2026-02-10 15:30:00,
,4114207854,,(일본서적) 양모펠트로 만드는 부사카와 동물,스마트스토어,,,판매중지,전시중,4324,18500,18500,,,N,N,N,,,,,1.0%,0,0,0,0,0,,,,오늘출발,"평일 16시00분까지 결제 완료된 주문

",기본 배송비 묶음그룹,조건부 무료,선결제,2500,2500,5000,N,Y,-,81658728795,,,,,,,가구/인테리어,수예,자수,도안,자체제작,자체브랜드,,,,N,N,N,,,,http://shop1.phinf.naver.net/20190124_67/es84214_1548319535009qbqlp_JPEG/71626694624694905_1739647006.jpg,,,,Y,2019-01-24 17:46:28,2026-02-10 15:30:00,
,4114201145,,일본서적 양모펠트로 만드는 새의 브로치,스마트스토어,,,판매중,전시중,34249,15800,15800,,,N,N,N,,,,,1.0%,0,0,0,0,0,,,,오늘출발,"평일 16시00분까지 결제 완료된 주문

",기본 배송비 묶음그룹,조건부 무료,선결제,3000,3000,6000,N,Y,-,81658722086,,,,,,,가구/인테리어,수예,자수,도안,스팃스,스팃스,,,,N,N,N,,,,http://shop1.phinf.naver.net/20190124_7/es84214_1548319437995PKdsy_JPEG/71626617635664546_1979907717.jpg,,,,Y,2019-01-24 17:44:23,2026-06-17 15:17:18,
,4114195282,,(일본서적) 양모펠트로 만드는 따뜻한 동물과 홈카페,스마트스토어,,,판매중지,전시중,4322,14800,14800,,,N,N,N,,,,,1.0%,0,0,0,0,0,,,,오늘출발,"평일 16시00분까지 결제 완료된 주문

",기본 배송비 묶음그룹,조건부 무료,선결제,2500,2500,5000,N,Y,-,81658716223,,,,,,,가구/인테리어,수예,자수,도안,자체제작,자체브랜드,,,,N,N,N,,,,http://shop1.phinf.naver.net/20190124_141/es84214_1548319306045d663k_JPEG/71626485678117915_1550465666.jpg,,,,Y,2019-01-24 17:42:28,2026-02-10 15:30:00,
,4114187550,,자수서적 꽃과 과일의 십자수2,스마트스토어,,,판매중,전시중,43233,23000,23000,,,N,N,N,,,,,1.0%,0,0,0,0,0,,,,오늘출발,"평일 16시00분까지 결제 완료된 주문

",기본 배송비 묶음그룹,조건부 무료,선결제,3000,3000,6000,N,Y,-,81658708491,,,,,,,가구/인테리어,수예,자수,도안,스팃스,스팃스,,,,N,N,N,,,,http://shop1.phinf.naver.net/20190124_14/es84214_1548319158156j1KJq_JPEG/31038016997875715_804236108.jpg,,,,Y,2019-01-24 17:40:23,2026-06-17 15:17:54,
,4114180315,,스팃스 43 606 크로바 모사용 코바늘 펜E 세트,스마트스토어,,,판매중,전시중,34243,87000,87000,,,N,N,N,,,,,1.0%,0,0,0,0,0,,,,오늘출발,"평일 16시00분까지 결제 완료된 주문

",기본 배송비 묶음그룹,조건부 무료,선결제,3000,3000,6000,N,Y,-,81658701256,,,,,,,가구/인테리어,수예,자수,실/바늘,,,,,,N,N,N,,,,http://shop1.phinf.naver.net/20190124_175/es84214_15483190125806lDQz_JPEG/31037871424628240_2059454258.jpg,,,,Y,2019-01-24 17:38:18,2026-06-17 15:18:30,
,4006925213,,스팃스 원목 우드 원형 좌식 수틀 25cm 탁상형수틀,스마트스토어,,,판매중,전시중,34226,17000,17000,,,N,N,N,,,,,1.0%,0,0,0,0,0,,,,오늘출발,"평일 16시00분까지 결제 완료된 주문

",기본 배송비 묶음그룹,조건부 무료,선결제,3000,3000,6000,N,Y,-,81551445606,,,,,,,가구/인테리어,수예,수예용품/부자재,,스팃스,스팃스,,,,N,N,N,,,,http://shop1.phinf.naver.net/20181231_267/es84214_1546246825523ib4wh_JPEG/69553126150098185_1121325697.JPG,,,,Y,2018-12-31 18:00:57,2026-06-17 15:19:07,
,4006914364,,(일본서적) 양모펠트의 작은 액세서리2,스마트스토어,,,판매중지,전시중,43242,13000,13000,,,N,N,N,,,,,1.0%,0,0,0,0,0,,,,오늘출발,"평일 16시00분까지 결제 완료된 주문

",기본 배송비 묶음그룹,조건부 무료,선결제,2500,2500,5000,N,Y,-,81551434757,,,,,,,가구/인테리어,수예,수예용품/부자재,,자체제작,자체브랜드,,,,N,N,N,,,,http://shop1.phinf.naver.net/20181231_287/es84214_1546246738577eCM99_JPEG/69553039203000936_686775459.jpg,,,,Y,2018-12-31 17:59:32,2026-02-10 15:30:00,
,4006906115,,(일본서적)  코바늘-자수실로 짜는 작은 꽃 파우치,스마트스토어,,,판매중지,전시중,43432,18500,18500,,,N,N,N,,,,,1.0%,0,0,0,0,0,,,,오늘출발,"평일 16시00분까지 결제 완료된 주문

",기본 배송비 묶음그룹,조건부 무료,선결제,2500,2500,5000,N,Y,-,81551426508,,,,,,,가구/인테리어,수예,수예용품/부자재,,자체제작,자체브랜드,,,,N,N,N,,,,http://shop1.phinf.naver.net/20181231_145/es84214_1546246676058C6A6h_JPEG/69552976684749432_1285379619.jpg,,,,Y,2018-12-31 17:58:26,2026-02-10 15:30:00,
,4006898262,,(일본서적) 코바늘-자수실로 짜는 작은 뜨개인형,스마트스토어,,,판매중지,전시중,3424,17000,17000,,,N,N,N,,,,,1.0%,0,0,0,0,0,,,,오늘출발,"평일 16시00분까지 결제 완료된 주문

",기본 배송비 묶음그룹,조건부 무료,선결제,2500,2500,5000,N,Y,-,81551418655,,,,,,,가구/인테리어,수예,수예용품/부자재,,자체제작,자체브랜드,,,,N,N,N,,,,http://shop1.phinf.naver.net/20181231_176/es84214_15462466065781rrp5_JPEG/69552907204621497_659084740.jpg,,,,Y,2018-12-31 17:57:27,2026-02-10 15:30:00,
,4006882669,,일본서적 코바늘 자수실로 짜는 윈터 모티프,스마트스토어,,,판매중,전시중,34242,17500,17500,,,N,N,N,,,,,1.0%,0,0,0,0,0,,,,오늘출발,"평일 16시00분까지 결제 완료된 주문

",기본 배송비 묶음그룹,조건부 무료,선결제,3000,3000,6000,N,Y,-,81551403062,,,,,,,가구/인테리어,수예,수예용품/부자재,,스팃스,스팃스,,,,N,N,N,,,,http://shop1.phinf.naver.net/20181231_38/es84214_1546246459812l4X1H_JPEG/69552760437800689_1348115457.jpg,,,,Y,2018-12-31 17:55:22,2026-06-17 15:19:43,
,3959861852,,36-281 크로바 피복절단가위-20cm★★(n),스마트스토어,,,판매중지,전시중,43234,59000,59000,,,N,N,N,,,,,1.0%,0,0,0,0,0,,,,오늘출발,"평일 16시00분까지 결제 완료된 주문

",기본 배송비 묶음그룹,조건부 무료,선결제,2500,2500,5000,N,Y,-,81504381986,,,,,,,가구/인테리어,수예,수예용품/부자재,,,,,,,N,N,N,,,,http://shop1.phinf.naver.net/20181221_49/es84214_1545365641828UPn1k_JPEG/28084500677104142_2027773006.jpg,,,,Y,2018-12-21 13:16:17,2020-02-03 14:41:01,
,3959844562,,36-282 크로바 피복절단가위-24cm★(n),스마트스토어,,,판매중지,전시중,34242,65000,65000,,,N,N,N,,,,,1.0%,0,0,0,0,0,,,,오늘출발,"평일 16시00분까지 결제 완료된 주문

",기본 배송비 묶음그룹,조건부 무료,선결제,2500,2500,5000,N,Y,-,81504364696,,,,,,,가구/인테리어,수예,수예용품/부자재,,,,,,,N,N,N,,,,http://shop1.phinf.naver.net/20181221_240/es84214_1545365554710QwMiy_JPEG/28084413559514586_2116962212.jpg,,,,Y,2018-12-21 13:13:02,2020-02-04 11:22:14,
,3959834943,,36-283 크로바 피복절단가위-24cm★★(n),스마트스토어,,,판매중지,전시중,43242,76000,76000,,,N,N,N,,,,,1.0%,0,0,0,0,0,,,,오늘출발,"평일 16시00분까지 결제 완료된 주문

",기본 배송비 묶음그룹,조건부 무료,선결제,2500,2500,5000,N,Y,-,81504355077,,,,,,,가구/인테리어,수예,수예용품/부자재,,,,,,,N,N,N,,,,http://shop1.phinf.naver.net/20181221_76/es84214_1545365443504zXfCG_JPEG/28084302339535531_1746932340.jpg,,,,Y,2018-12-21 13:11:27,2020-10-16 15:48:33,
,3959778501,,스팃스 DMC 자수실 반짝이 에뚜알사 35색 세트,스마트스토어,,,판매중,전시중,43239,87000,87000,,,N,N,N,,,,,1.0%,0,0,0,0,0,,,,오늘출발,"평일 16시00분까지 결제 완료된 주문

",기본 배송비 묶음그룹,조건부 무료,선결제,3000,3000,6000,N,Y,-,81504298635,,,,,,,가구/인테리어,수예,자수,실/바늘,DMC,DMC,11194,,,N,N,N,,,,https://shop-phinf.pstatic.net/20181221_151/es84214_15453631863847ySld_JPEG/68670366024404670_811446353.jpg,,,,Y,2018-12-21 13:03:29,2026-06-17 15:20:20,
,3959756364,,스팃스 DMC 자수실 반짝이 에뚜알사 35색 택1,스마트스토어,,,판매중,전시중,1513384,2500,2500,,,Y,N,N,,,,,1.0%,0,0,0,0,0,,,,오늘출발,"평일 16시00분까지 결제 완료된 주문

",기본 배송비 묶음그룹,조건부 무료,선결제,3000,3000,6000,N,Y,-,81504276498,,,,,,,가구/인테리어,수예,자수,실/바늘,DMC,DMC,11194,,,N,N,N,,,,http://shop1.phinf.naver.net/20181221_151/es84214_15453631863847ySld_JPEG/68670366024404670_811446353.jpg,,,,Y,2018-12-21 13:00:19,2026-06-17 15:21:01,
,3943202083,,(일본서적) 코바늘-자수실로짜는 미니어처레스토랑77,스마트스토어,,,판매중지,전시중,34240,17500,17500,,,N,N,N,,,,,1.0%,0,0,0,0,0,,,,오늘출발,"평일 16시00분까지 결제 완료된 주문

",기본 배송비 묶음그룹,조건부 무료,선결제,2500,2500,5000,N,Y,-,81487722119,,,,,,,가구/인테리어,수예,자수,도안,,,,,,N,N,N,,,,http://shop1.phinf.naver.net/20181218_133/es84214_1545115470370fIU1U_JPEG/27834329215659150_341591809.jpg,,,,Y,2018-12-18 15:45:02,2021-01-14 12:43:38,
,3943195977,,일본서적 펠트로 만드는 아이디어 도서,스마트스토어,,,판매중,전시중,342432,16500,16500,,,N,N,N,,,,,1.0%,0,0,0,0,0,,,,오늘출발,"평일 16시00분까지 결제 완료된 주문

",기본 배송비 묶음그룹,조건부 무료,선결제,3000,3000,6000,N,Y,-,81487716013,,,,,,,가구/인테리어,수예,자수,도안,,,,,,N,N,N,,,,http://shop1.phinf.naver.net/20181218_191/es84214_15451153755003woVC_JPEG/27834234347188012_1011251326.jpg,,,,Y,2018-12-18 15:43:55,2026-06-17 15:21:38,
,3922948181,,스팃스 면사 베리에이션 200색 세트 면사158색상 베리에이션사 42색상 자수실세트,스마트스토어,,,판매중,전시중,34241,54000,54000,,,N,N,N,,,,,1.0%,0,0,0,0,0,,,,오늘출발,"평일 16시00분까지 결제 완료된 주문

",기본 배송비 묶음그룹,조건부 무료,선결제,3000,3000,6000,N,Y,-,81467468217,,,,,,,가구/인테리어,수예,자수,실/바늘,스팃스,스팃스,,,,N,N,N,,,,http://shop1.phinf.naver.net/20181213_286/es84214_15446711566853tyVG_JPEG/27390015533120294_634113240.jpg,,,,Y,2018-12-13 12:21:49,2026-06-17 15:22:17,
,3922756331,,스팃스 케이크 타워 무지원단 실 십자수 패키지 도안 실 원단 포함 풀세트,스마트스토어,,,판매중,전시중,43242,24000,24000,,,N,N,N,,,,,1.0%,0,0,0,0,0,,,,오늘출발,"평일 16시00분까지 결제 완료된 주문

",기본 배송비 묶음그룹,무료,,0,3000,6000,N,Y,-,81467276367,,,,,,,가구/인테리어,수예,자수,도안,스팃스,스팃스,,,,N,N,N,,,,http://shop1.phinf.naver.net/20181213_10/es84214_1544666349387sDNWa_JPEG/67973529030462908_98859448.jpg,,,,Y,2018-12-13 11:01:06,2026-06-17 15:22:55,
,3922753372,,스팃스 정원 무지원단 실 십자수 패키지 도안 실 원단 포함 풀세트,스마트스토어,,,판매중,전시중,432430,27000,27000,,,N,N,N,,,,,1.0%,0,0,0,0,0,,,,오늘출발,"평일 16시00분까지 결제 완료된 주문

",기본 배송비 묶음그룹,무료,,0,3000,6000,N,Y,-,81467273408,,,,,,,가구/인테리어,수예,자수,도안,스팃스,스팃스,,,,N,N,N,,,,http://shop1.phinf.naver.net/20181213_263/es84214_1544666585322IFQDq_JPEG/27385444170898650_1307621973.jpg,,,,Y,2018-12-13 10:58:24,2026-06-17 15:23:33,
,3922750782,,스팃스 크로버 요정 무지원단 실 십자수 패키지 도안 실 원단 포함 풀세트,스마트스토어,,,판매중,전시중,43249,27000,27000,,,N,N,N,,,,,1.0%,0,0,0,0,0,,,,오늘출발,"평일 16시00분까지 결제 완료된 주문

",기본 배송비 묶음그룹,무료,,0,3000,6000,N,Y,-,81467270818,,,,,,,가구/인테리어,수예,자수,도안,스팃스,스팃스,,,,N,N,N,,,,http://shop1.phinf.naver.net/20181213_66/es84214_1544666121297wYuN1_JPEG/67973300939953421_111725851.jpg,,,,Y,2018-12-13 10:56:01,2026-06-17 15:24:11,
,3922749146,,사과소녀 실 십자수 패키지 (도안+원단+실+바늘),스마트스토어,,,판매중지,전시중,34242,24000,24000,,,N,N,N,,,,,1.0%,0,0,0,0,0,,,,오늘출발,"평일 16시00분까지 결제 완료된 주문

",기본 배송비 묶음그룹,무료,,0,3000,6000,N,Y,-,81467269182,,,,,,,가구/인테리어,수예,자수,도안,자체제작,자체브랜드,,,,N,N,N,,,,http://shop1.phinf.naver.net/20181213_229/es84214_1544666027562z2Xbw_JPEG/67973207062470547_1061515844.jpg,,,,Y,2018-12-13 10:54:34,2026-02-10 15:30:00,
,3922745175,,스팃스 패치토끼 무지원단 실 십자수 패키지 도안 실 원단 포함 풀세트,스마트스토어,,,판매중,전시중,34241,24000,24000,,,N,N,N,,,,,1.0%,0,0,0,0,0,,,,오늘출발,"평일 16시00분까지 결제 완료된 주문

",기본 배송비 묶음그룹,무료,,0,3000,6000,N,Y,-,81467265211,,,,,,,가구/인테리어,수예,자수,도안,스팃스,스팃스,,,,N,N,N,,,,http://shop1.phinf.naver.net/20181213_46/es84214_15446656960104lJGl_JPEG/27384554716260370_995412907.jpg,,,,Y,2018-12-13 10:51:12,2026-06-17 15:24:50,
,3922741041,,스팃스 라벤더 요정 무지원단 실 십자수 패키지 도안 실 원단 포함 풀세트,스마트스토어,,,판매중,전시중,34242,24000,24000,,,N,N,N,,,,,1.0%,0,0,0,0,0,,,,오늘출발,"평일 16시00분까지 결제 완료된 주문

",기본 배송비 묶음그룹,무료,,0,3000,6000,N,Y,-,81467261077,,,,,,,가구/인테리어,수예,자수,도안,스팃스,스팃스,,,,N,N,N,,,,http://shop1.phinf.naver.net/20181213_281/es84214_1544665583746heKw9_JPEG/27384442596105543_220031233.jpg,,,,Y,2018-12-13 10:47:10,2026-06-17 15:25:29,
,3922739040,,스팃스 노엘 크리스마스 무지원단 실 십자수 패키지 도안 실 원단 포함 풀세트,스마트스토어,,,판매중,전시중,43241,27000,27000,,,N,N,N,,,,,1.0%,0,0,0,0,0,,,,오늘출발,"평일 16시00분까지 결제 완료된 주문

",기본 배송비 묶음그룹,무료,,0,3000,6000,N,Y,-,81467259076,,,,,,,가구/인테리어,수예,자수,도안,스팃스,스팃스,,,,N,N,N,,,,http://shop1.phinf.naver.net/20181213_143/es84214_15446653482034GnKA_JPEG/27296527858398911_1317428165.jpg,,,,Y,2018-12-13 10:44:54,2026-06-17 15:26:09,
,3865625742,,일본서적 펠트로 만드는 귀여운 꽃과 스위트,스마트스토어,,,판매중,전시중,43239,17800,17800,,,N,N,N,,,,,1.0%,0,0,0,0,0,,,,오늘출발,"평일 16시00분까지 결제 완료된 주문

",기본 배송비 묶음그룹,조건부 무료,선결제,3000,3000,6000,N,Y,-,81410145755,,,,,,,가구/인테리어,수예,자수,도안,,,,,,N,N,N,,,,https://shop-phinf.pstatic.net/20181128_224/es84214_1543376673232yUg5d_JPEG/26007852883571156_852505003.jpg,,,,Y,2018-11-28 12:50:13,2026-06-17 15:26:48,
,3865610692,,(일본서적)  양모펠트로 만드는 귀여운 애완동물,스마트스토어,,,판매중지,전시중,34240,17000,17000,,,N,N,N,,,,,1.0%,0,0,0,0,0,,,,오늘출발,"평일 16시00분까지 결제 완료된 주문

",기본 배송비 묶음그룹,조건부 무료,선결제,3000,3000,6000,N,Y,-,81410130705,,,,,,,가구/인테리어,수예,자수,도안,,,,,,N,N,N,,,,http://shop1.phinf.naver.net/20181128_68/es84214_1543376791900d1W8u_JPEG/66683092524129458_730835288.jpg,,,,Y,2018-11-28 12:47:48,2024-03-18 12:51:28,
,3865598801,,(일본서적) 펠트꽃 만드는 방법 BOOK,스마트스토어,,,판매중지,전시중,34241,14200,14200,,,N,N,N,,,,,1.0%,0,0,0,0,0,,,,오늘출발,"평일 16시00분까지 결제 완료된 주문

",기본 배송비 묶음그룹,조건부 무료,선결제,2500,2500,5000,N,Y,-,81410118814,,,,,,,가구/인테리어,수예,자수,도안,,,,,,N,N,N,,,,http://shop1.phinf.naver.net/20181128_18/es84214_1543376680165YFNWy_JPEG/26007859816518230_2047795969.jpg,,,,Y,2018-11-28 12:45:54,2019-06-17 10:37:24,
,3865584048,,일본서적 펠트양모로 만드는 화풍 소품,스마트스토어,,,판매중,전시중,34229,16500,16500,,,N,N,N,,,,,1.0%,0,0,0,0,0,,,,오늘출발,"평일 16시00분까지 결제 완료된 주문

",기본 배송비 묶음그룹,조건부 무료,선결제,3000,3000,6000,N,Y,-,81410104061,,,,,,,가구/인테리어,수예,자수,도안,,,,,,N,N,N,,,,http://shop1.phinf.naver.net/20181128_237/es84214_1543376305945PUTa0_JPEG/26095164789187635_1511580681.jpg,,,,Y,2018-11-28 12:43:36,2026-02-13 18:21:49,
,3835357190,,스팃스 펠트지 원단 40종 세트 30x30cm 컬러 부직포 DIY 만들기 자수 천,스마트스토어,,,판매중,전시중,43222,18000,18000,,,N,N,N,,,,,1.0%,0,0,0,0,0,,,,오늘출발,"평일 16시00분까지 결제 완료된 주문

",기본 배송비 묶음그룹,조건부 무료,선결제,3000,3000,6000,N,Y,-,81379877273,,,,,,,가구/인테리어,수예,퀼트/펠트,원단,스팃스,스팃스,,,,N,N,N,,,,http://shop1.phinf.naver.net/20181121_195/es84214_1542774594790SjOm2_JPEG/25405774444028584_1708961344.JPG,,,,Y,2018-11-21 13:30:39,2026-06-17 15:28:03,
,3835329295,,스팃스 2mm 펠트지 원단 연결발송가능 1/4마 14종 택1,스마트스토어,2mm 펠트지 원단(연결발송가능) 1/4마~ - 14종 택1,,판매중,전시중,6053775,2500,2500,,,Y,N,N,,,,,1.0%,0,0,0,0,0,,,,오늘출발,"평일 16시00분까지 결제 완료된 주문

",기본 배송비 묶음그룹,조건부 무료,선결제,3000,3000,6000,N,Y,-,81379849378,,,,,,,가구/인테리어,수예,퀼트/펠트,원단,스팃스,스팃스,,,,N,N,N,,,,https://shop-phinf.pstatic.net/20181121_236/es84214_1542774345221fq3NB_JPEG/66081524858160225_564217364.jpg,,,,Y,2018-11-21 13:26:48,2026-06-17 15:28:44,
,3835243130,,스팃스 특대형 대나무 원형 수틀 37cm 41cm 프랑스자수 십자수 diy 공예 자수틀,스마트스토어,,,판매중,전시중,668384,8000,8000,,,Y,N,N,,,,,1.0%,0,0,0,0,0,,,,오늘출발,"평일 16시00분까지 결제 완료된 주문

",기본 배송비 묶음그룹,조건부 무료,선결제,3000,3000,6000,N,Y,-,81379763213,,,,,,,가구/인테리어,수예,수예용품/부자재,,스팃스,스팃스,,,,N,N,N,,,,http://shop1.phinf.naver.net/20181121_150/es84214_15427735717710wwA7_JPEG/66080751411162908_2028154259.jpg,,,,Y,2018-11-21 13:15:07,2026-06-17 15:29:25,
,3808822683,,스팃스 미니 수예가위 4.5인치 휜날,스마트스토어,,,판매중,전시중,43195,3500,3500,,,N,N,N,,,,,1.0%,0,0,0,0,0,,,,오늘출발,"평일 16시00분까지 결제 완료된 주문

",기본 배송비 묶음그룹,조건부 무료,선결제,3000,3000,6000,N,Y,-,81353340813,,,,,,,가구/인테리어,수예,수예용품/부자재,,스팃스,스팃스,,,,N,N,N,,,,http://shop1.phinf.naver.net/20181115_70/es84214_1542265675253vEmxx_JPEG/65572854893546955_458549209.JPG,,,,Y,2018-11-15 16:08:48,2026-02-20 12:56:04,
,3808816876,,스팃스 DIY 부자재 연결링 연결고리 핸드폰고리링 O링형 10개,스마트스토어,,,판매중,전시중,129613,500,500,,,Y,N,N,,,,,1.0%,0,0,0,0,0,,,,오늘출발,"평일 16시00분까지 결제 완료된 주문

",기본 배송비 묶음그룹,조건부 무료,선결제,3000,3000,6000,N,Y,-,81353335006,,,,,,,가구/인테리어,수예,수예용품/부자재,,스팃스,스팃스,,,,N,N,N,,,,http://shop1.phinf.naver.net/20181115_85/es84214_1542265522834jj1de_JPEG/65572702470649054_857909831.jpg,,,,Y,2018-11-15 16:06:28,2026-06-17 15:30:42,
,3808811843,,스팃스 DIY 부자재 연결링 연결고리 핸드폰고리링 고리형 10개,스마트스토어,,,판매중,전시중,77446,500,500,,,Y,N,N,,,,,1.0%,0,0,0,0,0,,,,오늘출발,"평일 16시00분까지 결제 완료된 주문

",기본 배송비 묶음그룹,조건부 무료,선결제,3000,3000,6000,N,Y,-,81353329973,,,,,,,가구/인테리어,수예,수예용품/부자재,,스팃스,스팃스,,,,N,N,N,,,,http://shop1.phinf.naver.net/20181115_169/es84214_1542265409889vK2mr_JPEG/65572589524727765_1512508235.jpg,,,,Y,2018-11-15 16:04:31,2026-06-17 15:31:24,
,3808802776,,스팃스 인형 눈 2개 DIY 공예 니들펠트 만들기 부자재,스마트스토어,,,판매중,전시중,215663,300,300,,,Y,N,N,,,,,1.0%,0,0,0,0,0,,,,오늘출발,"평일 16시00분까지 결제 완료된 주문

",기본 배송비 묶음그룹,조건부 무료,선결제,3000,3000,6000,N,Y,-,81353320906,,,,,,,가구/인테리어,수예,수예용품/부자재,,스팃스,스팃스,,,,N,N,N,,,,http://shop1.phinf.naver.net/20181115_47/es84214_1542264961333NPitK_JPEG/65572140850322895_1485657236.JPG,,,,Y,2018-11-15 16:01:05,2026-06-17 15:32:05,
,3808782174,,스팃스 폼폼메이커 세트 4개입,스마트스토어,,,판매중,전시중,43226,5000,5000,,,N,N,N,,,,,1.0%,0,0,0,0,0,,,,오늘출발,"평일 16시00분까지 결제 완료된 주문

",기본 배송비 묶음그룹,조건부 무료,선결제,3000,3000,6000,N,Y,-,81353300304,,,,,,,가구/인테리어,수예,수예용품/부자재,,스팃스,스팃스,,,,N,N,N,,,,http://shop1.phinf.naver.net/20181115_60/es84214_1542264696327PGuwg_JPEG/24895875983053776_1126195287.jpg,,,,Y,2018-11-15 15:53:03,2026-02-20 12:56:04,
,3808771600,,스팃스 니들펠트 양모펠트 기본침 교체침  7개입,스마트스토어,,,판매중,전시중,34241,4000,4000,,,N,N,N,,,,,1.0%,0,0,0,0,0,,,,오늘출발,"평일 16시00분까지 결제 완료된 주문

",기본 배송비 묶음그룹,조건부 무료,선결제,3000,3000,6000,N,Y,-,81353289730,,,,,,,가구/인테리어,수예,퀼트/펠트,패키지,스팃스,스팃스,,,,N,N,N,,,,http://shop1.phinf.naver.net/20181115_146/es84214_1542264425982pVEja_JPEG/24895605507714837_995507229.JPG,,,,Y,2018-11-15 15:48:40,2026-06-17 15:33:40,
,3808764516,,스팃스 니들펠트 양모펠트 마무리용 교체침  3개입,스마트스토어,,,판매중,전시중,342422,3500,3500,,,N,N,N,,,,,1.0%,0,0,0,0,0,,,,오늘출발,"평일 16시00분까지 결제 완료된 주문

",기본 배송비 묶음그룹,조건부 무료,선결제,3000,3000,6000,N,Y,-,81353282646,,,,,,,가구/인테리어,수예,퀼트/펠트,패키지,스팃스,스팃스,,,,N,N,N,,,,http://shop1.phinf.naver.net/20181115_188/es84214_1542264179966fgYHq_JPEG/24895359621928509_806676752.JPG,,,,Y,2018-11-15 15:45:59,2026-06-17 15:34:22,
,3710129816,,스팃스 보빈함포함 면사 베리에이션 84색 자수실세트  프랑스자수 십자수실세트,스마트스토어,,,판매중,전시중,34233,20400,20400,,,N,N,N,,,,,1.0%,0,0,0,0,0,,,,오늘출발,"평일 16시00분까지 결제 완료된 주문

",기본 배송비 묶음그룹,조건부 무료,선결제,3000,3000,6000,N,Y,-,81254647621,,,,,,,가구/인테리어,수예,자수,실/바늘,스팃스,스팃스,,,,N,N,N,,,,http://shop1.phinf.naver.net/20181025_293/es84214_1540455158936vrEQX_JPEG/63761459562166616_1226642396.JPG,,,,Y,2018-10-25 17:14:30,2026-02-20 12:56:04,
,3710098958,,스팃스 보빈함포함 베리에이션 42색 베리에이션 자수실세트 십자수실세트,스마트스토어,,,판매중,전시중,43239,12000,12000,,,N,N,N,,,,,1.0%,0,0,0,0,0,,,,오늘출발,"평일 16시00분까지 결제 완료된 주문

",기본 배송비 묶음그룹,조건부 무료,선결제,3000,3000,6000,N,Y,-,81254616763,,,,,,,가구/인테리어,수예,자수,실/바늘,스팃스,스팃스,,,,N,N,N,,,,http://shop1.phinf.naver.net/20181025_270/es84214_1540454614046Ta7xQ_JPEG/23173472893232133_739795460.JPG,,,,Y,2018-10-25 17:09:56,2026-06-17 15:35:43,
,3699328062,,스팃스 드림캐쳐 마크라메 메탈 링 10종택1 DIY 공예용 O링 쇠링,스마트스토어,드림캐쳐/마크라메 메탈 링(10종택1) / DIY 공예용 O링 쇠링,,판매중,전시중,404964,1800,1300,500원,,Y,N,N,,,,,1.0%,0,0,0,0,0,,,,오늘출발,"평일 16시00분까지 결제 완료된 주문

",기본 배송비 묶음그룹,조건부 무료,선결제,3000,3000,6000,N,Y,-,81243845866,,,,,,,가구/인테리어,수예,수예용품/부자재,,스팃스,스팃스,,,,N,N,N,,,,https://shop-phinf.pstatic.net/20181026_45/es84214_1540518063380Pc5GI_JPEG/63825223000160956_1213458350.JPG,,,,Y,2018-10-23 11:32:31,2026-06-17 15:36:27,
,3672600356,,(일본니들펠트서적)  양모펠트 마스코트 - COLLECTION 2,스마트스토어,,,판매중지,전시중,34242,16900,16900,,,N,N,N,,,,,1.0%,0,0,0,0,0,,,,오늘출발,"평일 16시00분까지 결제 완료된 주문

",기본 배송비 묶음그룹,조건부 무료,선결제,2500,2500,5000,N,Y,-,81217118142,,,,,,,가구/인테리어,수예,자수,도안,,,,,,N,N,N,,,,http://shop1.phinf.naver.net/20181017_287/es84214_1539749323630VBYF1_JPEG/63055624257367748_1324818012.jpg,,,,Y,2018-10-17 13:09:20,2019-02-28 19:39:23,
,3672586703,,일본서적 양모펠트 꽃브로치-사계절 사랑스러운 꽃,스마트스토어,,,판매중,전시중,34242,18000,18000,,,N,N,N,,,,,1.0%,0,0,0,0,0,,,,오늘출발,"평일 16시00분까지 결제 완료된 주문

",기본 배송비 묶음그룹,조건부 무료,선결제,3000,2500,5000,N,Y,-,81217104400,,,,,,,가구/인테리어,수예,자수,도안,,,,,,N,N,N,,,,https://shop-phinf.pstatic.net/20181017_79/es84214_1539749210764K70ux_JPEG/63056390406135672_1776817109.jpg,,,,Y,2018-10-17 13:07:20,2026-06-17 15:37:07,
,3672576643,,일본서적 양모 펠트로 만드는 작은 동물 잡화,스마트스토어,,,판매중,전시중,34242,17000,17000,,,N,N,N,,,,,1.0%,0,0,0,0,0,,,,오늘출발,"평일 16시00분까지 결제 완료된 주문

",기본 배송비 묶음그룹,조건부 무료,선결제,3000,3000,6000,N,Y,-,81217094340,,,,,,,가구/인테리어,수예,자수,도안,,,,,,N,N,N,,,,http://shop1.phinf.naver.net/20181017_117/es84214_1539749136679imQwB_JPEG/63056316320364017_2074994128.jpg,,,,Y,2018-10-17 13:05:46,2026-06-17 15:37:48,
,3672559924,,(일본니들펠트서적) 양모펠트의 럭키 동물마스코트,스마트스토어,,,판매중지,전시중,34241,17000,17000,,,N,N,N,,,,,1.0%,0,0,0,0,0,,,,오늘출발,"평일 16시00분까지 결제 완료된 주문

",기본 배송비 묶음그룹,조건부 무료,선결제,2500,2500,5000,N,Y,-,81217077621,,,,,,,가구/인테리어,수예,자수,도안,,,,,,N,N,N,,,,http://shop1.phinf.naver.net/20181017_234/es84214_1539748950487TgeXR_JPEG/63056110106653145_1229772162.jpg,,,,Y,2018-10-17 13:03:07,2019-03-18 10:25:12,
,3672546169,,일본서적  양모 펠트의 쉬운 테크닉,스마트스토어,,,판매중,전시중,343234,15600,15600,,,N,N,N,,,,,1.0%,0,0,0,0,0,,,,오늘출발,"평일 16시00분까지 결제 완료된 주문

",기본 배송비 묶음그룹,조건부 무료,선결제,3000,3000,6000,N,Y,-,81217063866,,,,,,,가구/인테리어,수예,자수,도안,,,,,,N,N,N,,,,http://shop1.phinf.naver.net/20181017_251/es84214_1539748767940CWvNi_JPEG/22379947471751283_2085527897.jpg,,,,Y,2018-10-17 13:00:58,2026-06-17 15:38:30,
,3631648010,,자수서적 부록포함 Simple Stylish 귀여운 자수 Vol.01,스마트스토어,,,판매중,전시중,452340,8000,8000,,,N,N,N,,,,,1.0%,0,0,0,0,0,,,,오늘출발,"평일 16시00분까지 결제 완료된 주문

",기본 배송비 묶음그룹,조건부 무료,선결제,3000,3000,6000,N,Y,-,81176165576,,,,,,,가구/인테리어,수예,자수,도안,,,,,,N,N,N,,,,http://shop1.phinf.naver.net/20181008_117/es84214_1538978695917vmdQs_PNG/62284996537422110_1103939977.png,,,,Y,2018-10-08 15:06:30,2026-06-17 15:39:11,
,3631631601,,자수서적 아오키카즈코의 자수  산책 수첩,스마트스토어,,,판매중,전시중,34240,18900,18900,,,N,N,N,,,,,1.0%,0,0,0,0,0,,,,오늘출발,"평일 16시00분까지 결제 완료된 주문

",기본 배송비 묶음그룹,조건부 무료,선결제,3000,3000,6000,N,Y,-,81176149167,,,,,,,가구/인테리어,수예,자수,도안,,,,,,N,N,N,,,,http://shop1.phinf.naver.net/20181008_99/es84214_1538978563356v1mfu_JPEG/62285742998115494_704511239.jpg,,,,Y,2018-10-08 15:03:12,2026-06-17 15:39:53,
,3629565881,,스팃스 후직스 모코 MOCO 자수실세트 단색 60색 ,스마트스토어,,,판매중,전시중,34240,140000,140000,,,N,N,N,,,,,1.0%,0,0,0,0,0,,,,오늘출발,"평일 16시00분까지 결제 완료된 주문

",기본 배송비 묶음그룹,조건부 무료,선결제,3000,3000,6000,N,Y,-,81174083447,,,,,,,가구/인테리어,수예,자수,실/바늘,,,,,,N,N,N,,,,http://shop1.phinf.naver.net/20181007_264/es84214_15389000262056iNfR_JPEG/21618885053150472_1211711523.JPG,,,,Y,2018-10-07 17:22:02,2026-02-13 18:21:49,
,3599140924,,스팃스 DMC 자수실 ART.116 8번사 콘사 자수실,스마트스토어,,,판매중,전시중,99999982,3900,3900,,,Y,N,N,,,,,1.0%,0,0,0,0,0,,,,오늘출발,"평일 16시00분까지 결제 완료된 주문

",기본 배송비 묶음그룹,조건부 무료,선결제,3000,3000,6000,N,Y,-,81143658275,,,,,,,가구/인테리어,수예,자수,실/바늘,DMC,DMC,11194,,,N,N,N,,,,http://shop1.phinf.naver.net/20180930_268/es84214_1538278683404kgI9N_JPEG/20909863059177892_1650976813.jpg,,,,Y,2018-09-30 12:40:04,2026-06-17 15:41:16,
,3599136149,,스팃스 DMC 자수실 ART.116 8번사 복합사 콘사 태팅 레이스실 18색 택1,스마트스토어,,,판매중,전시중,7783559,3900,3900,,,Y,N,N,,,,,1.0%,0,0,0,0,0,,,,오늘출발,"평일 16시00분까지 결제 완료된 주문

",기본 배송비 묶음그룹,조건부 무료,선결제,3000,3000,6000,N,Y,-,81143653500,,,,,,,가구/인테리어,수예,자수,실/바늘,DMC,DMC,11194,,,N,N,N,,,,http://shop1.phinf.naver.net/20251230_186/1767076396534pxsi3_JPEG/11575393501520908_1484025143.jpg,,,,Y,2018-09-30 12:36:42,2026-06-17 15:42:00,
,3504503578,,자수서적 파리의 수예점 십자수 400,스마트스토어,,,판매중,전시중,34248,24000,24000,,,N,N,N,,,,,1.0%,0,0,0,0,0,,,,오늘출발,"평일 16시00분까지 결제 완료된 주문

",기본 배송비 묶음그룹,조건부 무료,선결제,3000,3000,6000,N,Y,-,81049020862,,,,,,,가구/인테리어,수예,자수,도안,,,,,,N,N,N,,,,http://shop1.phinf.naver.net/20180906_37/es84214_1536206836346bLa9p_JPEG/59514015987517059_24053580.jpg,,,,Y,2018-09-06 13:07:41,2026-06-17 15:42:42,
,3504500434,,스팃스 니들팰트  양모펠트 양모솜 만들기툴 세트,스마트스토어,,,판매중,전시중,343432,5200,5200,,,N,N,N,,,,,1.0%,0,0,0,0,0,,,,오늘출발,"평일 16시00분까지 결제 완료된 주문

",기본 배송비 묶음그룹,조건부 무료,선결제,3000,3000,6000,N,Y,-,81049017718,,,,,,,가구/인테리어,수예,퀼트/펠트,패키지,스팃스,스팃스,,,,N,N,N,,,,http://shop1.phinf.naver.net/20180906_8/es84214_1536206715430JsfQs_JPEG/59513895073209031_809387216.JPG,,,,Y,2018-09-06 13:06:42,2026-06-17 15:43:25,
,3478100657,,스팃스 니들펠트 양모펠트 공예 취미 스타터 35색세트,스마트스토어,,,판매중,전시중,28854,35000,35000,,,N,N,N,,,,,1.0%,0,0,0,0,0,,,,오늘출발,"평일 16시00분까지 결제 완료된 주문

",기본 배송비 묶음그룹,조건부 무료,선결제,3000,3000,6000,N,Y,-,81022617794,,,,,,,가구/인테리어,수예,퀼트/펠트,패키지,스팃스,스팃스,,,,N,N,N,,,,http://shop1.phinf.naver.net/20180524_203/es84214_1527134568075J8Q6o_JPEG/50441727682540436_198853061.jpg,,,,Y,2018-08-30 11:10:27,2026-06-17 15:44:09,
,3459554673,,자수서적  연속무늬로 즐기는 간단 자수,스마트스토어,,,판매중,전시중,34236,14600,14600,,,N,N,N,,,,,1.0%,0,0,0,0,0,,,,오늘출발,"평일 16시00분까지 결제 완료된 주문

",기본 배송비 묶음그룹,조건부 무료,선결제,3000,3000,6000,N,Y,-,81004071769,,,,,,,가구/인테리어,수예,자수,도안,,,,,,N,N,N,,,,http://shop1.phinf.naver.net/20180824_187/es84214_1535088064210bWxoV_JPEG/58394364836125098_690270869.jpg,,,,Y,2018-08-24 14:22:22,2026-06-17 15:44:52,
,3459544853,,자수서적 자수소품 및 악세사리,스마트스토어,,,판매중,전시중,54252,17800,17800,,,N,N,N,,,,,1.0%,0,0,0,0,0,,,,오늘출발,"평일 16시00분까지 결제 완료된 주문

",기본 배송비 묶음그룹,조건부 무료,선결제,3000,3000,6000,N,Y,-,81004061949,,,,,,,가구/인테리어,수예,자수,도안,,,,,,N,N,N,,,,http://shop1.phinf.naver.net/20180824_188/es84214_1535087972331iJt85_JPEG/58394272956147596_2123971919.jpg,,,,Y,2018-08-24 14:20:16,2026-06-17 15:45:35,
,3459535761,,(일본자수서적) 개정판 - 북유럽풍의 작고 귀여운 코긴 자수,스마트스토어,,,판매중지,전시중,432432,14000,14000,,,N,N,N,,,,,1.0%,0,0,0,0,0,,,,오늘출발,"평일 16시00분까지 결제 완료된 주문

",기본 배송비 묶음그룹,조건부 무료,선결제,2500,2500,5000,N,Y,-,81004052857,,,,,,,가구/인테리어,수예,자수,도안,,,,,,N,N,N,,,,http://shop1.phinf.naver.net/20180824_87/es84214_1535087851613fsVBM_JPEG/58394152240863279_1638736304.jpg,,,,Y,2018-08-24 14:18:29,2020-09-01 10:27:36,
,3459526838,,(일본자수서적)  오구라 유키코의 비즈 자수 기초,스마트스토어,,,판매중지,전시중,34241,17500,17500,,,N,N,N,,,,,1.0%,0,0,0,0,0,,,,오늘출발,"평일 16시00분까지 결제 완료된 주문

",기본 배송비 묶음그룹,조건부 무료,선결제,2500,2500,5000,N,Y,-,81004043934,,,,,,,가구/인테리어,수예,자수,도안,,,,,,N,N,N,,,,http://shop1.phinf.naver.net/20180824_247/es84214_1535087633677rUeUR_JPEG/17718813332194990_1794300845.JPG,,,,Y,2018-08-24 14:16:18,2022-05-09 10:13:54,
,3459505537,,자수서적  자수 스티치의 바이블,스마트스토어,,,판매중,전시중,42431,18000,18000,,,N,N,N,,,,,1.0%,0,0,0,0,0,,,,오늘출발,"평일 16시00분까지 결제 완료된 주문

",기본 배송비 묶음그룹,조건부 무료,선결제,3000,3000,6000,N,Y,-,81004022633,,,,,,,가구/인테리어,수예,자수,도안,,,,,,N,N,N,,,,http://shop1.phinf.naver.net/20180824_173/es84214_1535087433664dSjJ1_JPEG/58394613305047266_1881212353.jpg,,,,Y,2018-08-24 14:11:18,2026-06-17 15:46:17,
,3459492794,,(일본자수서적) 오노에메구미 - 십자수의 동화 자수,스마트스토어,,,판매중지,전시중,342420,19800,19800,,,N,N,N,,,,,1.0%,0,0,0,0,0,,,,오늘출발,"평일 16시00분까지 결제 완료된 주문

",기본 배송비 묶음그룹,조건부 무료,선결제,2500,2500,5000,N,Y,-,81004009890,,,,,,,가구/인테리어,수예,자수,도안,,,,,,N,N,N,,,,http://shop1.phinf.naver.net/20180824_44/es84214_1535087094704J7rb1_JPEG/17718274357709196_557615859.jpg,,,,Y,2018-08-24 14:08:22,2021-01-14 10:28:08,
,3336058580,,스팃스 ANCHOR 앵커 메탈릭사 7색상 택1,스마트스토어,,,판매중,전시중,13672,4500,4500,,,Y,N,N,,,,,1.0%,0,0,0,0,0,,,,오늘출발,"평일 16시00분까지 결제 완료된 주문

",기본 배송비 묶음그룹,조건부 무료,선결제,3000,3000,6000,N,Y,-,80866146149,,,,,,,가구/인테리어,수예,자수,실/바늘,ANCHOR,ANCHOR,13102,,,N,N,N,,,,https://shop-phinf.pstatic.net/20180725_26/es84214_1532490932306JN88L_JPEG/15209791155873823_1112748152.jpg,,,,Y,2018-07-25 12:57:39,2026-02-13 18:35:23,
,3329391408,,스팃스 ANCHOR 독일 앵커 자수실 444색 풀세트,스마트스토어,,,판매중,전시중,234230,355000,355000,,,N,N,N,,,,,1.0%,0,0,0,0,0,,,,오늘출발,"평일 16시00분까지 결제 완료된 주문

",기본 배송비 묶음그룹,조건부 무료,선결제,3000,3000,6000,N,Y,-,80843743449,,,,,,,가구/인테리어,수예,자수,실/바늘,ANCHOR,ANCHOR,13102,,,N,N,N,,,,http://shop1.phinf.naver.net/20180724_52/es84214_1532403190487oDask_JPEG/15034370140677527_1593116127.jpg,,,,Y,2018-07-24 13:02:40,2026-06-17 15:47:41,
,3329361549,,스팃스 ANCHOR 앵커 베리에이션 자수실 24색 택1,스마트스토어,,,판매중,전시중,1037643,1200,1200,,,Y,N,N,,,,,1.0%,0,0,0,0,0,,,,오늘출발,"평일 16시00분까지 결제 완료된 주문

",기본 배송비 묶음그룹,조건부 무료,선결제,3000,3000,6000,N,Y,-,80843712161,,,,,,,가구/인테리어,수예,자수,실/바늘,ANCHOR,ANCHOR,13102,,,N,N,N,,,,http://shop1.phinf.naver.net/20180724_171/es84214_15324042523581ItEK_JPEG/55710552981221299_874643941.JPG,,,,Y,2018-07-24 12:55:37,2026-06-17 15:48:25,
,3329319582,,스팃스 ANCHOR 앵커 복합사 자수실 16색 세트,스마트스토어,,,판매중,전시중,6919058,12800,12800,,,N,N,N,,,,,1.0%,0,0,0,0,0,,,,오늘출발,"평일 16시00분까지 결제 완료된 주문

",기본 배송비 묶음그룹,조건부 무료,선결제,3000,3000,6000,N,Y,-,80843663885,,,,,,,가구/인테리어,수예,자수,실/바늘,,ANCHOR,13102,,,N,N,N,,,,http://shop1.phinf.naver.net/20180724_201/es84214_1532403667141Co2YU_JPEG/15034846794755696_305448667.JPG,,,,Y,2018-07-24 12:45:44,2026-02-13 18:35:23,
,3329316769,,스팃스 ANCHOR 앵 앵커 복합사 자수실 16색 택1,스마트스토어,,,판매중,전시중,6918885,800,800,,,Y,N,N,,,,,1.0%,0,0,0,0,0,,,,오늘출발,"평일 16시00분까지 결제 완료된 주문

",기본 배송비 묶음그룹,조건부 무료,선결제,3000,3000,6000,N,Y,-,80843660991,,,,,,,가구/인테리어,수예,자수,실/바늘,,ANCHOR,13102,,,N,N,N,,,,http://shop1.phinf.naver.net/20180724_201/es84214_1532403667141Co2YU_JPEG/15034846794755696_305448667.JPG,,,,Y,2018-07-24 12:45:02,2026-06-17 15:49:49,
,3329292274,,스팃스 ANCHOR 독일 앵커 자수실 444색상  십자수 프랑스자수 택1,스마트스토어,,,판매중,전시중,232540,800,800,,,Y,N,N,,,,,1.0%,0,0,0,0,0,,,,오늘출발,"평일 16시00분까지 결제 완료된 주문

",기본 배송비 묶음그룹,조건부 무료,선결제,3000,3000,6000,N,Y,-,80843635676,,,,,,,가구/인테리어,수예,자수,실/바늘,ANCHOR,ANCHOR,13102,,,N,N,N,,,,http://shop1.phinf.naver.net/20180724_52/es84214_1532403190487oDask_JPEG/15034370140677527_1593116127.jpg,,,,Y,2018-07-24 12:39:24,2026-06-17 15:50:35,
,3279329692,,스팃스 46 369 크로바  점보 뜨개바늘 25mm 2개입,스마트스토어,,,판매중,전시중,43243,19600,19600,,,N,N,N,,,,,1.0%,0,0,0,0,0,,,,오늘출발,"평일 16시00분까지 결제 완료된 주문

",기본 배송비 묶음그룹,조건부 무료,선결제,3000,3000,6000,N,Y,-,80777069672,,,,,,,가구/인테리어,수예,뜨개질,뜨개질바늘,,,,,,N,N,N,,,,http://shop1.phinf.naver.net/20180717_100/es84214_1531800771195HVqne_JPEG/14519630043387624_749569463.jpg,,,,Y,2018-07-17 13:15:13,2026-06-17 15:51:21,
,3175489245,,보석십자수) 소녀 (택1),스마트스토어,,,판매중지,전시중,8666,16000,16000,,,Y,N,N,,,,,1.0%,0,0,0,0,0,,,,오늘출발,"평일 16시00분까지 결제 완료된 주문

",기본 배송비 묶음그룹,무료,,0,2500,5000,N,Y,-,80673233694,,,,,,,가구/인테리어,수예,보석십자수,,자체제작,자체브랜드,,,,N,N,N,,,,http://shop1.phinf.naver.net/20180704_203/es84214_1530680093544RrQL2_JPEG/13311273200872384_1588937747.jpg,,,,Y,2018-07-04 13:55:41,2026-02-10 15:30:00,
,3175473154,,보석십자수) 백조 소녀,스마트스토어,,,판매중지,전시중,4323,18000,18000,,,N,N,N,,,,,1.0%,0,0,0,0,0,,,,오늘출발,"평일 16시00분까지 결제 완료된 주문

",기본 배송비 묶음그룹,무료,,0,2500,5000,N,Y,-,80673217603,,,,,,,가구/인테리어,수예,보석십자수,,자체제작,자체브랜드,,,,N,N,N,,,,http://shop1.phinf.naver.net/20180704_282/es84214_1530679979742m6BhY_JPEG/13311159395435560_253265029.jpg,,,,Y,2018-07-04 13:53:19,2026-02-10 15:30:00,
,3175467350,,보석십자수) 트리플 키즈 - SET,스마트스토어,,,판매중지,전시중,2342,22000,22000,,,N,N,N,,,,,1.0%,0,0,0,0,0,,,,오늘출발,"평일 16시00분까지 결제 완료된 주문

",기본 배송비 묶음그룹,무료,,0,2500,5000,N,Y,-,80673211834,,,,,,,가구/인테리어,수예,보석십자수,,자체제작,자체브랜드,,,,N,N,N,,,,http://shop1.phinf.naver.net/20180704_49/es84214_1530679920107t332g_JPEG/13311099762675659_637994623.jpg,,,,Y,2018-07-04 13:52:28,2026-02-10 15:30:00,
,3175460351,,스팃스 토끼 30x40 보석십자수 도안형 DIY 키트 감성 풍경 자수,스마트스토어,,,판매중,전시중,4354,17000,17000,,,N,N,N,,,,,1.0%,0,0,0,0,0,,,,오늘출발,"평일 16시00분까지 결제 완료된 주문

",기본 배송비 묶음그룹,무료,,0,3000,6000,N,Y,-,80673204800,,,,,,,가구/인테리어,수예,보석십자수,,스팃스,스팃스,,,,N,N,N,,,,http://shop1.phinf.naver.net/20260604_121/17805587058734C7dB_JPEG/3080735918442453_1743092894.jpg,,,,Y,2018-07-04 13:51:28,2026-06-17 15:52:08,
,3175454537,,보석십자수) 푸른 연꽃,스마트스토어,,,판매중지,전시중,2554,33000,33000,,,N,N,N,,,,,1.0%,0,0,0,0,0,,,,오늘출발,"평일 16시00분까지 결제 완료된 주문

",기본 배송비 묶음그룹,무료,,0,2500,5000,N,Y,-,80673198986,,,,,,,가구/인테리어,수예,보석십자수,,자체제작,자체브랜드,,,,N,N,N,,,,http://shop1.phinf.naver.net/20180704_164/es84214_1530679808007mTlSO_JPEG/13310987662901084_1973116421.jpg,,,,Y,2018-07-04 13:50:38,2026-02-10 15:30:00,
,3175448039,,보석십자수) SO LOVED - SET,스마트스토어,,,판매중지,전시중,4324,38000,38000,,,N,N,N,,,,,1.0%,0,0,0,0,0,,,,오늘출발,"평일 16시00분까지 결제 완료된 주문

",기본 배송비 묶음그룹,무료,,0,2500,5000,N,Y,-,80673192488,,,,,,,가구/인테리어,수예,보석십자수,,자체제작,자체브랜드,,,,N,N,N,,,,http://shop1.phinf.naver.net/20180704_127/es84214_1530679747995EBLio_JPEG/13310927495150065_1415338213.jpg,,,,Y,2018-07-04 13:49:38,2026-02-10 15:30:00,
,3175434279,,스팃스 핑크 튤립 보석십자수 도안형 DIY 키트 감성 풍경 자수,스마트스토어,,,판매중,전시중,4321,25000,25000,,,N,N,N,,,,,1.0%,0,0,0,0,0,,,,오늘출발,"평일 16시00분까지 결제 완료된 주문

",기본 배송비 묶음그룹,무료,,0,3000,6000,N,Y,-,80673178810,,,,,,,가구/인테리어,수예,보석십자수,,스팃스,스팃스,,,,N,N,N,,,,http://shop1.phinf.naver.net/20260530_277/1780148947183begnD_PNG/113902145646830669_1127562241.png,,,,Y,2018-07-04 13:47:49,2026-06-17 15:52:51,
,3175423095,,보석십자수) 모란 (택1),스마트스토어,,,판매중지,전시중,86846,17000,17000,,,Y,N,N,,,,,1.0%,0,0,0,0,0,,,,오늘출발,"평일 16시00분까지 결제 완료된 주문

",기본 배송비 묶음그룹,무료,,0,2500,5000,N,N,-,80673167544,,,,,,,가구/인테리어,수예,보석십자수,,자체제작,자체브랜드,,,,N,N,N,,,,http://shop1.phinf.naver.net/20180704_295/es84214_1530679491951c57eE_JPEG/13310671605799421_1187776673.jpg,,,,Y,2018-07-04 13:46:24,2026-02-10 15:30:00,
,3121448541,,스팃스 모사용 실리콘 코바늘 9종 택1 소프트 그립 개별 낱개 뜨개질 바늘,스마트스토어,,,판매중,전시중,3898927,1400,1400,,,Y,N,N,,,,,1.0%,0,0,0,0,0,,,,오늘출발,"평일 16시00분까지 결제 완료된 주문

",기본 배송비 묶음그룹,조건부 무료,선결제,3000,3000,6000,N,Y,-,80619192789,,,,,,,가구/인테리어,수예,자수,실/바늘,스팃스,스팃스,,,,N,N,N,,,,http://shop1.phinf.naver.net/20180627_228/es84214_1530085308968GcI2K_JPEG/53391609592757038_1316454651.jpg,,,,Y,2018-06-27 16:56:36,2026-02-20 12:56:04,
,3102844958,,"(일본자수서적)꽃,풍경,동물 - 십자수",스마트스토어,,,판매중지,전시중,43231,20000,20000,,,N,N,N,,,,,1.0%,0,0,0,0,0,,,,오늘출발,"평일 16시00분까지 결제 완료된 주문

",기본 배송비 묶음그룹,조건부 무료,선결제,3000,3000,6000,N,Y,-,80600589206,,,,,,,가구/인테리어,수예,자수,도안,,,,,,N,N,N,,,,http://shop1.phinf.naver.net/20180625_47/es84214_1529892979926tbu66_JPEG/12524159578335285_43448979.jpg,,,,Y,2018-06-25 11:17:29,2023-11-13 10:50:35,
,3081984111,,스팃스 2단 미니 보빈함 케이스 자수실 실감개 정리함 보관함 휴대용 부자재,스마트스토어,,,판매중,전시중,34182,3800,3800,,,N,N,N,,,,,1.0%,0,0,0,0,0,,,,오늘출발,"평일 16시00분까지 결제 완료된 주문

",기본 배송비 묶음그룹,조건부 무료,선결제,3000,3000,6000,N,Y,-,80579728359,,,,,,,생활/건강,수납/정리용품,정리함,소품정리함,스팃스,스팃스,,,,N,N,N,,,,http://shop1.phinf.naver.net/20180621_131/es84214_1529562173821zE9Sk_JPEG/52869353463315728_1061819445.jpg,,,,Y,2018-06-21 15:23:56,2026-06-17 15:54:22,
,3081967970,,스팃스 6칸 미니 보빈함 케이스 자수실 실감개 정리함 보관함 휴대용 부자재,스마트스토어,,,판매중,전시중,34148,1800,1800,,,N,N,N,,,,,1.0%,0,0,0,0,0,,,,오늘출발,"평일 16시00분까지 결제 완료된 주문

",기본 배송비 묶음그룹,조건부 무료,선결제,3000,3000,6000,N,Y,-,80579712218,,,,,,,생활/건강,수납/정리용품,정리함,소품정리함,스팃스,스팃스,,,,N,N,N,,,,http://shop1.phinf.naver.net/20180621_283/es84214_1529562002195u1uie_JPEG/52869181817622825_100578566.jpg,,,,Y,2018-06-21 15:21:21,2026-02-20 12:56:04,
,3001592377,,스팃스 양모 펠트펀처 전용 스폰지 매트 2사이즈,스마트스토어,,,판매중,전시중,86459,2500,2500,,,Y,N,N,,,,,1.0%,0,0,0,0,0,,,,오늘출발,"평일 16시00분까지 결제 완료된 주문

",기본 배송비 묶음그룹,조건부 무료,선결제,3000,3000,6000,N,Y,-,80499336378,,,,,,,가구/인테리어,수예,퀼트/펠트,패키지,스팃스,스팃스,,,,N,N,N,,,,http://shop1.phinf.naver.net/20180607_90/es84214_1528359989014cLfAL_JPEG/51666289638151783_1930335971.jpg,,,,Y,2018-06-07 17:26:50,2026-06-17 15:55:53,
,3001587962,,스팃스 SKC 양모 니들펠트  7본침,스마트스토어,,,판매중,전시중,43242,9000,9000,,,N,N,N,,,,,1.0%,0,0,0,0,0,,,,오늘출발,"평일 16시00분까지 결제 완료된 주문

",기본 배송비 묶음그룹,조건부 무료,선결제,3000,3000,6000,N,Y,-,80499331963,,,,,,,가구/인테리어,수예,퀼트/펠트,패키지,,,,,,N,N,N,,,,http://shop1.phinf.naver.net/20180607_3/es84214_1528359916776aCouE_JPEG/51666217404242464_910565961.jpg,,,,Y,2018-06-07 17:25:47,2026-06-17 15:56:39,
,3001584088,,스팃스 SKC 양모 니들펠트 - 1본침,스마트스토어,,,판매중,전시중,43241,4500,4500,,,N,N,N,,,,,1.0%,0,0,0,0,0,,,,오늘출발,"평일 16시00분까지 결제 완료된 주문

",기본 배송비 묶음그룹,조건부 무료,선결제,3000,3000,6000,N,Y,-,80499328089,,,,,,,가구/인테리어,수예,퀼트/펠트,패키지,,,,,,N,N,N,,,,http://shop1.phinf.naver.net/20180607_177/es84214_1528359873411N3kju_JPEG/51666174038951718_1936763517.jpg,,,,Y,2018-06-07 17:24:54,2026-06-17 15:57:25,
,3001581114,,스팃스 SKC 양모 니들펠트 - 3본침,스마트스토어,,,판매중,전시중,4321,5200,5200,,,N,N,N,,,,,1.0%,0,0,0,0,0,,,,오늘출발,"평일 16시00분까지 결제 완료된 주문

",기본 배송비 묶음그룹,조건부 무료,선결제,3000,3000,6000,N,Y,-,80499325115,,,,,,,가구/인테리어,수예,퀼트/펠트,패키지,,,,,,N,N,N,,,,http://shop1.phinf.naver.net/20180607_23/es84214_1528359814226fHu00_JPEG/51666114757570782_66327619.jpg,,,,Y,2018-06-07 17:24:12,2026-06-17 15:58:12,
,3001576634,,스팃스 양모 니들펠트 전용 브러쉬 매트,스마트스토어,,,판매중,전시중,43242,8500,8500,,,N,N,N,,,,,1.0%,0,0,0,0,0,,,,오늘출발,"평일 16시00분까지 결제 완료된 주문

",기본 배송비 묶음그룹,조건부 무료,선결제,3000,3000,6000,N,Y,-,80499320635,,,,,,,가구/인테리어,수예,퀼트/펠트,패키지,,,,,,N,N,N,,,,http://shop1.phinf.naver.net/20180607_91/es84214_1528359752530MdbkT_JPEG/51666053156264630_1705313921.JPG,,,,Y,2018-06-07 17:23:07,2026-06-17 15:58:57,
,3001527060,,[일본자수서적]작은 리본 자수 - 플라워,스마트스토어,,,판매중지,전시중,43242,17000,17000,,,N,N,N,,,,,1.0%,0,0,0,0,0,,,,오늘출발,"평일 16시00분까지 결제 완료된 주문

",기본 배송비 묶음그룹,조건부 무료,선결제,3000,3000,6000,N,Y,-,80499271061,,,,,,,가구/인테리어,수예,자수,도안,,,,,,N,N,N,,,,http://shop1.phinf.naver.net/20180607_280/es84214_15283591305105UEXo_JPEG/51666290131309757_805564103.jpg,,,,Y,2018-06-07 17:12:42,2025-11-17 10:47:42,
,2977919870,,스팃스 블루퍼퓸 무지원단 실 십자수 패키지 도안 실 원단 포함 풀세트,스마트스토어,,,판매중,전시중,43239,26000,26000,,,N,N,N,,,,,1.0%,0,0,0,0,0,,,,오늘출발,"평일 16시00분까지 결제 완료된 주문

",기본 배송비 묶음그룹,무료,,0,3000,6000,N,Y,-,80475663848,,,,,,,가구/인테리어,수예,자수,패키지,스팃스,스팃스,,,,N,N,N,,,,http://shop1.phinf.naver.net/20180602_46/es84214_1527914857782EiCsI_JPEG/10633716629012422_910217457.jpg,,,,Y,2018-06-02 13:48:19,2026-02-20 12:56:04,
,2977913376,,스팃스 로즈 무지원단 실 십자수 패키지 도안 실 원단 포함 풀세트,스마트스토어,,,판매중,전시중,43242,26000,26000,,,N,N,N,,,,,1.0%,0,0,0,0,0,,,,오늘출발,"평일 16시00분까지 결제 완료된 주문

",기본 배송비 묶음그룹,무료,,0,3000,6000,N,Y,-,80475657354,,,,,,,가구/인테리어,수예,자수,패키지,스팃스,스팃스,,,,N,N,N,,,,http://shop1.phinf.naver.net/20180602_205/es84214_1527914811619eKkyk_JPEG/10633670467326232_300367824.jpg,,,,Y,2018-06-02 13:47:13,2026-02-20 12:56:04,
,2977908712,,스팃스 웨딩케이크 무지원단 실 십자수 패키지 도안 실 원단 포함 풀세트,스마트스토어,,,판매중,전시중,17999,26000,26000,,,N,N,N,,,,,1.0%,0,0,0,0,0,,,,오늘출발,"평일 16시00분까지 결제 완료된 주문

",기본 배송비 묶음그룹,무료,,0,3000,6000,N,Y,-,80475652690,,,,,,,가구/인테리어,수예,자수,패키지,스팃스,스팃스,,,,N,N,N,,,,http://shop1.phinf.naver.net/20180602_210/es84214_1527914752385qh3P5_JPEG/10633611232216103_1215359501.jpg,,,,Y,2018-06-02 13:46:27,2026-02-20 12:56:04,
,2977898396,,스팃스 과일 무지원단 실 십자수 패키지 도안 실 원단 포함 풀세트,스마트스토어,,,판매중,전시중,34240,24000,24000,,,N,N,N,,,,,1.0%,0,0,0,0,0,,,,오늘출발,"평일 16시00분까지 결제 완료된 주문

",기본 배송비 묶음그룹,무료,,0,3000,6000,N,Y,-,80475642374,,,,,,,가구/인테리어,수예,자수,패키지,스팃스,스팃스,,,,N,N,N,,,,http://shop1.phinf.naver.net/20180602_250/es84214_1527914569542eyY5a_JPEG/10633428389219059_194996149.jpg,,,,Y,2018-06-02 13:44:45,2026-06-17 16:01:47,
,2977865589,,스팃스 데이지 무지원단 실 십자수 패키지 도안 실 원단 포함 풀세트,스마트스토어,,,판매중,전시중,43242,23000,23000,,,N,N,N,,,,,1.0%,0,0,0,0,0,,,,오늘출발,"평일 16시00분까지 결제 완료된 주문

",기본 배송비 묶음그룹,무료,,0,3000,6000,N,Y,-,80475609567,,,,,,,가구/인테리어,수예,자수,패키지,스팃스,스팃스,,,,N,N,N,,,,http://shop1.phinf.naver.net/20180602_9/es84214_15279137728446VSSn_JPEG/51220932466438507_2137309801.jpg,,,,Y,2018-06-02 13:39:07,2026-06-17 16:02:33,
,2967637882,,[일본자수서적] 마음이 설레는 자수 도안집 로맨틱자수 300,스마트스토어,,,판매중지,전시중,43241,19000,19000,,,N,N,N,,,,,1.0%,0,0,0,0,0,,,,오늘출발,"평일 16시00분까지 결제 완료된 주문

",기본 배송비 묶음그룹,조건부 무료,선결제,2500,2500,5000,N,Y,-,80465381860,,,,,,,가구/인테리어,수예,자수,도안,,,,,,N,N,N,,,,http://shop1.phinf.naver.net/20180531_288/es84214_15277386934828KgYX_JPEG/51045853102429281_1807123707.jpg,,,,Y,2018-05-31 12:51:55,2022-11-15 14:51:59,
,2967633868,,[일본자수서적] 자수 하기 좋은 날 Vol.3,스마트스토어,,,판매중지,전시중,43241,15500,15500,,,N,N,N,,,,,1.0%,0,0,0,0,0,,,,오늘출발,"평일 16시00분까지 결제 완료된 주문

",기본 배송비 묶음그룹,조건부 무료,선결제,2500,2500,5000,N,Y,-,80465377846,,,,,,,가구/인테리어,수예,자수,도안,,,,,,N,N,N,,,,http://shop1.phinf.naver.net/20180531_118/es84214_1527738618727jH0SC_JPEG/51045778346543981_1901588165.jpg,,,,Y,2018-05-31 12:50:32,2019-02-28 19:39:23,
,2967626303,,자수서적 annas의 간단자수 통원 천소품,스마트스토어,,,판매중,전시중,34242,22000,22000,,,N,N,N,,,,,1.0%,0,0,0,0,0,,,,오늘출발,"평일 16시00분까지 결제 완료된 주문

",기본 배송비 묶음그룹,조건부 무료,선결제,3000,3000,6000,N,Y,-,80465370281,,,,,,,가구/인테리어,수예,자수,도안,,,,,,N,N,N,,,,http://shop1.phinf.naver.net/20180531_52/es84214_152773846214396sUD_JPEG/51044762770184006_1170962483.jpg,,,,Y,2018-05-31 12:48:05,2026-06-17 16:03:18,
,2967620976,,크로바 올풀림 방지 본드 20g,스마트스토어,,,판매중지,전시중,43242,5200,5200,,,N,N,N,,,,,1.0%,0,0,0,0,0,,,,오늘출발,"평일 16시00분까지 결제 완료된 주문

",기본 배송비 묶음그룹,조건부 무료,선결제,2500,2500,5000,N,Y,-,80465364954,,,,,,,가구/인테리어,수예,수예용품/부자재,,,,,,,N,N,N,,,,http://shop1.phinf.naver.net/20180531_39/es84214_1527738232498R2KgE_JPEG/51045412141672506_394232717.jpg,,,,Y,2018-05-31 12:46:23,2019-02-28 19:39:22,
,2935431298,,스팃스 니들펠트 양모펠트 스타터세트 프리미엄 70색,스마트스토어,,,판매중,전시중,34241,60000,60000,,,N,N,N,,,,,1.0%,0,0,0,0,0,,,,오늘출발,"평일 16시00분까지 결제 완료된 주문

",기본 배송비 묶음그룹,조건부 무료,선결제,3000,3000,6000,N,Y,-,80433175276,,,,,,,가구/인테리어,수예,퀼트/펠트,패키지,스팃스,스팃스,,,,N,N,N,,,,http://shop1.phinf.naver.net/20180524_203/es84214_1527134568075J8Q6o_JPEG/50441727682540436_198853061.jpg,,,,Y,2018-05-24 13:31:09,2026-06-17 16:04:04,
,2935424836,,스팃스 니들펠트 양모펠트 공예 취미 스타터세트 10색20색,스마트스토어,,,판매중,전시중,28842,17500,17500,,,Y,N,N,,,,,1.0%,0,0,0,0,0,,,,오늘출발,"평일 16시00분까지 결제 완료된 주문

",기본 배송비 묶음그룹,조건부 무료,선결제,3000,3000,6000,N,Y,-,80433168814,,,,,,,가구/인테리어,수예,퀼트/펠트,패키지,스팃스,스팃스,,,,N,N,N,,,,http://shop1.phinf.naver.net/20180524_203/es84214_1527134568075J8Q6o_JPEG/50441727682540436_198853061.jpg,,,,Y,2018-05-24 13:28:22,2026-06-17 16:04:52,
,2908136192,,스팃스 허니러브 무지원단 실 십자수 패키지 도안 실 원단 포함 풀세트,스마트스토어,,,판매중,전시중,34236,23000,23000,,,N,N,N,,,,,1.0%,0,0,0,0,0,,,,오늘출발,"평일 16시00분까지 결제 완료된 주문

",기본 배송비 묶음그룹,무료,,0,3000,6000,N,Y,-,80405880170,,,,,,,가구/인테리어,수예,자수,도안,스팃스,스팃스,,,,N,N,N,,,,http://shop1.phinf.naver.net/20180516_109/es84214_1526459421612bFDc6_JPEG/49765722235680469_2078382797.jpg,,,,Y,2018-05-16 17:31:09,2026-02-20 12:56:04,
,2908127871,,스팃스 소녀의 어린시절 무지원단 실 십자수 패키지 도안 실 원단 포함 풀세트,스마트스토어,,,판매중,전시중,34242,23000,23000,,,N,N,N,,,,,1.0%,0,0,0,0,0,,,,오늘출발,"평일 16시00분까지 결제 완료된 주문

",기본 배송비 묶음그룹,무료,,0,3000,6000,N,Y,-,80405871849,,,,,,,가구/인테리어,수예,자수,도안,스팃스,스팃스,,,,N,N,N,,,,http://shop1.phinf.naver.net/20180516_221/es84214_1526459330824i9zWk_JPEG/49765631450320220_882631086.jpg,,,,Y,2018-05-16 17:29:47,2026-06-17 16:06:19,
,2906955681,,스팃스 DMC 바늘 십자수 바늘세트 5-10호,스마트스토어,,,판매중,전시중,3416,5500,5500,,,N,N,N,,,,,1.0%,0,0,0,0,0,,,,오늘출발,"평일 16시00분까지 결제 완료된 주문

",기본 배송비 묶음그룹,조건부 무료,선결제,3000,3000,6000,N,Y,-,80404699659,,,,,,,가구/인테리어,수예,자수,실/바늘,DMC,DMC,11194,,,N,N,N,,,,https://shop-phinf.pstatic.net/20230908_150/1694149734529IB5Ll_JPEG/14503462496471755_1348748534.jpg,,,,Y,2018-05-16 14:42:03,2026-02-13 18:35:23,
,2906950799,,스팃스 DMC 바늘 십자수 바늘세트 1-5호,스마트스토어,,,판매중,전시중,34238,5500,5500,,,N,N,N,,,,,1.0%,0,0,0,0,0,,,,오늘출발,"평일 16시00분까지 결제 완료된 주문

",기본 배송비 묶음그룹,조건부 무료,선결제,3000,3000,6000,N,Y,-,80404694777,,,,,,,가구/인테리어,수예,자수,실/바늘,DMC,DMC,11194,,,N,N,N,,,,https://shop-phinf.pstatic.net/20230908_150/1694149767150q42Gg_JPEG/18895788841355840_1946049614.jpg,,,,Y,2018-05-16 14:41:28,2026-02-13 18:35:23,
,2906946690,,얼그레이플라워 20수 면100% 원단 1마,스마트스토어,,,판매중지,전시중,43242,5800,5800,,,N,N,N,,,,,1.0%,0,0,0,0,0,,,,오늘출발,"평일 16시00분까지 결제 완료된 주문

",기본 배송비 묶음그룹,조건부 무료,선결제,2500,2500,5000,N,Y,-,80404690668,,,,,,,가구/인테리어,수예,원단,,자체제작,자체브랜드,,,,N,N,N,,,,http://shop1.phinf.naver.net/20180516_247/es84214_1526449236015VAy0Y_JPEG/49756395634818924_1849908058.jpg,,,,Y,2018-05-16 14:40:52,2026-02-10 15:30:00,
,2906942211,,라라래빛 20수 면100% 원단 1마,스마트스토어,,,판매중지,전시중,434323,5800,5800,,,N,N,N,,,,,1.0%,0,0,0,0,0,,,,오늘출발,"평일 16시00분까지 결제 완료된 주문

",기본 배송비 묶음그룹,조건부 무료,선결제,2500,2500,5000,N,Y,-,80404686189,,,,,,,가구/인테리어,수예,원단,,자체제작,자체브랜드,,,,N,N,N,,,,http://shop1.phinf.naver.net/20180516_132/es84214_1526449197822YdKOC_JPEG/49756357441571760_1895380235.jpg,,,,Y,2018-05-16 14:40:16,2026-02-10 15:30:00,
,2906936463,,라일락 20수 면100% 원단 1마,스마트스토어,,,판매중지,전시중,4324,5800,5800,,,N,N,N,,,,,1.0%,0,0,0,0,0,,,,오늘출발,"평일 16시00분까지 결제 완료된 주문

",기본 배송비 묶음그룹,조건부 무료,선결제,2500,2500,5000,N,Y,-,80404680441,,,,,,,가구/인테리어,수예,원단,,자체제작,자체브랜드,,,,N,N,N,,,,http://shop1.phinf.naver.net/20180516_151/es84214_1526449153877A5MyI_JPEG/49756313498490068_2132819576.jpg,,,,Y,2018-05-16 14:39:32,2026-02-10 15:30:00,
,2906930172,,메일릴리 20수 면100% 원단 1마,스마트스토어,,,판매중지,전시중,4324,5800,5800,,,N,N,N,,,,,1.0%,0,0,0,0,0,,,,오늘출발,"평일 16시00분까지 결제 완료된 주문

",기본 배송비 묶음그룹,조건부 무료,선결제,2500,2500,5000,N,Y,-,80404674150,,,,,,,가구/인테리어,수예,원단,,자체제작,자체브랜드,,,,N,N,N,,,,http://shop1.phinf.naver.net/20180516_214/es84214_1526449105507V2fGi_JPEG/49756265006868803_1229098039.jpg,,,,Y,2018-05-16 14:38:45,2026-02-10 15:30:00,
,2906924205,,(일본자수서적) 스티치 IDEES vol-27,스마트스토어,,,판매중지,전시중,34242,15400,15400,,,N,N,N,,,,,1.0%,0,0,0,0,0,,,,오늘출발,"평일 16시00분까지 결제 완료된 주문

",기본 배송비 묶음그룹,조건부 무료,선결제,2500,2500,5000,N,Y,-,80404668183,,,,,,,가구/인테리어,수예,자수,도안,,,,,,N,N,N,,,,http://shop1.phinf.naver.net/20180516_6/es84214_1526449062780GPBrJ_JPEG/49756222398532350_25645709.jpg,,,,Y,2018-05-16 14:38:02,2021-05-28 10:00:24,
,2906917217,,자수서적 자수로 짜는 일상적인 옷차림,스마트스토어,,,판매중,전시중,34241,19000,19000,,,N,N,N,,,,,1.0%,0,0,0,0,0,,,,오늘출발,"평일 16시00분까지 결제 완료된 주문

",기본 배송비 묶음그룹,조건부 무료,선결제,3000,3000,6000,N,Y,-,80404661196,,,,,,,가구/인테리어,수예,자수,도안,,,,,,N,N,N,,,,http://shop1.phinf.naver.net/20180516_245/es84214_1526448994576o2jOY_JPEG/49756154197572347_982333295.jpg,,,,Y,2018-05-16 14:37:09,2026-06-17 16:08:32,
,2889801992,,스팃스 DMC 자수실 디아망뜨 메탈릭 자수실 14종 택1,스마트스토어,,,판매중,전시중,1199900,6400,6400,,,Y,N,N,,,,,1.0%,0,0,0,0,0,,,,오늘출발,"평일 16시00분까지 결제 완료된 주문

",기본 배송비 묶음그룹,조건부 무료,선결제,3000,3000,6000,N,Y,-,80387545970,,,,,,,가구/인테리어,수예,자수,실/바늘,DMC,DMC,11194,,,N,N,N,,,,http://shop1.phinf.naver.net/20180512_89/es84214_1526104414383w7erK_JPEG/49411574005284949_1186116616.jpg,,,,Y,2018-05-12 15:12:51,2026-06-17 16:09:21,
,2889721110,,스팃스 DMC 자수실 4번사 89번사 285색상 전색상 풀세트,스마트스토어,,,판매중,전시중,43240,540000,540000,,,N,N,N,,,,,1.0%,0,0,0,0,0,,,,오늘출발,"평일 16시00분까지 결제 완료된 주문

",기본 배송비 묶음그룹,조건부 무료,선결제,3000,3000,6000,N,Y,-,80387465088,,,,,,,가구/인테리어,수예,자수,실/바늘,DMC,DMC,11194,,,N,N,N,,,,http://shop1.phinf.naver.net/20180512_179/es84214_1526102552310KjfXi_JPEG/8733731964359261_1801060709.jpg,,,,Y,2018-05-12 14:52:29,2026-02-13 18:35:23,
,2889634527,,스팃스 DMC 자수실 4번사 89번사 프랑스자수 십자수 태피스트리 용 십자수실 택1,스마트스토어,,,판매중,전시중,43182,1900,1900,,,Y,N,N,,,,,1.0%,0,0,0,0,0,,,,오늘출발,"평일 16시00분까지 결제 완료된 주문

",기본 배송비 묶음그룹,조건부 무료,선결제,3000,3000,6000,N,Y,-,80387378505,,,,,,,가구/인테리어,수예,자수,실/바늘,DMC,DMC,11194,,,N,N,N,,,,https://shop-phinf.pstatic.net/20180512_179/es84214_1526102552310KjfXi_JPEG/8733731964359261_1801060709.jpg,,,,Y,2018-05-12 14:27:22,2026-06-17 16:11:20,
,2823348345,,스팃스 57 407 크로바 니들패치 자수용수틀 18cm,스마트스토어,,,판매중,전시중,43241,15600,15600,,,N,N,N,,,,,1.0%,0,0,0,0,0,,,,오늘출발,"평일 16시00분까지 결제 완료된 주문

",기본 배송비 묶음그룹,조건부 무료,선결제,3000,3000,6000,N,Y,-,80321092244,,,,,,,가구/인테리어,수예,수예용품/부자재,,,,,,,N,N,N,,,,http://shop1.phinf.naver.net/20180430_32/es84214_1525079027011xKLi9_JPEG/7797885859460874_2046150732.jpg,,,,Y,2018-04-30 18:04:15,2026-06-17 16:12:09,
,2792995102,,스팃스 앨범 무지원단 실 십자수 패키지 도안 실 원단 포함 풀세트,스마트스토어,,,판매중,전시중,43241,26000,26000,,,N,N,N,,,,,1.0%,0,0,0,0,0,,,,오늘출발,"평일 16시00분까지 결제 완료된 주문

",기본 배송비 묶음그룹,무료,,0,3000,6000,N,Y,-,80290738941,,,,,,,가구/인테리어,수예,자수,패키지,스팃스,스팃스,,,,N,N,N,,,,http://shop1.phinf.naver.net/20180424_95/es84214_1524535735537ond3H_JPEG/7254594385733108_1679129889.jpg,,,,Y,2018-04-24 11:09:11,2026-02-20 12:56:04,
,2792993159,,스팃스 강아지사랑 무지원단 실 십자수 패키지 도안 실 원단 포함 풀세트,스마트스토어,,,판매중,전시중,43240,24000,24000,,,N,N,N,,,,,1.0%,0,0,0,0,0,,,,오늘출발,"평일 16시00분까지 결제 완료된 주문

",기본 배송비 묶음그룹,무료,,0,3000,6000,N,Y,-,80290736997,,,,,,,가구/인테리어,수예,자수,패키지,스팃스,스팃스,,,,N,N,N,,,,http://shop1.phinf.naver.net/20180424_273/es84214_1524535698270vciOv_JPEG/7254557117863179_514828945.jpg,,,,Y,2018-04-24 11:08:34,2026-06-17 16:13:51,
,2792991391,,스팃스 핑크수국 무지원단 실 십자수 패키지 도안 실 원단 포함 풀세트,스마트스토어,,,판매중,전시중,43239,24000,24000,,,N,N,N,,,,,1.0%,0,0,0,0,0,,,,오늘출발,"평일 16시00분까지 결제 완료된 주문

",기본 배송비 묶음그룹,무료,,0,3000,6000,N,Y,-,80290735229,,,,,,,가구/인테리어,수예,자수,패키지,스팃스,스팃스,,,,N,N,N,,,,http://shop1.phinf.naver.net/20180424_193/es84214_1524535661118xgQEv_JPEG/7254519966745545_1097134797.jpg,,,,Y,2018-04-24 11:07:56,2026-02-20 12:56:04,
,2792989049,,스팃스 미모사 무지원단 실 십자수 패키지 도안 실 원단 포함 풀세트,스마트스토어,,,판매중,전시중,432342,24000,24000,,,N,N,N,,,,,1.0%,0,0,0,0,0,,,,오늘출발,"평일 16시00분까지 결제 완료된 주문

",기본 배송비 묶음그룹,무료,,0,3000,6000,N,Y,-,80290732887,,,,,,,가구/인테리어,수예,자수,패키지,스팃스,스팃스,,,,N,N,N,,,,http://shop1.phinf.naver.net/20180424_162/es84214_1524535626577OxgEL_JPEG/7254485425614687_265140056.jpg,,,,Y,2018-04-24 11:07:21,2026-02-20 12:56:04,
,2792986551,,스팃스 시스터즈 무지원단 실 십자수 패키지 도안 실 원단 포함 풀세트,스마트스토어,,,판매중,전시중,43242,23000,23000,,,N,N,N,,,,,1.0%,0,0,0,0,0,,,,오늘출발,"평일 16시00분까지 결제 완료된 주문

",기본 배송비 묶음그룹,무료,,0,3000,6000,N,Y,-,80290730389,,,,,,,가구/인테리어,수예,자수,패키지,스팃스,스팃스,,,,N,N,N,,,,http://shop1.phinf.naver.net/20180424_273/es84214_1524535009685rvAy9_JPEG/7166189338024063_918623277.jpg,,,,Y,2018-04-24 11:06:34,2026-02-20 12:56:04,
,2764284068,,스팃스 36 683 크로바 패치워크 가위 EX-170,스마트스토어,,,판매중,전시중,43236,41600,41600,,,N,N,N,,,,,1.0%,0,0,0,0,0,,,,오늘출발,"평일 16시00분까지 결제 완료된 주문

",기본 배송비 묶음그룹,조건부 무료,선결제,3000,3000,6000,N,Y,-,80262027815,,,,,,,가구/인테리어,수예,수예용품/부자재,,크로바,크로바,270,,,N,N,N,,,,https://shop-phinf.pstatic.net/20180418_83/es84214_1524025443998jrGa2_JPEG/6744302733746613_1562330482.jpg,,,,Y,2018-04-18 13:24:25,2026-06-17 16:17:15,
,2764281970,,36-682 크로바 패치워크 가위 휜날 EX- 135 (13.5cm),스마트스토어,,,판매중지,전시중,43241,41600,41600,,,N,N,N,,,,,1.0%,0,0,0,0,0,,,,오늘출발,"평일 16시00분까지 결제 완료된 주문

",기본 배송비 묶음그룹,조건부 무료,선결제,3000,3000,6000,N,Y,-,80262025717,,,,,,,가구/인테리어,수예,수예용품/부자재,,,,,,,N,N,N,,,,http://shop1.phinf.naver.net/20180418_121/es84214_1524025376101TSHcm_JPEG/6744234951128863_500883141.jpg,,,,Y,2018-04-18 13:23:26,2024-05-02 15:14:39,
,2764279779,,스팃스 36 681 크로바 패치워크 가위 EX-135,스마트스토어,,,판매중,전시중,4549,33600,33600,,,N,N,N,,,,,1.0%,0,0,0,0,0,,,,오늘출발,"평일 16시00분까지 결제 완료된 주문

",기본 배송비 묶음그룹,조건부 무료,선결제,3000,3000,6000,N,Y,-,80262023526,,,,,,,가구/인테리어,수예,수예용품/부자재,,,,,,,N,N,N,,,,http://shop1.phinf.naver.net/20180418_72/es84214_1524025299542oOPBt_JPEG/6744158273214670_1151511521.jpg,,,,Y,2018-04-18 13:22:24,2026-06-17 16:18:07,
,2764275466,,스팃스 양면 열 접착 심지 반마,스마트스토어,,,판매중,전시중,3382,2500,2500,,,N,N,N,,,,,1.0%,0,0,0,0,0,,,,오늘출발,"평일 16시00분까지 결제 완료된 주문

",기본 배송비 묶음그룹,조건부 무료,선결제,3000,3000,6000,N,Y,-,80262019213,,,,,,,가구/인테리어,수예,수예용품/부자재,,스팃스,스팃스,,,,N,N,N,,,,https://shop-phinf.pstatic.net/20180418_157/es84214_1524025225415Q0kis_JPEG/6744084264843191_1620183908.jpg,,,,Y,2018-04-18 13:21:00,2026-06-17 16:19:02,
,2744287131,,58-605 크로바 펠트펀처 니들펠트 브러쉬매트,스마트스토어,,,판매중,전시중,43235,10800,10800,,,N,N,N,,,,,1.0%,0,0,0,0,0,,,,오늘출발,"평일 16시00분까지 결제 완료된 주문

",기본 배송비 묶음그룹,조건부 무료,선결제,3000,3000,6000,N,Y,-,80242030878,,,,,,,가구/인테리어,수예,수예용품/부자재,,,,,,,N,N,N,,,,http://shop1.phinf.naver.net/20180413_108/es84214_15235856529814DWb3_JPEG/46892832622717537_1964635535.jpg,,,,Y,2018-04-13 11:14:29,2026-06-17 16:19:53,
,2744285638,,스팃스 58 604 크로바 니들펠트 펠트펀처용 스펀지매트,스마트스토어,,,판매중,전시중,43242,5400,5400,,,N,N,N,,,,,1.0%,0,0,0,0,0,,,,오늘출발,"평일 16시00분까지 결제 완료된 주문

",기본 배송비 묶음그룹,조건부 무료,선결제,3000,3000,6000,N,Y,-,80242029385,,,,,,,가구/인테리어,수예,수예용품/부자재,,,,,,,N,N,N,,,,http://shop1.phinf.naver.net/20180413_49/es84214_1523585613868cTOfD_JPEG/46892793508742448_1796553388.jpg,,,,Y,2018-04-13 11:13:50,2026-06-17 16:20:45,
,2744283505,,스팃스 58 603 크로바 펠트펀처 니들펠트 5구,스마트스토어,,,판매중,전시중,4321,19800,19800,,,N,N,N,,,,,1.0%,0,0,0,0,0,,,,오늘출발,"평일 16시00분까지 결제 완료된 주문

",기본 배송비 묶음그룹,조건부 무료,선결제,3000,3000,6000,N,Y,-,80242027252,,,,,,,가구/인테리어,수예,수예용품/부자재,,,,,,,N,N,N,,,,http://shop1.phinf.naver.net/20180413_159/es84214_1523585548939Sx5Md_JPEG/46892728582179551_1204592921.jpg,,,,Y,2018-04-13 11:12:50,2026-06-17 16:21:39,
,2744281747,,스팃스 58 610 크로바 니들펠트 펠트펀처 스타터 세트,스마트스토어,,,판매중,전시중,43241,14400,14400,,,N,N,N,,,,,1.0%,0,0,0,0,0,,,,오늘출발,"평일 16시00분까지 결제 완료된 주문

",기본 배송비 묶음그룹,조건부 무료,선결제,3000,3000,6000,N,Y,-,80242025494,,,,,,,가구/인테리어,수예,수예용품/부자재,,,,,,,N,N,N,,,,http://shop1.phinf.naver.net/20180413_113/es84214_1523585450150R0mbw_JPEG/46892629790875498_1836632453.jpg,,,,Y,2018-04-13 11:12:03,2026-02-13 18:35:23,
,2744278355,,스팃스 58 607 크로바 니들펠트 펠트펀처 교체침  두꺼운침,스마트스토어,,,판매중,전시중,43241,7800,7800,,,N,N,N,,,,,1.0%,0,0,0,0,0,,,,오늘출발,"평일 16시00분까지 결제 완료된 주문

",기본 배송비 묶음그룹,조건부 무료,선결제,3000,3000,6000,N,Y,-,80242022102,,,,,,,가구/인테리어,수예,수예용품/부자재,,,,,,,N,N,N,,,,http://shop1.phinf.naver.net/20180413_38/es84214_1523585400361At857_JPEG/46892580003666039_1964272640.jpg,,,,Y,2018-04-13 11:10:27,2026-06-17 16:23:24,
,2744275790,,스팃스 58 606 크로바 니들펠트 펠트펀처 교체침 일반침,스마트스토어,,,판매중,전시중,4320,7800,7800,,,N,N,N,,,,,1.0%,0,0,0,0,0,,,,오늘출발,"평일 16시00분까지 결제 완료된 주문

",기본 배송비 묶음그룹,조건부 무료,선결제,3000,3000,6000,N,Y,-,80242019537,,,,,,,가구/인테리어,수예,수예용품/부자재,,,,,,,N,N,N,,,,http://shop1.phinf.naver.net/20180413_257/es84214_1523585332166BNsk8_JPEG/46892511808836927_1637137765.jpg,,,,Y,2018-04-13 11:09:28,2026-06-17 16:24:20,
,2744272940,,스팃스 58 609 크로바 니들펠트 펠트펀처 교체침 마무리침,스마트스토어,,,판매중,전시중,3421,7800,7800,,,N,N,N,,,,,1.0%,0,0,0,0,0,,,,오늘출발,"평일 16시00분까지 결제 완료된 주문

",기본 배송비 묶음그룹,조건부 무료,선결제,3000,3000,6000,N,Y,-,80242016687,,,,,,,가구/인테리어,수예,수예용품/부자재,,,,,,,N,N,N,,,,http://shop1.phinf.naver.net/20180413_114/es84214_1523585282940uJQC8_JPEG/46892462542559179_1005695527.jpg,,,,Y,2018-04-13 11:08:23,2026-06-17 16:25:11,
,2744269790,,스팃스 58 602 크로바 니들펠트 펠트 펀처  3구,스마트스토어,,,판매중,전시중,4320,15600,15600,,,N,N,N,,,,,1.0%,0,0,0,0,0,,,,오늘출발,"평일 16시00분까지 결제 완료된 주문

",기본 배송비 묶음그룹,조건부 무료,선결제,3000,3000,6000,N,Y,-,80242013537,,,,,,,가구/인테리어,수예,수예용품/부자재,,크로바,크로바,,,,N,N,N,,,,https://shop-phinf.pstatic.net/20180413_227/es84214_1523585204087oH1yo_JPEG/46892383728079761_1804012939.jpg,,,,Y,2018-04-13 11:07:24,2026-06-17 16:26:07,
,2744267293,,스팃스 58 601 크로바 니들펠트 펠트펀처 1구,스마트스토어,,,판매중,전시중,3423,9600,9600,,,N,N,N,,,,,1.0%,0,0,0,0,0,,,,오늘출발,"평일 16시00분까지 결제 완료된 주문

",기본 배송비 묶음그룹,조건부 무료,선결제,3000,3000,6000,N,Y,-,80242011040,,,,,,,가구/인테리어,수예,수예용품/부자재,,크로바,크로바,,,,N,N,N,,,,https://shop-phinf.pstatic.net/20180413_242/es84214_15235851375143ejl1_JPEG/46892317156120853_1162953953.jpg,,,,Y,2018-04-13 11:06:14,2026-06-17 16:27:02,
,2744265003,,스팃스 58 608 크로바 펠트펀처 니들펠트 교체침 스피드침,스마트스토어,,,판매중,전시중,9999,7800,7800,,,N,N,N,,,,,1.0%,0,0,0,0,0,,,,오늘출발,"평일 16시00분까지 결제 완료된 주문

",기본 배송비 묶음그룹,조건부 무료,선결제,3000,3000,6000,N,Y,-,80242008750,,,,,,,가구/인테리어,수예,수예용품/부자재,,,,,,,N,N,N,,,,http://shop1.phinf.naver.net/20180413_130/es84214_1523585073963LK1em_JPEG/46892253606097390_433355636.jpg,,,,Y,2018-04-13 11:05:16,2026-02-13 18:35:23,
,2744261998,,스팃스 57 702 크로바 마그네틱핀쿠션,스마트스토어,,,판매중,전시중,3424,24000,24000,,,N,N,N,,,,,1.0%,0,0,0,0,0,,,,오늘출발,"평일 16시00분까지 결제 완료된 주문

",기본 배송비 묶음그룹,조건부 무료,선결제,3000,3000,6000,N,Y,-,80242005843,,,,,,,가구/인테리어,수예,수예용품/부자재,,,,,,,N,N,N,,,,http://shop1.phinf.naver.net/20180413_1/es84214_1523585008151YaaYN_JPEG/46892187792641321_1006019585.jpg,,,,Y,2018-04-13 11:04:10,2026-06-17 16:28:55,
,2744259237,,스팃스 57 704 크로바 팔목 자석 핀쿠션,스마트스토어,,,판매중지,전시중,34241,18200,18200,,,N,N,N,,,,,1.0%,0,0,0,0,0,,,,오늘출발,"평일 16시00분까지 결제 완료된 주문

",기본 배송비 묶음그룹,조건부 무료,선결제,3000,3000,6000,N,Y,-,80242002984,,,,,,,가구/인테리어,수예,수예용품/부자재,,,,,,,N,N,N,,,,http://shop1.phinf.naver.net/20180413_117/es84214_15235848199888wKCG_JPEG/6215999528822175_1685763534.jpg,,,,Y,2018-04-13 11:03:04,2026-05-29 12:35:46,
,2733802288,,스팃스 화원 무지원단 실 십자수 패키지 도안 실 원단 포함 풀세트,스마트스토어,,,판매중,전시중,4323,60000,60000,,,N,N,N,,,,,1.0%,0,0,0,0,0,,,,오늘출발,"평일 16시00분까지 결제 완료된 주문

",기본 배송비 묶음그룹,무료,,0,3000,6000,N,Y,-,80231546035,,,,,,,가구/인테리어,수예,자수,패키지,스팃스,스팃스,,,,N,N,N,,,,http://shop1.phinf.naver.net/20180411_252/es84214_1523413516403VF3lY_JPEG/6132375125959274_115372038.jpg,,,,Y,2018-04-11 11:26:41,2026-06-17 16:29:53,
,2727338916,,(일본자수서적) 자수의 기초와 귀여운 도안집,스마트스토어,,,판매중지,전시중,4241,11000,11000,,,N,N,N,,,,,1.0%,0,0,0,0,0,,,,오늘출발,"평일 16시00분까지 결제 완료된 주문

",기본 배송비 묶음그룹,조건부 무료,선결제,2500,2500,5000,N,Y,-,80225082663,,,,,,,가구/인테리어,수예,자수,도안,,,,,,N,N,N,,,,http://shop1.phinf.naver.net/20180410_121/es84214_1523326667536CLTf4_JPEG/6045526386001005_1641707179.jpg,,,,Y,2018-04-10 11:18:19,2022-12-01 13:24:07,
,2727336848,,자수서적 행복의 리본 자수,스마트스토어,,,판매중,전시중,42340,16500,16500,,,N,N,N,,,,,1.0%,0,0,0,0,0,,,,오늘출발,"평일 16시00분까지 결제 완료된 주문

",기본 배송비 묶음그룹,조건부 무료,선결제,3000,3000,6000,N,Y,-,80225080595,,,,,,,가구/인테리어,수예,자수,도안,,,,,,N,N,N,,,,http://shop1.phinf.naver.net/20180410_214/es84214_1523326621568LsqVg_JPEG/6045480417213872_1227701932.jpg,,,,Y,2018-04-10 11:17:24,2026-06-17 16:30:45,
,2727333556,,자수서적 사이스히사코의 야생화 십자수,스마트스토어,,,판매중,전시중,43238,19500,19500,,,N,N,N,,,,,1.0%,0,0,0,0,0,,,,오늘출발,"평일 16시00분까지 결제 완료된 주문

",기본 배송비 묶음그룹,조건부 무료,선결제,3000,3000,6000,N,Y,-,80225077303,,,,,,,가구/인테리어,수예,자수,도안,,,,,,N,N,N,,,,http://shop1.phinf.naver.net/20180410_13/es84214_1523326543436hVNMg_JPEG/6045402284561001_1828365608.jpg,,,,Y,2018-04-10 11:16:11,2026-06-17 16:31:44,
,2722263767,,스팃스 봄 3개세트 보석십자수 도안형 DIY 키트 감성 풍경 자수,스마트스토어,,,판매중,전시중,43240,35000,35000,,,N,N,N,,,,,1.0%,0,0,0,0,0,,,,오늘출발,"평일 16시00분까지 결제 완료된 주문

",기본 배송비 묶음그룹,무료,,0,3000,6000,N,Y,-,80220007514,,,,,,,가구/인테리어,수예,자수,패키지,스팃스,스팃스,,,,N,N,N,,,,http://shop1.phinf.naver.net/20260530_188/1780074936739A22A2_PNG/102884647396786669_246121594.png,,,,Y,2018-04-09 14:28:13,2026-05-30 03:47:43,
,2695930525,,스팃스 밤비알파벳 무지원단 실 십자수 패키지 도안 실 원단 포함 풀세트,스마트스토어,,,판매중,전시중,452428,26000,26000,,,N,N,N,,,,,1.0%,0,0,0,0,0,,,,오늘출발,"평일 16시00분까지 결제 완료된 주문

",기본 배송비 묶음그룹,무료,,0,3000,6000,N,Y,-,80193674272,,,,,,,가구/인테리어,수예,자수,패키지,스팃스,스팃스,,,,N,N,N,,,,http://shop1.phinf.naver.net/20180404_92/es84214_1522831932494Uku4i_JPEG/46139092112441433_234048830.jpg,,,,Y,2018-04-04 17:52:34,2026-02-20 12:56:04,
,2695924762,,스팃스 TEA 무지원단 실 십자수 패키지 도안 실 원단 포함 풀세트,스마트스토어,,,판매중,전시중,43241,26000,26000,,,N,N,N,,,,,1.0%,0,0,0,0,0,,,,오늘출발,"평일 16시00분까지 결제 완료된 주문

",기본 배송비 묶음그룹,무료,,0,3000,6000,N,Y,-,80193668509,,,,,,,가구/인테리어,수예,자수,패키지,스팃스,스팃스,,,,N,N,N,,,,http://shop1.phinf.naver.net/20180404_92/es84214_1522831881995vHnRm_JPEG/46139041614061841_1691903752.jpg,,,,Y,2018-04-04 17:51:45,2026-02-20 12:56:04,
,2695913199,,스팃스 테디 거품목욕 무지원단 실 십자수 패키지 도안 실 원단 포함 풀세트,스마트스토어,,,판매중,전시중,4319,36000,36000,,,N,N,N,,,,,1.0%,0,0,0,0,0,,,,오늘출발,"평일 16시00분까지 결제 완료된 주문

",기본 배송비 묶음그룹,무료,,0,3000,6000,N,Y,-,80193656946,,,,,,,가구/인테리어,수예,자수,패키지,스팃스,스팃스,,,,N,N,N,,,,http://shop1.phinf.naver.net/20180404_27/es84214_152283176763371e8R_JPEG/46138927245693200_292411524.jpg,,,,Y,2018-04-04 17:49:49,2026-06-17 16:35:30,
,2695907822,,스팃스 양귀비 무지원단 실 십자수 패키지 도안 실 원단 포함 풀세트,스마트스토어,,,판매중,전시중,34242,25000,25000,,,N,N,N,,,,,1.0%,0,0,0,0,0,,,,오늘출발,"평일 16시00분까지 결제 완료된 주문

",기본 배송비 묶음그룹,무료,,0,3000,6000,N,Y,-,80193651569,,,,,,,가구/인테리어,수예,자수,패키지,스팃스,스팃스,,,,N,N,N,,,,http://shop1.phinf.naver.net/20180404_133/es84214_1522831711803tTljR_JPEG/46138871422723063_514556240.jpg,,,,Y,2018-04-04 17:49:02,2026-02-20 12:56:04,
,2695901232,,스팃스 아이리스 무지원단 실 십자수 패키지 도안 실 원단 포함 풀세트,스마트스토어,,,판매중,전시중,34241,25000,25000,,,N,N,N,,,,,1.0%,0,0,0,0,0,,,,오늘출발,"평일 16시00분까지 결제 완료된 주문

",기본 배송비 묶음그룹,무료,,0,3000,6000,N,Y,-,80193644979,,,,,,,가구/인테리어,수예,자수,패키지,스팃스,스팃스,,,,N,N,N,,,,http://shop1.phinf.naver.net/20180404_212/es84214_15228316610319YFIs_JPEG/46138820648917542_1817580677.jpg,,,,Y,2018-04-04 17:48:07,2026-02-20 12:56:04,
,2658612278,,스팃스 사랑 고양이 보석십자수 도안형 DIY 키트 감성 풍경 자수,스마트스토어,,,판매중,전시중,43238,16000,16000,,,N,N,N,,,,,1.0%,0,0,0,0,0,,,,오늘출발,"평일 16시00분까지 결제 완료된 주문

",기본 배송비 묶음그룹,무료,,0,3000,6000,N,Y,-,80156355950,,,,,,,가구/인테리어,수예,자수,패키지,스팃스,스팃스,,,,N,N,N,,,,http://shop1.phinf.naver.net/20260530_202/1780079648502Uqwbn_PNG/4364409161540113_650181159.png,,,,Y,2018-03-28 17:29:10,2026-06-17 16:38:38,
,2658608524,,스팃스 달 토끼 보석십자수 도안형 DIY 키트 감성 풍경 자수,스마트스토어,,,판매중,전시중,421,12000,12000,,,N,N,N,,,,,1.0%,0,0,0,0,0,,,,오늘출발,"평일 16시00분까지 결제 완료된 주문

",기본 배송비 묶음그룹,무료,,0,3000,6000,N,Y,-,80156352196,,,,,,,가구/인테리어,수예,자수,패키지,스팃스,스팃스,,,,N,N,N,,,,http://shop1.phinf.naver.net/20260530_248/1780079919562Wknqf_PNG/2601949585920584_663789350.png,,,,Y,2018-03-28 17:27:22,2026-05-30 03:39:02,
,2658604618,,보석십자수) 선인장 set,스마트스토어,,,판매중지,전시중,43241,22000,22000,,,N,N,N,,,,,1.0%,0,0,0,0,0,,,,오늘출발,"평일 16시00분까지 결제 완료된 주문

",기본 배송비 묶음그룹,무료,,0,2500,5000,N,Y,-,80156348290,,,,,,,가구/인테리어,수예,자수,패키지,자체제작,자체브랜드,,,,N,N,N,,,,http://shop1.phinf.naver.net/20180328_124/es84214_15222255164487OODs_JPEG/45532696089938197_576705854.jpg,,,,Y,2018-03-28 17:25:37,2026-02-10 15:40:50,
,2658601048,,스팃스 아기 오리 보석십자수 도안형 DIY 키트 감성 풍경 자수,스마트스토어,,,판매중,전시중,43241,12000,12000,,,N,N,N,,,,,1.0%,0,0,0,0,0,,,,오늘출발,"평일 16시00분까지 결제 완료된 주문

",기본 배송비 묶음그룹,무료,,0,3000,6000,N,Y,-,80156344721,,,,,,,가구/인테리어,수예,자수,패키지,스팃스,스팃스,,,,N,N,N,,,,http://shop1.phinf.naver.net/20260530_19/1780079600177j2sN1_PNG/56304574008066687_1537715678.png,,,,Y,2018-03-28 17:24:03,2026-05-30 03:33:43,
,2658597823,,스팃스 지중해 3개세트 보석십자수 도안형 DIY 키트 감성 풍경 자수,스마트스토어,,,판매중,전시중,34241,30000,30000,,,N,N,N,,,,,1.0%,0,0,0,0,0,,,,오늘출발,"평일 16시00분까지 결제 완료된 주문

",기본 배송비 묶음그룹,무료,,0,3000,6000,N,Y,-,80156341495,,,,,,,가구/인테리어,수예,자수,패키지,스팃스,스팃스,,,,N,N,N,,,,http://shop1.phinf.naver.net/20260530_43/1780079552038WHwcz_PNG/14728287822100324_405206170.png,,,,Y,2018-03-28 17:22:32,2026-05-30 03:32:54,
,2658593718,,보석십자수) 돌고래,스마트스토어,,,판매중지,전시중,43240,16000,16000,,,N,N,N,,,,,1.0%,0,0,0,0,0,,,,오늘출발,"평일 16시00분까지 결제 완료된 주문

",기본 배송비 묶음그룹,무료,,0,3000,6000,N,Y,-,80156337390,,,,,,,가구/인테리어,수예,자수,패키지,자체제작,자체브랜드,,,,N,N,N,,,,http://shop1.phinf.naver.net/20180328_284/es84214_1522225218103mfWTh_JPEG/45531518728017918_1550174302.jpg,,,,Y,2018-03-28 17:20:39,2026-02-10 15:40:50,
,2658589708,,스팃스 노을 풍경 보석십자수 도안형 DIY 키트 감성 풍경 자수,스마트스토어,,,판매중,전시중,43241,34000,34000,,,N,N,N,,,,,1.0%,0,0,0,0,0,,,,오늘출발,"평일 16시00분까지 결제 완료된 주문

",기본 배송비 묶음그룹,무료,,0,3000,6000,N,Y,-,80156333380,,,,,,,가구/인테리어,수예,자수,패키지,스팃스,스팃스,,,,N,N,N,,,,http://shop1.phinf.naver.net/20260531_226/17801952846515o2JQ_PNG/8201932626807842_1707721976.png,,,,Y,2018-03-28 17:19:08,2026-05-31 11:41:47,
,2658585993,,스팃스 홍학 유니콘 보석십자수 도안형 DIY 키트 감성 풍경 자수,스마트스토어,,,판매중,전시중,234242,12000,12000,,,Y,N,N,,,,,1.0%,0,0,0,0,0,,,,오늘출발,"평일 16시00분까지 결제 완료된 주문

",기본 배송비 묶음그룹,무료,,0,3000,6000,N,Y,-,80156329665,,,,,,,가구/인테리어,수예,자수,패키지,스팃스,스팃스,,,,N,N,N,,,,http://shop1.phinf.naver.net/20260530_186/178007949647023oEp_PNG/8086144483401298_552255034.png,,,,Y,2018-03-28 17:17:23,2026-06-17 16:44:01,
,2658581411,,스팃스 블랙 플라워 보석십자수 도안형 DIY 키트 감성 풍경 자수,스마트스토어,,,판매중,전시중,43241,12000,12000,,,N,N,N,,,,,1.0%,0,0,0,0,0,,,,오늘출발,"평일 16시00분까지 결제 완료된 주문

",기본 배송비 묶음그룹,무료,,0,3000,6000,N,Y,-,80156325083,,,,,,,가구/인테리어,수예,자수,패키지,스팃스,스팃스,,,,N,N,N,,,,http://shop1.phinf.naver.net/20260530_169/1780079448377DEJ3s_PNG/8115587203598539_1032207784.png,,,,Y,2018-03-28 17:15:03,2026-06-17 16:45:06,
,2658576555,,스팃스 화이트 트리 보석십자수 도안형 DIY 키트 감성 풍경 자수,스마트스토어,,,판매중,전시중,43242,12000,12000,,,N,N,N,,,,,1.0%,0,0,0,0,0,,,,오늘출발,"평일 16시00분까지 결제 완료된 주문

",기본 배송비 묶음그룹,무료,,0,3000,6000,N,Y,-,80156320227,,,,,,,가구/인테리어,수예,자수,패키지,스팃스,스팃스,,,,N,N,N,,,,http://shop1.phinf.naver.net/20260530_261/17800793999992Obv9_PNG/114212241176036898_1344288940.png,,,,Y,2018-03-28 17:13:08,2026-05-30 03:30:23,
,2658573715,,스팃스 키즈 4종 보석십자수 도안형 DIY 키트 감성 풍경 자수,스마트스토어,,,판매중,전시중,17314,15000,15000,,,Y,N,N,,,,,1.0%,0,0,0,0,0,,,,오늘출발,"평일 16시00분까지 결제 완료된 주문

",기본 배송비 묶음그룹,무료,,0,3000,6000,N,Y,-,80156317387,,,,,,,가구/인테리어,수예,자수,패키지,스팃스,스팃스,,,,N,N,N,,,,http://shop1.phinf.naver.net/20260530_244/1780079351735BGeUr_PNG/8115490553805909_1887264479.png,,,,Y,2018-03-28 17:11:37,2026-05-30 03:29:34,
,2658568623,,스팃스 토끼와 여우 보석십자수 도안형 DIY 키트 감성 풍경 자수,스마트스토어,,,판매중,전시중,5241,18000,18000,,,N,N,N,,,,,1.0%,0,0,0,0,0,,,,오늘출발,"평일 16시00분까지 결제 완료된 주문

",기본 배송비 묶음그룹,무료,,0,3000,6000,N,Y,-,80156312295,,,,,,,가구/인테리어,수예,자수,패키지,스팃스,스팃스,,,,N,N,N,,,,http://shop1.phinf.naver.net/20260530_18/17800793036826TFJQ_PNG/57601980510854031_220895890.png,,,,Y,2018-03-28 17:09:43,2026-06-17 16:48:20,
,2658564808,,스팃스 아기 돌고래 보석십자수 도안형 DIY 키트 감성 풍경 자수,스마트스토어,,,판매중,전시중,43242,16000,16000,,,N,N,N,,,,,1.0%,0,0,0,0,0,,,,오늘출발,"평일 16시00분까지 결제 완료된 주문

",기본 배송비 묶음그룹,무료,,0,3000,6000,N,Y,-,80156308480,,,,,,,가구/인테리어,수예,자수,패키지,스팃스,스팃스,,,,N,N,N,,,,http://shop1.phinf.naver.net/20260530_236/1780079255548yDyYr_PNG/97823704799021247_1903728903.png,,,,Y,2018-03-28 17:07:54,2026-05-30 03:27:58,
,2658561326,,스팃스 모란꽃 다알리아 보석십자수 도안형 DIY 키트 감성 풍경 자수,스마트스토어,,,판매중,전시중,43241,19000,19000,,,N,N,N,,,,,1.0%,0,0,0,0,0,,,,오늘출발,"평일 16시00분까지 결제 완료된 주문

",기본 배송비 묶음그룹,무료,,0,3000,6000,N,Y,-,80156304998,,,,,,,가구/인테리어,수예,자수,패키지,스팃스,스팃스,,,,N,N,N,,,,http://shop1.phinf.naver.net/20260530_92/1780079207174XP8Ji_PNG/1439658268329376_370707964.png,,,,Y,2018-03-28 17:06:19,2026-06-17 16:50:46,
,2658557143,,보석십자수) 아이들 (부분비즈),스마트스토어,,,판매중지,전시중,4323,12000,12000,,,N,N,N,,,,,1.0%,0,0,0,0,0,,,,오늘출발,"평일 16시00분까지 결제 완료된 주문

",기본 배송비 묶음그룹,무료,,0,3000,6000,N,Y,-,80156300815,,,,,,,가구/인테리어,수예,자수,패키지,자체제작,자체브랜드,,,,N,N,N,,,,http://shop1.phinf.naver.net/20180328_140/es84214_15222242725380uhMi_JPEG/4855452192386108_99208788.jpg,,,,Y,2018-03-28 17:04:50,2026-02-10 15:40:50,
,2658551144,,보석십자수) 밤비,스마트스토어,,,판매중지,전시중,43242,16000,16000,,,N,N,N,,,,,1.0%,0,0,0,0,0,,,,오늘출발,"평일 16시00분까지 결제 완료된 주문

",기본 배송비 묶음그룹,무료,,0,2500,5000,N,Y,-,80156294816,,,,,,,가구/인테리어,수예,자수,패키지,자체제작,자체브랜드,,,,N,N,N,,,,http://shop1.phinf.naver.net/20180328_207/es84214_1522224134079nPxoP_JPEG/45531313719144976_1172333410.jpg,,,,Y,2018-03-28 17:02:32,2026-02-10 15:40:50,
,2658541545,,보석십자수) 들국화 set,스마트스토어,,,판매중지,전시중,4324,23000,23000,,,N,N,N,,,,,1.0%,0,0,0,0,0,,,,오늘출발,"평일 16시00분까지 결제 완료된 주문

",기본 배송비 묶음그룹,무료,,0,2500,5000,N,Y,-,80156285217,,,,,,,가구/인테리어,수예,자수,패키지,자체제작,자체브랜드,,,,N,N,N,,,,http://shop1.phinf.naver.net/20180328_170/es84214_1522223897110o6NLx_JPEG/45530197732192021_781587195.jpg,,,,Y,2018-03-28 16:58:34,2026-02-10 15:40:50,
,2658537109,,스팃스 호수 보석십자수 도안형 DIY 키트 감성 풍경 자수,스마트스토어,,,판매중,전시중,43243,19000,19000,,,N,N,N,,,,,1.0%,0,0,0,0,0,,,,오늘출발,"평일 16시00분까지 결제 완료된 주문

",기본 배송비 묶음그룹,무료,,0,3000,6000,N,Y,-,80156280781,,,,,,,가구/인테리어,수예,자수,패키지,스팃스,스팃스,,,,N,N,N,,,,http://shop1.phinf.naver.net/20260531_60/1780195248195zNyvs_PNG/35403419286655654_1067223707.png,,,,Y,2018-03-28 16:56:36,2026-06-17 16:52:05,
,2652878614,,(일본자수서적) 꽃과과일의 십자수,스마트스토어,,,판매중지,전시중,54353,23000,23000,,,N,N,N,,,,,1.0%,0,0,0,0,0,,,,오늘출발,"평일 16시00분까지 결제 완료된 주문

",기본 배송비 묶음그룹,조건부 무료,선결제,2500,2500,5000,N,Y,-,80150622286,,,,,,,가구/인테리어,수예,자수,도안,,,,,,N,N,N,,,,http://shop1.phinf.naver.net/20180327_199/es84214_15221243849252yqT5_JPEG/4843243768479439_118453763.jpg,,,,Y,2018-03-27 13:20:10,2019-02-28 19:39:22,
,2652866688,,스팃스 타원형 우드 수틀  4사이즈,스마트스토어,,,판매중,전시중,172888,4000,4000,,,Y,N,N,,,,,1.0%,0,0,0,0,0,,,,오늘출발,"평일 16시00분까지 결제 완료된 주문

",기본 배송비 묶음그룹,조건부 무료,선결제,3000,3000,6000,N,Y,-,80150610360,,,,,,,가구/인테리어,수예,수예용품/부자재,,스팃스,스팃스,,,,N,N,N,,,,https://shop-phinf.pstatic.net/20180327_269/es84214_1522124213616WqdNI_JPEG/4843072458570548_801596380.JPG,,,,Y,2018-03-27 13:18:17,2026-06-17 16:53:12,
,2640402918,,일본서적 털실을 감아 만드는 동물 폼폼,스마트스토어,,,판매중,전시중,34233,18500,18500,,,N,N,N,,,,,1.0%,0,0,0,0,0,,,,오늘출발,"평일 16시00분까지 결제 완료된 주문

",기본 배송비 묶음그룹,조건부 무료,선결제,3000,3000,6000,N,Y,-,80138146590,,,,,,,가구/인테리어,수예,자수,도안,,,,,,N,N,N,,,,http://shop1.phinf.naver.net/20180323_17/es84214_1521790647779a1BEf_JPEG/45097827420302270_790155812.jpg,,,,Y,2018-03-23 16:37:52,2026-06-17 16:54:19,
,2640400928,,(일본서적) 자수실로 뜨개질-큐피 인형 옷갈아입히기75,스마트스토어,,,판매중지,전시중,3424,17500,17500,,,N,N,N,,,,,1.0%,0,0,0,0,0,,,,오늘출발,"평일 16시00분까지 결제 완료된 주문

",기본 배송비 묶음그룹,조건부 무료,선결제,2500,2500,5000,N,Y,-,80138144600,,,,,,,가구/인테리어,수예,자수,도안,,,,,,N,N,N,,,,http://shop1.phinf.naver.net/20180323_92/es84214_1521790592484XQ70l_JPEG/45097772123780409_344730106.jpg,,,,Y,2018-03-23 16:37:06,2022-03-08 15:53:05,
,2640398077,,일본서적 코바늘  자수실로 짜는 쁘띠인형77,스마트스토어,,,판매중,전시중,42342,17500,17500,,,N,N,N,,,,,1.0%,0,0,0,0,0,,,,오늘출발,"평일 16시00분까지 결제 완료된 주문

",기본 배송비 묶음그룹,조건부 무료,선결제,3000,3000,6000,N,Y,-,80138141749,,,,,,,가구/인테리어,수예,자수,도안,,,,,,N,N,N,,,,http://shop1.phinf.naver.net/20180323_188/es84214_1521790514181kIGyr_JPEG/45097693816145771_1531940796.jpg,,,,Y,2018-03-23 16:36:03,2026-06-17 16:55:29,
,2630859949,,스팃스 58 786 크로바 동물 폼폼 도구세트,스마트스토어,,,판매중,전시중,4322,17000,17000,,,N,N,N,,,,,1.0%,0,0,0,0,0,,,,오늘출발,"평일 16시00분까지 결제 완료된 주문

",기본 배송비 묶음그룹,조건부 무료,선결제,3000,3000,6000,N,Y,-,80128603525,,,,,,,가구/인테리어,수예,수예용품/부자재,,,,,,,N,N,N,,,,http://shop1.phinf.naver.net/20180321_156/es84214_1521621726878Irp4k_JPEG/44928906519449611_1522328022.jpg,,,,Y,2018-03-21 17:42:45,2026-06-17 16:56:42,
,2630854026,,스팃스 58 641 크로바 슈퍼 폼폼메이커  55mm,스마트스토어,,,판매중,전시중,3418,4600,4600,,,N,N,N,,,,,1.0%,0,0,0,0,0,,,,오늘출발,"평일 16시00분까지 결제 완료된 주문

",기본 배송비 묶음그룹,조건부 무료,선결제,3000,3000,6000,N,Y,-,80128597602,,,,,,,가구/인테리어,수예,수예용품/부자재,,,,,,,N,N,N,,,,http://shop1.phinf.naver.net/20180321_267/es84214_1521621635102onDg7_JPEG/44928814744435925_271991623.jpg,,,,Y,2018-03-21 17:41:28,2026-02-13 18:35:23,
,2619304139,,스팃스 큐트 시리즈 부분비즈 보석십자수 도안형 DIY 키트 감성 풍경 자수,스마트스토어,,,판매중,전시중,259452,12000,12000,,,Y,N,N,,,,,1.0%,0,0,0,0,0,,,,오늘출발,"평일 16시00분까지 결제 완료된 주문

",기본 배송비 묶음그룹,무료,,0,3000,6000,N,Y,-,80117047715,,,,,,,가구/인테리어,수예,자수,패키지,스팃스,스팃스,,,,N,N,N,,,,http://shop1.phinf.naver.net/20260530_48/1780079696628q7thO_PNG/93176605644428561_1989415635.png,,,,Y,2018-03-18 20:47:54,2026-06-17 16:59:10,
,2619302657,,스팃스 LOVE 4개세트 보석십자수 도안형 DIY 키트 감성 풍경 자수,스마트스토어,,,판매중,전시중,432340,45000,45000,,,N,N,N,,,,,1.0%,0,0,0,0,0,,,,오늘출발,"평일 16시00분까지 결제 완료된 주문

",기본 배송비 묶음그룹,무료,,0,3000,6000,N,Y,-,80117046233,,,,,,,가구/인테리어,수예,자수,패키지,스팃스,스팃스,,,,N,N,N,,,,http://shop1.phinf.naver.net/20260530_279/1780149017698ptImn_PNG/114281858888047143_940147163.png,,,,Y,2018-03-18 20:46:50,2026-05-30 22:50:40,
,2619301544,,스팃스 물고기 3개세트 부분비즈 보석십자수 도안형 DIY 키트 감성 풍경 자수,스마트스토어,,,판매중,전시중,4324,22000,22000,,,N,N,N,,,,,1.0%,0,0,0,0,0,,,,오늘출발,"평일 16시00분까지 결제 완료된 주문

",기본 배송비 묶음그룹,무료,,0,3000,6000,N,Y,-,80117045120,,,,,,,가구/인테리어,수예,자수,패키지,스팃스,스팃스,,,,N,N,N,,,,http://shop1.phinf.naver.net/20260530_277/1780079752122H1axl_PNG/14728487933888428_1118310868.png,,,,Y,2018-03-18 20:46:07,2026-06-17 17:15:07,
,2619300145,,스팃스 고양이 시리즈 보석십자수 도안형 DIY 키트 감성 풍경 자수,스마트스토어,,,판매중,전시중,226202,10300,10300,,,Y,N,N,,,,,1.0%,0,0,0,0,0,,,,오늘출발,"평일 16시00분까지 결제 완료된 주문

",기본 배송비 묶음그룹,무료,,0,3000,6000,N,Y,-,80117043721,,,,,,,가구/인테리어,수예,자수,패키지,스팃스,스팃스,,,,N,N,N,,,,http://shop1.phinf.naver.net/20260530_84/1780079800784yfeJR_PNG/1440251856983596_1113906047.png,,,,Y,2018-03-18 20:45:06,2026-06-17 17:15:22,
,2619298245,,스팃스 사슴 3개세트 보석십자수 도안형 DIY 키트 감성 풍경 자수,스마트스토어,,,판매중,전시중,34233,33000,33000,,,N,N,N,,,,,1.0%,0,0,0,0,0,,,,오늘출발,"평일 16시00분까지 결제 완료된 주문

",기본 배송비 묶음그룹,무료,,0,3000,6000,N,Y,-,80117041821,,,,,,,가구/인테리어,수예,자수,패키지,스팃스,스팃스,,,,N,N,N,,,,http://shop1.phinf.naver.net/20260605_257/1780636373272WkeEB_JPEG/15245868877185568_940072656.jpg,,,,Y,2018-03-18 20:43:45,2026-06-17 17:15:38,
,2619296299,,스팃스 들국화 보석십자수 도안형 DIY 키트 감성 풍경 자수,스마트스토어,,,판매중,전시중,3424,15000,15000,,,N,N,N,,,,,1.0%,0,0,0,0,0,,,,오늘출발,"평일 16시00분까지 결제 완료된 주문

",기본 배송비 묶음그룹,무료,,0,3000,6000,N,Y,-,80117039875,,,,,,,가구/인테리어,수예,자수,패키지,스팃스,스팃스,,,,N,N,N,,,,http://shop1.phinf.naver.net/20260531_13/1780195321443jV3vo_PNG/32895895584732931_1519346821.png,,,,Y,2018-03-18 20:42:33,2026-06-17 17:15:53,
,2619294314,,스팃스 푸른바다 요트 3개세트 보석십자수 도안형 DIY 키트 감성 풍경 자수,스마트스토어,,,판매중,전시중,432342,33000,33000,,,N,N,N,,,,,1.0%,0,0,0,0,0,,,,오늘출발,"평일 16시00분까지 결제 완료된 주문

",기본 배송비 묶음그룹,무료,,0,3000,6000,N,Y,-,80117037890,,,,,,,가구/인테리어,수예,자수,패키지,스팃스,스팃스,,,,N,N,N,,,,http://shop1.phinf.naver.net/20260530_260/1780074985045u3iQF_PNG/93171894016982038_1512341038.png,,,,Y,2018-03-18 20:40:57,2026-06-17 17:16:08,
,2619292758,,스팃스 로맨틱 러브 보석십자수 도안형 DIY 키트 감성 풍경 자수,스마트스토어,,,판매중,전시중,34324,13000,13000,,,N,N,N,,,,,1.0%,0,0,0,0,0,,,,오늘출발,"평일 16시00분까지 결제 완료된 주문

",기본 배송비 묶음그룹,무료,,0,3000,6000,N,Y,-,80117036334,,,,,,,가구/인테리어,수예,자수,패키지,스팃스,스팃스,,,,N,N,N,,,,http://shop1.phinf.naver.net/20260530_251/1780079863865lLuja_PNG/57602540728171045_2103332084.png,,,,Y,2018-03-18 20:39:32,2026-05-30 03:38:06,
,2619291435,,스팃스 펭귄 보석십자수 도안형 DIY 키트 감성 풍경 자수,스마트스토어,,,판매중,전시중,174239,14000,14000,,,Y,N,N,,,,,1.0%,0,0,0,0,0,,,,오늘출발,"평일 16시00분까지 결제 완료된 주문

",기본 배송비 묶음그룹,무료,,0,3000,6000,N,Y,-,80117035011,,,,,,,가구/인테리어,수예,보석십자수,,스팃스,스팃스,,,,N,N,N,,,,http://shop1.phinf.naver.net/20260530_178/1780149080904KAaDD_PNG/1509532032787432_558642962.png,,,,Y,2018-03-18 20:38:49,2026-06-17 17:16:38,
,2619289745,,스팃스 라벤더 무지원단 실 십자수 패키지 도안 실 원단 포함 풀세트,스마트스토어,,,판매중,전시중,3424,29000,29000,,,N,N,N,,,,,1.0%,0,0,0,0,0,,,,오늘출발,"평일 16시00분까지 결제 완료된 주문

",기본 배송비 묶음그룹,무료,,0,3000,6000,N,Y,-,80117033321,,,,,,,가구/인테리어,수예,자수,패키지,스팃스,스팃스,,,,N,N,N,,,,http://shop1.phinf.naver.net/20180318_207/es84214_1521373023964JMptX_JPEG/44680203597653640_566400489.jpg,,,,Y,2018-03-18 20:37:23,2026-02-20 12:56:04,
,2619288892,,스팃스 양귀비 정원 무지원단 실 십자수 패키지 도안 실 원단 포함 풀세트,스마트스토어,,,판매중,전시중,5341,25000,25000,,,N,N,N,,,,,1.0%,0,0,0,0,0,,,,오늘출발,"평일 16시00분까지 결제 완료된 주문

",기본 배송비 묶음그룹,무료,,0,3000,6000,N,Y,-,80117032468,,,,,,,가구/인테리어,수예,자수,패키지,스팃스,스팃스,,,,N,N,N,,,,http://shop1.phinf.naver.net/20180318_6/es84214_1521372975761PF2eP_JPEG/44680155395606267_517255001.jpg,,,,Y,2018-03-18 20:36:36,2026-06-17 17:17:09,
,2619287135,,스팃스 테디가족 무지원단 실 십자수 패키지 도안 실 원단 포함 풀세트,스마트스토어,,,판매중,전시중,43240,23000,23000,,,N,N,Y,,,,,1.0%,0,0,0,0,0,,,,오늘출발,"평일 16시00분까지 결제 완료된 주문

",기본 배송비 묶음그룹,무료,,0,3000,6000,N,Y,-,80117030711,,,,,,,가구/인테리어,수예,자수,패키지,스팃스,스팃스,,,,N,N,N,,,,https://shop-phinf.pstatic.net/20180318_94/es84214_1521372911674rJNOU_JPEG/44680091203787465_1540835640.jpg,,,,Y,2018-03-18 20:35:34,2026-02-20 12:56:04,
,2619285984,,스팃스 농장 무지원단 실 십자수 패키지 도안 실 원단 포함 풀세트,스마트스토어,,,판매중,전시중,3423,27000,27000,,,N,N,N,,,,,1.0%,0,0,0,0,0,,,,오늘출발,"평일 16시00분까지 결제 완료된 주문

",기본 배송비 묶음그룹,무료,,0,3000,6000,N,Y,-,80117029560,,,,,,,가구/인테리어,수예,자수,패키지,스팃스,스팃스,,,,N,N,N,,,,http://shop1.phinf.naver.net/20180318_213/es84214_1521372864116BbKDI_JPEG/44680043755912143_1435638534.jpg,,,,Y,2018-03-18 20:34:47,2026-06-17 17:17:39,
,2619284782,,스팃스 야생화 무지원단 실 십자수 패키지 도안 실 원단 포함 풀세트,스마트스토어,,,판매중,전시중,34227,24000,24000,,,N,N,N,,,,,1.0%,0,0,0,0,0,,,,오늘출발,"평일 16시00분까지 결제 완료된 주문

",기본 배송비 묶음그룹,무료,,0,3000,6000,N,Y,-,80117028358,,,,,,,가구/인테리어,수예,자수,패키지,스팃스,스팃스,,,,N,N,N,,,,http://shop1.phinf.naver.net/20180318_64/es84214_1521372813789pCKaq_JPEG/44679993426853671_983797724.jpg,,,,Y,2018-03-18 20:33:57,2026-06-17 17:17:55,
,2619283551,,스팃스 해변도시 무지원단 실 십자수 패키지 도안 실 원단 포함 풀세트,스마트스토어,,,판매중,전시중,99497,36000,36000,,,N,N,N,,,,,1.0%,0,0,0,0,0,,,,오늘출발,"평일 16시00분까지 결제 완료된 주문

",기본 배송비 묶음그룹,무료,,0,3000,6000,N,Y,-,80117027127,,,,,,,가구/인테리어,수예,자수,패키지,스팃스,스팃스,,,,N,N,N,,,,http://shop1.phinf.naver.net/20180318_261/es84214_1521372772444HUrtk_JPEG/44679952080326656_510523788.jpg,,,,Y,2018-03-18 20:33:11,2026-02-20 12:56:04,
,2619282252,,스팃스 해변 무지원단 실 십자수 패키지 도안 실 원단 포함 풀세트,스마트스토어,,,판매중,전시중,3424,23000,23000,,,N,N,N,,,,,1.0%,0,0,0,0,0,,,,오늘출발,"평일 16시00분까지 결제 완료된 주문

",기본 배송비 묶음그룹,무료,,0,3000,6000,N,Y,-,80117025828,,,,,,,가구/인테리어,수예,자수,패키지,스팃스,스팃스,,,,N,N,N,,,,http://shop1.phinf.naver.net/20180318_285/es84214_1521372722169pnEXu_JPEG/44679901802512531_102906027.jpg,,,,Y,2018-03-18 20:32:24,2026-06-17 17:18:25,
,2619281030,,스팃스 키친 무지원단 실 십자수 패키지 도안 실 원단 포함 풀세트,스마트스토어,,,판매중,전시중,3418,46000,46000,,,N,N,N,,,,,1.0%,0,0,0,0,0,,,,오늘출발,"평일 16시00분까지 결제 완료된 주문

",기본 배송비 묶음그룹,무료,,0,3000,6000,N,Y,-,80117024606,,,,,,,가구/인테리어,수예,자수,패키지,스팃스,스팃스,,,,N,N,N,,,,http://shop1.phinf.naver.net/20180318_65/es84214_1521372676134f4p1c_JPEG/44679855772389405_1284178116.jpg,,,,Y,2018-03-18 20:31:40,2026-06-17 17:18:40,
,2619279684,,스팃스 불가사리 무지원단 실 십자수 패키지 도안 실 원단 포함 풀세트,스마트스토어,,,판매중,전시중,43240,26000,26000,,,N,N,N,,,,,1.0%,0,0,0,0,0,,,,오늘출발,"평일 16시00분까지 결제 완료된 주문

",기본 배송비 묶음그룹,무료,,0,3000,6000,N,Y,-,80117023260,,,,,,,가구/인테리어,수예,자수,패키지,스팃스,스팃스,,,,N,N,N,,,,http://shop1.phinf.naver.net/20180318_48/es84214_1521372628750xoxrE_JPEG/44679808389401403_1865589790.jpg,,,,Y,2018-03-18 20:30:50,2026-02-20 12:56:04,
,2619278480,,스팃스 꽃길 무지원단 실 십자수 패키지 도안 실 원단 포함 풀세트,스마트스토어,,,판매중,전시중,3421,35000,35000,,,N,N,N,,,,,1.0%,0,0,0,0,0,,,,오늘출발,"평일 16시00분까지 결제 완료된 주문

",기본 배송비 묶음그룹,무료,,0,3000,6000,N,Y,-,80117022056,,,,,,,가구/인테리어,수예,자수,패키지,스팃스,스팃스,,,,N,N,N,,,,http://shop1.phinf.naver.net/20180318_271/es84214_1521372575512qXqW4_JPEG/44679755151436190_2036670948.jpg,,,,Y,2018-03-18 20:29:58,2026-06-17 17:19:10,
,2619276604,,스팃스 마더구스 무지원단 실 십자수 패키지 도안 실 원단 포함 풀세트,스마트스토어,,,판매중,전시중,43238,26000,26000,,,N,N,N,,,,,1.0%,0,0,0,0,0,,,,오늘출발,"평일 16시00분까지 결제 완료된 주문

",기본 배송비 묶음그룹,무료,,0,3000,6000,N,Y,-,80117020180,,,,,,,가구/인테리어,수예,자수,패키지,스팃스,스팃스,,,,N,N,N,,,,http://shop1.phinf.naver.net/20180318_11/es84214_1521372517743TSWp2_JPEG/44679697273471837_99555154.jpg,,,,Y,2018-03-18 20:29:04,2026-02-20 12:56:04,
,2616338973,,스팃스 DMC 25번 면사 자수실 샘플북 견복책,스마트스토어,,,판매중,전시중,99999,98000,98000,,,N,N,N,,,,,1.0%,0,0,0,0,0,,,,오늘출발,"평일 16시00분까지 결제 완료된 주문

",기본 배송비 묶음그룹,조건부 무료,선결제,3000,3000,6000,N,Y,-,80114082549,,,,,,,가구/인테리어,수예,자수,도안,DMC,DMC,11194,,,N,N,N,,,,http://shop1.phinf.naver.net/20180317_79/es84214_1521265286727Ms2C4_JPEG/44571587354782361_1163176285.jpg,,,,Y,2018-03-17 14:41:53,2026-06-17 17:19:41,
,2616335889,,스팃스 소다 십자수도안 vegetable garden 야채정원,스마트스토어,,,판매중,전시중,43240,6300,6300,,,N,N,N,,,,,1.0%,0,0,0,0,0,,,,오늘출발,"평일 16시00분까지 결제 완료된 주문

",기본 배송비 묶음그룹,조건부 무료,선결제,3000,3000,6000,N,Y,-,80114079465,,,,,,,가구/인테리어,수예,자수,도안,,,,,,N,N,N,,,,http://shop1.phinf.naver.net/20180317_290/es84214_1521265120596qQkbK_PNG/3983979445517326_1681722442.png,,,,Y,2018-03-17 14:39:05,2026-06-17 17:19:56,
,2616334094,,소다 - coffee break (십자수 도안),스마트스토어,,,판매중지,전시중,4324,6300,6300,,,N,N,N,,,,,1.0%,0,0,0,0,0,,,,오늘출발,"평일 16시00분까지 결제 완료된 주문

",기본 배송비 묶음그룹,조건부 무료,선결제,2500,2500,5000,N,Y,-,80114077670,,,,,,,가구/인테리어,수예,자수,도안,,,,,,N,N,N,,,,http://shop1.phinf.naver.net/20180317_272/es84214_1521265051859OhFBc_PNG/3983910707513547_869990222.png,,,,Y,2018-03-17 14:37:54,2021-12-31 10:49:37,
,2616332898,,스팃스 소다 십자수도안  The goddess of love  사랑의여신,스마트스토어,,,판매중,전시중,4324,6300,6300,,,N,N,N,,,,,1.0%,0,0,0,0,0,,,,오늘출발,"평일 16시00분까지 결제 완료된 주문

",기본 배송비 묶음그룹,조건부 무료,선결제,3000,3000,6000,N,Y,-,80114076474,,,,,,,가구/인테리어,수예,자수,도안,,,,,,N,N,N,,,,http://shop1.phinf.naver.net/20180317_224/es84214_1521264991278wlUQf_PNG/3983850125150700_1499116228.png,,,,Y,2018-03-17 14:36:48,2026-02-13 18:47:18,
,2616331568,,소다 - 미니빌리지 (십자수 도안),스마트스토어,,,판매중지,전시중,43240,8300,8300,,,N,N,N,,,,,1.0%,0,0,0,0,0,,,,오늘출발,"평일 16시00분까지 결제 완료된 주문

",기본 배송비 묶음그룹,조건부 무료,선결제,3000,3000,6000,N,Y,-,80114075144,,,,,,,가구/인테리어,수예,자수,도안,,,,,,N,N,N,,,,http://shop1.phinf.naver.net/20180317_232/es84214_15212649267497sPwf_PNG/3983785597396753_2101888285.png,,,,Y,2018-03-17 14:35:52,2024-06-18 10:50:29,
,2616330390,,스팃스 소다 십자수도안 The vintage coffee shop 빈티지 커피숍,스마트스토어,,,판매중지,전시중,324233,6300,6300,,,N,N,N,,,,,1.0%,0,0,0,0,0,,,,오늘출발,"평일 16시00분까지 결제 완료된 주문

",기본 배송비 묶음그룹,조건부 무료,선결제,3000,3000,6000,N,Y,-,80114073966,,,,,,,가구/인테리어,수예,자수,도안,,,,,,N,N,N,,,,http://shop1.phinf.naver.net/20180317_214/es84214_1521264872104rwjBJ_PNG/3983730951961874_275383755.png,,,,Y,2018-03-17 14:34:55,2026-06-15 19:22:25,
,2616328325,,스팃스 소다 십자수도안 엄지공주,스마트스토어,,,판매중,전시중,342431,3000,3000,,,N,N,N,,,,,1.0%,0,0,0,0,0,,,,오늘출발,"평일 16시00분까지 결제 완료된 주문

",기본 배송비 묶음그룹,조건부 무료,선결제,3000,3000,6000,N,Y,-,80114071901,,,,,,,가구/인테리어,수예,자수,도안,,,,,,N,N,N,,,,http://shop1.phinf.naver.net/20180317_273/es84214_1521264326168EfeIN_PNG/44571505806608427_54850700.png,,,,Y,2018-03-17 14:33:49,2026-02-13 18:47:18,
,2616326766,,스팃스 소다 십자수도안 동화마을,스마트스토어,,,판매중,전시중,34242,6300,6300,,,N,N,N,,,,,1.0%,0,0,0,0,0,,,,오늘출발,"평일 16시00분까지 결제 완료된 주문

",기본 배송비 묶음그룹,조건부 무료,선결제,3000,3000,6000,N,Y,-,80114070342,,,,,,,가구/인테리어,수예,자수,도안,,,,,,N,N,N,,,,http://shop1.phinf.naver.net/20180317_115/es84214_1521264749272UGIV1_PNG/3983608119180562_419721762.png,,,,Y,2018-03-17 14:32:56,2026-06-17 17:20:43,
,2616324006,,스팃스 소다 십자수도안 잠자는 숲속의 공주,스마트스토어,,,판매중,전시중,342339,3000,3000,,,N,N,N,,,,,1.0%,0,0,0,0,0,,,,오늘출발,"평일 16시00분까지 결제 완료된 주문

",기본 배송비 묶음그룹,조건부 무료,선결제,3000,3000,6000,N,Y,-,80114067582,,,,,,,가구/인테리어,수예,자수,도안,소다,소다,759,,,N,N,N,,,,https://shop-phinf.pstatic.net/20180317_135/es84214_1521264674208tYFuq_PNG/3983533053726164_665742493.png,,,,Y,2018-03-17 14:31:31,2026-02-19 10:46:24,
,2616322425,,스팃스 소다 십자수도안 푸른바다의 전설 ,스마트스토어,,,판매중,전시중,34230,3000,3000,,,N,N,N,,,,,1.0%,0,0,0,0,0,,,,오늘출발,"평일 16시00분까지 결제 완료된 주문

",기본 배송비 묶음그룹,조건부 무료,선결제,3000,3000,6000,N,Y,-,80114066001,,,,,,,가구/인테리어,수예,자수,도안,,,,,,N,N,N,,,,http://shop1.phinf.naver.net/20180317_175/es84214_1521264485321MbW0o_PNG/44571664961591867_73315345.png,,,,Y,2018-03-17 14:30:37,2026-02-13 18:47:18,
,2616317016,,스팃스 소다 십자수도안 파우더룸 ,스마트스토어,,,판매중,전시중,42342,3000,3000,,,N,N,N,,,,,1.0%,0,0,0,0,0,,,,오늘출발,"평일 16시00분까지 결제 완료된 주문

",기본 배송비 묶음그룹,조건부 무료,선결제,3000,3000,6000,N,Y,-,80114060592,,,,,,,가구/인테리어,수예,자수,도안,,,,,,N,N,N,,,,http://shop1.phinf.naver.net/20180317_127/es84214_1521264438474KcpvU_PNG/44571618110848238_1418585558.png,,,,Y,2018-03-17 14:27:38,2026-02-13 18:47:18,
,2616315538,,스팃스 소다 십자수도안 빨강머리앤,스마트스토어,,,판매중지,전시중,43237,3000,3000,,,N,N,N,,,,,1.0%,0,0,0,0,0,,,,오늘출발,"평일 16시00분까지 결제 완료된 주문

",기본 배송비 묶음그룹,조건부 무료,선결제,3000,3000,6000,N,Y,-,80114059114,,,,,,,가구/인테리어,수예,자수,도안,,,,,,N,N,N,,,,http://shop1.phinf.naver.net/20180317_9/es84214_1521264383988eRxeB_PNG/44571563628714847_340449629.png,,,,Y,2018-03-17 14:26:54,2026-03-26 13:08:11,
,2616313881,,스팃스 소다 십자수도안 디저트 타임 ,스마트스토어,,,판매중,전시중,42339,3000,3000,,,N,N,N,,,,,1.0%,0,0,0,0,0,,,,오늘출발,"평일 16시00분까지 결제 완료된 주문

",기본 배송비 묶음그룹,조건부 무료,선결제,3000,3000,6000,N,Y,-,80114057457,,,,,,,가구/인테리어,수예,자수,도안,,,,,,N,N,N,,,,http://shop1.phinf.naver.net/20180317_225/es84214_1521264336349eIsEi_PNG/44571515880321851_1708201009.png,,,,Y,2018-03-17 14:25:58,2026-02-13 18:47:18,
,2616311883,,스팃스 소다 십자수도안 인어공주 ,스마트스토어,,,판매중,전시중,42420,3000,3000,,,N,N,N,,,,,1.0%,0,0,0,0,0,,,,오늘출발,"평일 16시00분까지 결제 완료된 주문

",기본 배송비 묶음그룹,조건부 무료,선결제,3000,3000,6000,N,Y,-,80114055459,,,,,,,가구/인테리어,수예,자수,도안,,,,,,N,N,N,,,,http://shop1.phinf.naver.net/20180317_10/es84214_1521264283750e0fxB_PNG/44571463390382013_34880353.png,,,,Y,2018-03-17 14:25:02,2026-02-13 18:47:18,
,2616309999,,스팃스 소다 십자수도안 백설공주,스마트스토어,,,판매중,전시중,43239,3000,3000,,,N,N,N,,,,,1.0%,0,0,0,0,0,,,,오늘출발,"평일 16시00분까지 결제 완료된 주문

",기본 배송비 묶음그룹,조건부 무료,선결제,3000,3000,6000,N,Y,-,80114053575,,,,,,,가구/인테리어,수예,자수,도안,,,,,,N,N,N,,,,http://shop1.phinf.naver.net/20180317_110/es84214_1521264231992TsgQg_PNG/44571411632623369_1975374051.png,,,,Y,2018-03-17 14:24:13,2026-02-13 18:47:18,
,2616308514,,스팃스 소다 십자수도안 호두까기인형 ,스마트스토어,,,판매중,전시중,4323,3000,3000,,,N,N,N,,,,,1.0%,0,0,0,0,0,,,,오늘출발,"평일 16시00분까지 결제 완료된 주문

",기본 배송비 묶음그룹,조건부 무료,선결제,3000,3000,6000,N,Y,-,80114052090,,,,,,,가구/인테리어,수예,자수,도안,,,,,,N,N,N,,,,http://shop1.phinf.naver.net/20180317_196/es84214_1521264189145l33pW_PNG/44571368674067551_467259743.png,,,,Y,2018-03-17 14:23:27,2026-02-13 18:47:18,
,2616307245,,스팃스 소다 십자수도안 헨젤과 그레텔 ,스마트스토어,,,판매중,전시중,42431,3000,3000,,,N,N,N,,,,,1.0%,0,0,0,0,0,,,,오늘출발,"평일 16시00분까지 결제 완료된 주문

",기본 배송비 묶음그룹,조건부 무료,선결제,3000,3000,6000,N,Y,-,80114050821,,,,,,,가구/인테리어,수예,자수,도안,,,,,,N,N,N,,,,http://shop1.phinf.naver.net/20180317_133/es84214_1521264134600PaOvL_PNG/44571314238239536_741646458.png,,,,Y,2018-03-17 14:22:41,2026-02-13 18:47:18,
,2616305554,,스팃스 소다 십자수도안 캣츠하우스,스마트스토어,,,판매중,전시중,42338,3000,3000,,,N,N,N,,,,,1.0%,0,0,0,0,0,,,,오늘출발,"평일 16시00분까지 결제 완료된 주문

",기본 배송비 묶음그룹,조건부 무료,선결제,3000,3000,6000,N,Y,-,80114049130,,,,,,,가구/인테리어,수예,자수,도안,,,,,,N,N,N,,,,http://shop1.phinf.naver.net/20180317_33/es84214_1521264088418sE0ce_PNG/44571268058027548_2136960728.png,,,,Y,2018-03-17 14:21:44,2026-02-13 18:47:18,
,2616304299,,스팃스 소다 십자수도안 컵 케잌 ,스마트스토어,,,판매중,전시중,4238,3000,3000,,,N,N,N,,,,,1.0%,0,0,0,0,0,,,,오늘출발,"평일 16시00분까지 결제 완료된 주문

",기본 배송비 묶음그룹,조건부 무료,선결제,3000,3000,6000,N,Y,-,80114047875,,,,,,,가구/인테리어,수예,자수,도안,,,,,,N,N,N,,,,http://shop1.phinf.naver.net/20180317_38/es84214_1521264039200C3hN3_PNG/44571218835841685_833436607.png,,,,Y,2018-03-17 14:20:58,2026-02-13 18:47:18,
,2616302880,,스팃스 소다 십자수도안 페이퍼 돌,스마트스토어,,,판매중,전시중,42399,3000,3000,,,N,N,N,,,,,1.0%,0,0,0,0,0,,,,오늘출발,"평일 16시00분까지 결제 완료된 주문

",기본 배송비 묶음그룹,조건부 무료,선결제,3000,3000,6000,N,Y,-,80114046456,,,,,,,가구/인테리어,수예,자수,도안,,,,,,N,N,N,,,,http://shop1.phinf.naver.net/20180317_148/es84214_1521263994901mgpJL_PNG/44571174541407637_628294271.png,,,,Y,2018-03-17 14:20:10,2026-02-13 18:47:18,
,2616301164,,스팃스 소다 십자수도안 스위트 팩토리,스마트스토어,,,판매중,전시중,43241,3000,3000,,,N,N,N,,,,,1.0%,0,0,0,0,0,,,,오늘출발,"평일 16시00분까지 결제 완료된 주문

",기본 배송비 묶음그룹,조건부 무료,선결제,3000,3000,6000,N,Y,-,80114044740,,,,,,,가구/인테리어,수예,자수,도안,,,,,,N,N,N,,,,http://shop1.phinf.naver.net/20180317_279/es84214_1521263949175dcYlQ_PNG/44571128813348909_228825299.png,,,,Y,2018-03-17 14:19:30,2026-02-13 18:47:18,
,2616298334,,스팃스 소다 십자수도안 스위트 디저트,스마트스토어,,,판매중,전시중,3424,3000,3000,,,N,N,N,,,,,1.0%,0,0,0,0,0,,,,오늘출발,"평일 16시00분까지 결제 완료된 주문

",기본 배송비 묶음그룹,조건부 무료,선결제,3000,3000,6000,N,Y,-,80114041910,,,,,,,가구/인테리어,수예,자수,도안,,,,,,N,N,N,,,,http://shop1.phinf.naver.net/20180317_197/es84214_1521263883706Oayai_PNG/44571063345746921_86869769.png,,,,Y,2018-03-17 14:18:22,2026-02-13 18:47:18,
,2616296309,,스팃스 소다 십자수도안 미니 티타임,스마트스토어,,,판매중,전시중,4238,3000,3000,,,N,N,N,,,,,1.0%,0,0,0,0,0,,,,오늘출발,"평일 16시00분까지 결제 완료된 주문

",기본 배송비 묶음그룹,조건부 무료,선결제,3000,3000,6000,N,Y,-,80114039885,,,,,,,가구/인테리어,수예,자수,도안,,,,,,N,N,N,,,,http://shop1.phinf.naver.net/20180317_127/es84214_1521263825157Lr2gR_PNG/44571004797317627_2055517809.png,,,,Y,2018-03-17 14:17:26,2026-02-13 18:47:18,
,2616294403,,스팃스 소다 십자수도안 퓨어웨딩,스마트스토어,,,판매중,전시중,4321,3000,3000,,,N,N,N,,,,,1.0%,0,0,0,0,0,,,,오늘출발,"평일 16시00분까지 결제 완료된 주문

",기본 배송비 묶음그룹,조건부 무료,선결제,3000,3000,6000,N,Y,-,80114037979,,,,,,,가구/인테리어,수예,자수,도안,,,,,,N,N,N,,,,http://shop1.phinf.naver.net/20180317_52/es84214_1521263778390TK36R_PNG/44570958030811291_90524191.png,,,,Y,2018-03-17 14:16:42,2026-02-13 18:47:18,
,2616292635,,스팃스 소다 십자수도안 키친,스마트스토어,,,판매중,전시중,43242,8300,8300,,,N,N,N,,,,,1.0%,0,0,0,0,0,,,,오늘출발,"평일 16시00분까지 결제 완료된 주문

",기본 배송비 묶음그룹,조건부 무료,선결제,3000,3000,6000,N,Y,-,80114036227,,,,,,,가구/인테리어,수예,자수,도안,,,,,,N,N,N,,,,http://shop1.phinf.naver.net/20180317_162/es84214_1521263728214iIngQ_PNG/44570907853645751_1898329722.png,,,,Y,2018-03-17 14:15:55,2026-06-17 17:24:39,
,2616290237,,스팃스 소다 십자수도안 농장이야기 ,스마트스토어,,,판매중,전시중,5550,3000,3000,,,N,N,N,,,,,1.0%,0,0,0,0,0,,,,오늘출발,"평일 16시00분까지 결제 완료된 주문

",기본 배송비 묶음그룹,조건부 무료,선결제,3000,3000,6000,N,Y,-,80114033813,,,,,,,가구/인테리어,수예,자수,도안,,,,,,N,N,N,,,,http://shop1.phinf.naver.net/20180317_132/es84214_1521263645950h1L95_PNG/44570825588981891_723528938.png,,,,Y,2018-03-17 14:14:58,2026-02-13 18:47:18,
,2612836079,,플라워 린넨 커트지,스마트스토어,,,판매중지,전시중,4317,13000,13000,,,N,N,N,,,,,1.0%,0,0,0,0,0,,,,오늘출발,"평일 16시00분까지 결제 완료된 주문

",기본 배송비 묶음그룹,조건부 무료,선결제,2500,2500,5000,N,Y,-,80110579655,,,,,,,가구/인테리어,수예,원단,,자체제작,자체브랜드,,,,N,N,N,,,,http://shop1.phinf.naver.net/20180316_104/es84214_1521175342953l0aWc_JPEG/44482522588924108_197268041.jpg,,,,Y,2018-03-16 13:42:53,2026-02-10 15:40:50,
,2588497918,,스팃스 42 627 크로바 코바늘 펜E 7.5호,스마트스토어,,,판매중,전시중,43240,9600,9600,,,N,N,N,,,,,1.0%,0,0,0,0,0,,,,오늘출발,"평일 16시00분까지 결제 완료된 주문

",기본 배송비 묶음그룹,조건부 무료,선결제,3000,3000,6000,N,Y,-,80086241494,,,,,,,가구/인테리어,수예,수예용품/부자재,,,,,,,N,N,N,,,,http://shop1.phinf.naver.net/20180310_178/es84214_152065244509617Q7D_JPEG/3283624751689326_478779926.jpg,,,,Y,2018-03-10 12:27:42,2026-06-17 17:25:09,
,2588496785,,스팃스 42 610 크로바 코바늘  펜E 10호,스마트스토어,,,판매중,전시중,43242,9600,9600,,,N,N,N,,,,,1.0%,0,0,0,0,0,,,,오늘출발,"평일 16시00분까지 결제 완료된 주문

",기본 배송비 묶음그룹,조건부 무료,선결제,3000,3000,6000,N,Y,-,80086240361,,,,,,,가구/인테리어,수예,뜨개질,뜨개질바늘,,,,,,N,N,N,,,,http://shop1.phinf.naver.net/20180310_207/es84214_1520652410761h9jFO_JPEG/3283590414577361_582019978.jpg,,,,Y,2018-03-10 12:27:08,2026-06-17 17:25:26,
,2588495566,,스팃스 42 609 크로바 코바늘  펜E 9호,스마트스토어,,,판매중,전시중,43242,9600,9600,,,N,N,N,,,,,1.0%,0,0,0,0,0,,,,오늘출발,"평일 16시00분까지 결제 완료된 주문

",기본 배송비 묶음그룹,조건부 무료,선결제,3000,3000,6000,N,Y,-,80086239142,,,,,,,가구/인테리어,수예,뜨개질,뜨개질바늘,,,,,,N,N,N,,,,http://shop1.phinf.naver.net/20180310_162/es84214_1520652366826qHQYN_JPEG/3283546478243486_1023052655.jpg,,,,Y,2018-03-10 12:26:26,2026-06-17 17:25:42,
,2588494407,,스팃스 42 608 크로바 코바늘  펜E 8호,스마트스토어,,,판매중,전시중,43240,9600,9600,,,N,N,N,,,,,1.0%,0,0,0,0,0,,,,오늘출발,"평일 16시00분까지 결제 완료된 주문

",기본 배송비 묶음그룹,조건부 무료,선결제,3000,3000,6000,N,Y,-,80086237983,,,,,,,가구/인테리어,수예,뜨개질,뜨개질바늘,,,,,,N,N,N,,,,http://shop1.phinf.naver.net/20180310_225/es84214_1520652330304xbxEO_JPEG/3283509960672574_1168431426.jpg,,,,Y,2018-03-10 12:25:46,2026-06-17 17:25:59,
,2588493084,,스팃스 42 607 크로바 코바늘 펜E 7호,스마트스토어,,,판매중,전시중,43237,9600,9600,,,N,N,N,,,,,1.0%,0,0,0,0,0,,,,오늘출발,"평일 16시00분까지 결제 완료된 주문

",기본 배송비 묶음그룹,조건부 무료,선결제,3000,3000,6000,N,Y,-,80086236660,,,,,,,가구/인테리어,수예,뜨개질,뜨개질바늘,,,,,,N,N,N,,,,http://shop1.phinf.naver.net/20180310_8/es84214_1520652285715KAwG5_JPEG/3283465371252857_1072987354.jpg,,,,Y,2018-03-10 12:25:03,2026-06-17 17:26:16,
,2588492001,,스팃스 42 606 크로바 코바늘 펜E 6호,스마트스토어,,,판매중,전시중,34236,9600,9600,,,N,N,N,,,,,1.0%,0,0,0,0,0,,,,오늘출발,"평일 16시00분까지 결제 완료된 주문

",기본 배송비 묶음그룹,조건부 무료,선결제,3000,3000,6000,N,Y,-,80086235577,,,,,,,가구/인테리어,수예,뜨개질,뜨개질바늘,,,,,,N,N,N,,,,http://shop1.phinf.naver.net/20180310_64/es84214_15206522416351B8uM_JPEG/3283421290293199_1612107844.jpg,,,,Y,2018-03-10 12:24:22,2026-06-17 17:26:32,
,2588490998,,스팃스 42 605 크로바 코바늘 펜E 5호,스마트스토어,,,판매중,전시중,43231,9600,9600,,,N,N,Y,,,,,1.0%,0,0,0,0,0,,,,오늘출발,"평일 16시00분까지 결제 완료된 주문

",기본 배송비 묶음그룹,조건부 무료,선결제,3000,3000,6000,N,Y,-,80086234574,,,,,,,가구/인테리어,수예,뜨개질,뜨개질바늘,크로바,크로바,,,,N,N,N,,,,https://shop-phinf.pstatic.net/20180310_202/es84214_1520652206646hWIVH_JPEG/3283386301528528_810882583.jpg,,,,Y,2018-03-10 12:23:47,2026-06-17 17:26:50,
,2588489621,,스팃스 42 604 크로바 코바늘 펜E 4호,스마트스토어,,,판매중,전시중,342431,9600,9600,,,N,N,N,,,,,1.0%,0,0,0,0,0,,,,오늘출발,"평일 16시00분까지 결제 완료된 주문

",기본 배송비 묶음그룹,조건부 무료,선결제,3000,3000,6000,N,Y,-,80086233197,,,,,,,가구/인테리어,수예,뜨개질,뜨개질바늘,,,,,,N,N,N,,,,http://shop1.phinf.naver.net/20180310_4/es84214_1520652160979Yw1m4_JPEG/3283340635171788_1815763438.jpg,,,,Y,2018-03-10 12:22:58,2026-06-17 17:27:07,
,2588488707,,스팃스  42603 크로바 코바늘 펜E 3호,스마트스토어,,,판매중,전시중,42341,9600,9600,,,N,N,N,,,,,1.0%,0,0,0,0,0,,,,오늘출발,"평일 16시00분까지 결제 완료된 주문

",기본 배송비 묶음그룹,조건부 무료,선결제,3000,3000,6000,N,Y,-,80086232283,,,,,,,가구/인테리어,수예,뜨개질,뜨개질바늘,,,,,,N,N,N,,,,http://shop1.phinf.naver.net/20180310_218/es84214_1520652125756A6XmG_JPEG/3283305411909448_1219924415.jpg,,,,Y,2018-03-10 12:22:24,2026-06-17 17:27:23,
,2588487136,,스팃스 42 602 크로바 코바늘 펜E 2호,스마트스토어,,,판매중,전시중,43241,9600,9600,,,N,N,N,,,,,1.0%,0,0,0,0,0,,,,오늘출발,"평일 16시00분까지 결제 완료된 주문

",기본 배송비 묶음그룹,조건부 무료,선결제,3000,3000,6000,N,Y,-,80086230712,,,,,,,가구/인테리어,수예,뜨개질,뜨개질바늘,,,,,,N,N,N,,,,http://shop1.phinf.naver.net/20180310_181/es84214_1520652057123WQsd2_JPEG/3283236775613064_2115203393.jpg,,,,Y,2018-03-10 12:21:29,2026-06-17 17:28:05,
,2574297184,,스팃스 도트체크 1/8마x4종 린넨 원단패키지 45cmx35cm,스마트스토어,,,판매중,전시중,4320,5800,5800,,,N,N,N,,,,,1.0%,0,0,0,0,0,,,,오늘출발,"평일 16시00분까지 결제 완료된 주문

",기본 배송비 묶음그룹,조건부 무료,선결제,3000,3000,6000,N,Y,-,80072040746,,,,,,,가구/인테리어,수예,원단,,스팃스,스팃스,,,,N,N,N,,,,http://shop1.phinf.naver.net/20180307_241/es84214_1520411563331pLsSA_JPEG/43717863954964460_1875521166.JPG,,,,Y,2018-03-07 17:33:20,2026-06-17 17:28:23,
,2574279001,,위드미 린넨 커트지 (70cmx70cm),스마트스토어,,,판매중지,전시중,43238,9800,9800,,,N,N,N,,,,,1.0%,0,0,0,0,0,,,,오늘출발,"평일 16시00분까지 결제 완료된 주문

",기본 배송비 묶음그룹,조건부 무료,선결제,3000,3000,6000,N,Y,-,80072022563,,,,,,,가구/인테리어,수예,원단,,자체제작,자체브랜드,,,,N,N,N,,,,http://shop1.phinf.naver.net/20180307_51/es84214_1520411339538GCgV9_JPEG/43717640160951727_-1821498334.jpg,,,,Y,2018-03-07 17:29:18,2026-02-10 15:40:50,
,2574275238,,(일본서적)자수실로 만드는 컬러풀 실팔찌,스마트스토어,,,판매중지,전시중,42341,10300,10300,,,N,N,N,,,,,1.0%,0,0,0,0,0,,,,오늘출발,"평일 16시00분까지 결제 완료된 주문

",기본 배송비 묶음그룹,조건부 무료,선결제,2500,2500,5000,N,Y,-,80072018800,,,,,,,가구/인테리어,수예,자수,도안,,,,,,N,N,N,,,,http://shop1.phinf.naver.net/20180307_113/es84214_1520411288744KC8MM_JPEG/43717589361795399_1055653427.jpg,,,,Y,2018-03-07 17:28:29,2020-03-18 09:50:20,
,2574271832,,스팃스 수입 핑크체크 원단 1/2마 3종 택1,스마트스토어,,,판매중,전시중,86482,5600,5600,,,Y,N,N,,,,,1.0%,0,0,0,0,0,,,,오늘출발,"평일 16시00분까지 결제 완료된 주문

",기본 배송비 묶음그룹,조건부 무료,선결제,3000,3000,6000,N,Y,-,80072015394,,,,,,,가구/인테리어,수예,자수,도안,스팃스,스팃스,,,,N,N,N,,,,http://shop1.phinf.naver.net/20180307_199/es84214_1520411242404Owjm3_JPEG/43717543029792397_1062798962.JPG,,,,Y,2018-03-07 17:27:44,2026-06-17 17:28:40,
,2574268162,,스팃스 25 053 크로바 방안 시접자 30cm,스마트스토어,,,판매중,전시중,34241,11700,11700,,,N,N,N,,,,,1.0%,0,0,0,0,0,,,,오늘출발,"평일 16시00분까지 결제 완료된 주문

",기본 배송비 묶음그룹,조건부 무료,선결제,3000,3000,6000,N,Y,-,80072011724,,,,,,,가구/인테리어,수예,수예용품/부자재,,,,,,,N,N,N,,,,http://shop1.phinf.naver.net/20180307_113/es84214_1520411128683F4L74_JPEG/3042308338337343_140246604.JPG,,,,Y,2018-03-07 17:26:52,2026-06-17 17:28:57,
,2548765767,,(일본서적) 폼폼으로 만드는 폭신폭신 산리오 캐릭터,스마트스토어,,,판매중지,전시중,342341,13800,13800,,,N,N,N,,,,,1.0%,0,0,0,0,0,,,,오늘출발,"평일 16시00분까지 결제 완료된 주문

",기본 배송비 묶음그룹,조건부 무료,선결제,2500,2500,5000,N,Y,-,80046509297,,,,,,,가구/인테리어,수예,자수,도안,,,,,,N,N,N,,,,http://shop1.phinf.naver.net/20180228_137/es84214_15198079276629RouY_JPEG/43115107299991330_2049201716.jpg,,,,Y,2018-02-28 17:52:36,2021-03-03 10:12:20,
,2545383648,,스팃스 42 410 크로바 아뮤레 코바늘 10호,스마트스토어,,,판매중,전시중,42340,7800,7800,,,N,N,N,,,,,1.0%,0,0,0,0,0,,,,오늘출발,"평일 16시00분까지 결제 완료된 주문

",기본 배송비 묶음그룹,조건부 무료,선결제,3000,3000,6000,N,Y,-,80043127178,,,,,,,가구/인테리어,수예,자수,실/바늘,,,,,,N,N,N,,,,http://shop1.phinf.naver.net/20190124_140/es84214_15483178409019nz9T_JPEG/71624141528865626_560896364.jpg,,,,Y,2018-02-27 17:37:27,2026-06-17 17:29:15,
,2545380978,,스팃스 42 409 크로바 아뮤레 코바늘  9호,스마트스토어,,,판매중,전시중,43239,7800,7800,,,N,N,N,,,,,1.0%,0,0,0,0,0,,,,오늘출발,"평일 16시00분까지 결제 완료된 주문

",기본 배송비 묶음그룹,조건부 무료,선결제,3000,3000,6000,N,Y,-,80043124508,,,,,,,가구/인테리어,수예,자수,실/바늘,,,,,,N,N,N,,,,http://shop1.phinf.naver.net/20190124_140/es84214_1548317446949oHVte_JPEG/71623747575976301_1774860343.jpg,,,,Y,2018-02-27 17:36:40,2026-06-17 17:29:32,
,2545378724,,스팃스 42 408 크로바 아뮤레 코바늘  8호,스마트스토어,,,판매중,전시중,4322,7800,7800,,,N,N,N,,,,,1.0%,0,0,0,0,0,,,,오늘출발,"평일 16시00분까지 결제 완료된 주문

",기본 배송비 묶음그룹,조건부 무료,선결제,3000,3000,6000,N,Y,-,80043122254,,,,,,,가구/인테리어,수예,자수,실/바늘,,,,,,N,N,N,,,,http://shop1.phinf.naver.net/20190124_126/es84214_1548317488653h9tKt_JPEG/71623789280460018_1281939490.jpg,,,,Y,2018-02-27 17:36:05,2026-06-17 17:29:49,
,2545375538,,스팃스 42 427 크로바 아뮤레 코바늘 7.5호,스마트스토어,,,판매중,전시중,64340,7800,7800,,,N,N,N,,,,,1.0%,0,0,0,0,0,,,,오늘출발,"평일 16시00분까지 결제 완료된 주문

",기본 배송비 묶음그룹,조건부 무료,선결제,3000,3000,6000,N,Y,-,80043119068,,,,,,,가구/인테리어,수예,자수,실/바늘,,,,,,N,N,N,,,,http://shop1.phinf.naver.net/20190124_287/es84214_154831752873581tzy_JPEG/71623829360419141_1412470566.jpg,,,,Y,2018-02-27 17:35:19,2026-06-17 17:30:07,
,2545361775,,스팃스 42 407 크로바 아뮤레 코바늘 7호,스마트스토어,,,판매중,전시중,43241,7800,7800,,,N,N,N,,,,,1.0%,0,0,0,0,0,,,,오늘출발,"평일 16시00분까지 결제 완료된 주문

",기본 배송비 묶음그룹,조건부 무료,선결제,3000,3000,6000,N,Y,-,80043105305,,,,,,,가구/인테리어,수예,자수,실/바늘,크로바,크로바,,,,N,N,N,,,,https://shop-phinf.pstatic.net/20190124_11/es84214_15483175765622E081_JPEG/71623877188011279_2080363132.jpg,,,,Y,2018-02-27 17:31:30,2026-06-17 17:30:25,
,2545359993,,스팃스 42 406 크로바 아뮤레 코바늘  6호,스마트스토어,,,판매중,전시중,99999,7800,7800,,,N,N,N,,,,,1.0%,0,0,0,0,0,,,,오늘출발,"평일 16시00분까지 결제 완료된 주문

",기본 배송비 묶음그룹,조건부 무료,선결제,3000,3000,6000,N,Y,-,80043103523,,,,,,,가구/인테리어,수예,자수,실/바늘,,,,,,N,N,N,,,,http://shop1.phinf.naver.net/20190124_240/es84214_1548317614887xndE0_JPEG/71623915513009328_1088337498.jpg,,,,Y,2018-02-27 17:30:56,2026-06-17 17:30:41,
,2545358082,,스팃스 42 405 크로바 아뮤레 코바늘  5호,스마트스토어,,,판매중,전시중,432340,7800,7800,,,N,N,N,,,,,1.0%,0,0,0,0,0,,,,오늘출발,"평일 16시00분까지 결제 완료된 주문

",기본 배송비 묶음그룹,조건부 무료,선결제,3000,3000,6000,N,Y,-,80043101612,,,,,,,가구/인테리어,수예,자수,실/바늘,,,,,,N,N,N,,,,http://shop1.phinf.naver.net/20190124_257/es84214_15483176527635OM0E_JPEG/71623953390314311_1666335588.jpg,,,,Y,2018-02-27 17:30:21,2026-06-17 17:30:59,
,2545355729,,스팃스 42 404 크로바 아뮤레 코바늘 4호,스마트스토어,,,판매중,전시중,4237,7800,7800,,,N,N,N,,,,,1.0%,0,0,0,0,0,,,,오늘출발,"평일 16시00분까지 결제 완료된 주문

",기본 배송비 묶음그룹,조건부 무료,선결제,3000,3000,6000,N,Y,-,80043099259,,,,,,,가구/인테리어,수예,자수,실/바늘,크로바,크로바,,,,N,N,N,,,,https://shop-phinf.pstatic.net/20190124_152/es84214_1548317710765JmCb9_JPEG/71624011391331936_38991252.jpg,,,,Y,2018-02-27 17:29:46,2026-06-17 17:31:17,
,2545353252,,스팃스 42 403 크로바 아뮤레 코바늘  3호,스마트스토어,,,판매중,전시중,4230,7800,7800,,,N,N,N,,,,,1.0%,0,0,0,0,0,,,,오늘출발,"평일 16시00분까지 결제 완료된 주문

",기본 배송비 묶음그룹,조건부 무료,선결제,3000,3000,6000,N,Y,-,80043096782,,,,,,,가구/인테리어,수예,자수,실/바늘,크로바,크로바,270,,,N,N,N,,,,https://shop-phinf.pstatic.net/20190124_264/es84214_1548317755341hPaKa_JPEG/71624055968483743_220348499.jpg,,,,Y,2018-02-27 17:29:08,2026-06-17 17:31:35,
,2545344699,,스팃스 42 402 크로바 아뮤레 코바늘  2호,스마트스토어,,,판매중,전시중,3423,7800,7800,,,N,N,N,,,,,1.0%,0,0,0,0,0,,,,오늘출발,"평일 16시00분까지 결제 완료된 주문

",기본 배송비 묶음그룹,조건부 무료,선결제,3000,3000,6000,N,Y,-,80043088229,,,,,,,가구/인테리어,수예,자수,실/바늘,,,,,,N,N,N,,,,http://shop1.phinf.naver.net/20190124_297/es84214_1548317796277oL6be_JPEG/71624096904665609_1217517585.jpg,,,,Y,2018-02-27 17:26:59,2026-06-17 17:31:53,
,2544640206,,스팃스 13 305 크로바 셀프바늘세트,스마트스토어,,,판매중,전시중,42425,5200,5200,,,N,N,N,,,,,1.0%,0,0,0,0,0,,,,오늘출발,"평일 16시00분까지 결제 완료된 주문

",기본 배송비 묶음그룹,조건부 무료,선결제,3000,3000,6000,N,Y,-,80042383736,,,,,,,가구/인테리어,수예,자수,실/바늘,,,,,,N,N,N,,,,http://shop1.phinf.naver.net/20180227_7/es84214_15197070772068rNjE_JPEG/43014236827509874_843161922.jpg,,,,Y,2018-02-27 13:51:41,2026-02-13 18:47:18,
,2544633116,,스팃스 41 400 크로바 아뮤레 레이스바늘 0호,스마트스토어,,,판매중,전시중,43240,7800,7800,,,N,N,N,,,,,1.0%,0,0,0,0,0,,,,오늘출발,"평일 16시00분까지 결제 완료된 주문

",기본 배송비 묶음그룹,조건부 무료,선결제,3000,3000,6000,N,Y,-,80042376646,,,,,,,가구/인테리어,수예,자수,실/바늘,,,,,,N,N,N,,,,http://shop1.phinf.naver.net/20180227_221/es84214_1519706753673CI1VX_JPEG/43013913295723421_1066415144.jpg,,,,Y,2018-02-27 13:46:10,2026-06-17 17:32:29,
,2544631868,,스팃스 41 402 크로바 아뮤레 레이스바늘 2호,스마트스토어,,,판매중,전시중,342341,7800,7800,,,N,N,N,,,,,1.0%,0,0,0,0,0,,,,오늘출발,"평일 16시00분까지 결제 완료된 주문

",기본 배송비 묶음그룹,조건부 무료,선결제,3000,3000,6000,N,Y,-,80042375398,,,,,,,가구/인테리어,수예,자수,실/바늘,,,,,,N,N,N,,,,http://shop1.phinf.naver.net/20180227_4/es84214_1519706708209n9GvY_JPEG/43013867831337389_1545185348.jpg,,,,Y,2018-02-27 13:45:36,2026-06-17 17:32:47,
,2544629863,,스팃스 41 404 크로바 아뮤레 레이스바늘 4호,스마트스토어,,,판매중,전시중,42341,7800,7800,,,N,N,N,,,,,1.0%,0,0,0,0,0,,,,오늘출발,"평일 16시00분까지 결제 완료된 주문

",기본 배송비 묶음그룹,조건부 무료,선결제,3000,3000,6000,N,Y,-,80042373393,,,,,,,가구/인테리어,수예,자수,실/바늘,,,,,,N,N,N,,,,http://shop1.phinf.naver.net/20180227_138/es84214_1519706668766xwfaj_JPEG/43013828388061208_798373116.jpg,,,,Y,2018-02-27 13:44:49,2026-06-17 17:33:05,
,2544628986,,스팃스 41 406 크로바 아뮤레 레이스바늘  6호,스마트스토어,,,판매중,전시중,4243,7800,7800,,,N,N,N,,,,,1.0%,0,0,0,0,0,,,,오늘출발,"평일 16시00분까지 결제 완료된 주문

",기본 배송비 묶음그룹,조건부 무료,선결제,3000,3000,6000,N,Y,-,80042372516,,,,,,,가구/인테리어,수예,자수,실/바늘,,,,,,N,N,N,,,,http://shop1.phinf.naver.net/20180227_280/es84214_151970662975856nph_JPEG/43013789380358960_643149138.jpg,,,,Y,2018-02-27 13:44:09,2026-06-17 17:33:23,
,2544628151,,스팃스 41 408 크로바 아뮤레 레이스바늘  8호,스마트스토어,,,판매중,전시중,432342,7800,7800,,,N,N,N,,,,,1.0%,0,0,0,0,0,,,,오늘출발,"평일 16시00분까지 결제 완료된 주문

",기본 배송비 묶음그룹,조건부 무료,선결제,3000,3000,6000,N,Y,-,80042371681,,,,,,,가구/인테리어,수예,자수,실/바늘,,,,,,N,N,N,,,,http://shop1.phinf.naver.net/20180227_254/es84214_1519706564275N5a9w_JPEG/43013723895092934_1811852127.jpg,,,,Y,2018-02-27 13:43:28,2026-06-17 17:33:40,
,2544626990,,스팃스 41 410 크로바 아뮤레 레이스바늘  10호,스마트스토어,,,판매중,전시중,4320,7800,7800,,,N,N,N,,,,,1.0%,0,0,0,0,0,,,,오늘출발,"평일 16시00분까지 결제 완료된 주문

",기본 배송비 묶음그룹,조건부 무료,선결제,3000,3000,6000,N,Y,-,80042370520,,,,,,,가구/인테리어,수예,자수,실/바늘,,,,,,N,N,N,,,,http://shop1.phinf.naver.net/20180227_76/es84214_1519706523096eC6sz_JPEG/43013682718826139_240892485.jpg,,,,Y,2018-02-27 13:42:22,2026-06-17 17:33:58,
,2544626128,,스팃스 41 412 크로바 아뮤레 레이스바늘  12호,스마트스토어,,,판매중,전시중,34231,7800,7800,,,N,N,N,,,,,1.0%,0,0,0,0,0,,,,오늘출발,"평일 16시00분까지 결제 완료된 주문

",기본 배송비 묶음그룹,조건부 무료,선결제,3000,3000,6000,N,Y,-,80042369658,,,,,,,가구/인테리어,수예,자수,실/바늘,,,,,,N,N,N,,,,http://shop1.phinf.naver.net/20180227_59/es84214_1519706476983qz17h_JPEG/43013636605534895_-7728393.jpg,,,,Y,2018-02-27 13:41:45,2026-06-17 17:34:16,
,2541742305,,존제임스 태피스트리 골드자수 바늘 set  (24/26호),스마트스토어,,,판매중지,전시중,34242,2800,2800,,,N,N,N,,,,,1.0%,0,0,0,0,0,,,,오늘출발,"평일 16시00분까지 결제 완료된 주문

",기본 배송비 묶음그룹,조건부 무료,선결제,2500,2500,5000,N,Y,-,80039485835,,,,,,,가구/인테리어,수예,자수,실/바늘,,,,,,N,N,N,,,,http://shop1.phinf.naver.net/20180226_257/es84214_1519634995285bAxAI_JPEG/42942154901058195_587709741.jpg,,,,Y,2018-02-26 17:50:19,2019-02-28 19:39:22,
,2532798202,,스팃스 35 114 크로바 두꺼운 고무줄 끼우개 클립식,스마트스토어,,,판매중,전시중,3423,6900,6900,,,N,N,N,,,,,1.0%,0,0,0,0,0,,,,오늘출발,"평일 16시00분까지 결제 완료된 주문

",기본 배송비 묶음그룹,조건부 무료,선결제,3000,3000,6000,N,Y,-,80030541732,,,,,,,가구/인테리어,수예,수예용품/부자재,,,,,,,N,N,N,,,,http://shop1.phinf.naver.net/20180222_222/es84214_15192809069654Ps54_JPEG/1999765814615220_-1219250773.JPG,,,,Y,2018-02-22 15:28:49,2026-06-17 17:34:35,
,2532764102,,크로바 컵케잌 핀쿠션,스마트스토어,,,판매중지,전시중,4323,10000,10000,,,N,N,N,,,,,1.0%,0,0,0,0,0,,,,오늘출발,"평일 16시00분까지 결제 완료된 주문

",기본 배송비 묶음그룹,조건부 무료,선결제,2500,2500,5000,N,Y,-,80030507632,,,,,,,가구/인테리어,수예,수예용품/부자재,,,,,,,N,N,N,,,,http://shop1.phinf.naver.net/20180222_217/es84214_1519280095361qhTXs_JPEG/42587254877465725_-762817969.JPG,,,,Y,2018-02-22 15:15:16,2019-06-28 14:56:45,
,2532748588,,스팃스 43 321 크로바 아뮤레 코바늘 8종 세트,스마트스토어,,,판매중,전시중,43234,58000,58000,,,N,N,N,,,,,1.0%,0,0,0,0,0,,,,오늘출발,"평일 16시00분까지 결제 완료된 주문

",기본 배송비 묶음그룹,무료,,0,3000,6000,N,Y,-,80030492118,,,,,,,가구/인테리어,수예,뜨개질,뜨개질바늘,,,,,,N,N,N,,,,http://shop1.phinf.naver.net/20180222_153/es84214_1519279652934MJlsu_JPEG/42586812555072531_119476923.jpg,,,,Y,2018-02-22 15:08:02,2026-02-13 18:47:18,
,2532739465,,스팃스 43 323 크로바 아뮤레 레이스 바늘 5종 세트,스마트스토어,,,판매중,전시중,4323,36000,36000,,,N,N,N,,,,,1.0%,0,0,0,0,0,,,,오늘출발,"평일 16시00분까지 결제 완료된 주문

",기본 배송비 묶음그룹,조건부 무료,선결제,3000,3000,6000,N,Y,-,80030482995,,,,,,,가구/인테리어,수예,수예용품/부자재,,크로바,크로바,,,,N,N,N,,,,https://shop-phinf.pstatic.net/20240613_50/1718258084724Nwmmi_JPEG/4983315563380198_1772562997.jpg,,,,Y,2018-02-22 15:03:34,2026-06-17 17:35:13,
,2532722708,,스팃스 42 425 크로바 아뮤레 점보 코바늘 15mm,스마트스토어,,,판매중,전시중,43323,11400,11400,,,N,N,N,,,,,1.0%,0,0,0,0,0,,,,오늘출발,"평일 16시00분까지 결제 완료된 주문

",기본 배송비 묶음그룹,조건부 무료,선결제,3000,3000,6000,N,Y,-,80030466238,,,,,,,가구/인테리어,수예,수예용품/부자재,,,,,,,N,N,N,,,,http://shop1.phinf.naver.net/20180222_297/es84214_1519278963736a4NBF_JPEG/1910143393206994_-2019957245.jpg,,,,Y,2018-02-22 14:56:24,2026-06-17 17:35:33,
,2532721453,,스팃스 42 422 크로바 아뮤레 점보 코바늘  12mm,스마트스토어,,,판매중,전시중,43239,10200,10200,,,N,N,N,,,,,1.0%,0,0,0,0,0,,,,오늘출발,"평일 16시00분까지 결제 완료된 주문

",기본 배송비 묶음그룹,조건부 무료,선결제,3000,3000,6000,N,Y,-,80030464983,,,,,,,가구/인테리어,수예,수예용품/부자재,,,,,,,N,N,N,,,,http://shop1.phinf.naver.net/20180222_63/es84214_1519278924708YuINC_JPEG/1910104365006523_-908850344.jpg,,,,Y,2018-02-22 14:55:46,2026-06-17 17:35:53,
,2532708570,,스팃스 42 420 크로바 아뮤레 점보 코바늘  10mm,스마트스토어,,,판매중,전시중,3422,9600,9600,,,N,N,N,,,,,1.0%,0,0,0,0,0,,,,오늘출발,"평일 16시00분까지 결제 완료된 주문

",기본 배송비 묶음그룹,조건부 무료,선결제,3000,3000,6000,N,Y,-,80030452100,,,,,,,가구/인테리어,수예,수예용품/부자재,,,,,,,N,N,N,,,,http://shop1.phinf.naver.net/20180222_32/es84214_1519278597278a47iX_JPEG/1997456128159971_1348802257.jpg,,,,Y,2018-02-22 14:50:24,2026-06-17 17:36:13,
,2532698776,,스팃스 42 418 크로바 아뮤레 점보 코바늘  8mm,스마트스토어,,,판매중,전시중,342340,9000,9000,,,N,N,N,,,,,1.0%,0,0,0,0,0,,,,오늘출발,"평일 16시00분까지 결제 완료된 주문

",기본 배송비 묶음그룹,조건부 무료,선결제,3000,3000,6000,N,Y,-,80030442306,,,,,,,가구/인테리어,수예,수예용품/부자재,,크로바,크로바,,,,N,N,N,,,,https://shop-phinf.pstatic.net/20180222_79/es84214_1519278382710wOHbC_JPEG/1997241560079082_1058459978.jpg,,,,Y,2018-02-22 14:46:44,2026-06-17 17:36:33,
,2532693521,,스팃스 42 417 크로바 아뮤레 점보 코바늘  7mm,스마트스토어,,,판매중,전시중,34242,9000,9000,,,N,N,N,,,,,1.0%,0,0,0,0,0,,,,오늘출발,"평일 16시00분까지 결제 완료된 주문

",기본 배송비 묶음그룹,조건부 무료,선결제,3000,3000,6000,N,Y,-,80030437051,,,,,,,가구/인테리어,수예,수예용품/부자재,,,,,,,N,N,N,,,,http://shop1.phinf.naver.net/20180222_173/es84214_1519278238378tLVgh_JPEG/1909418034695650_1382378578.jpg,,,,Y,2018-02-22 14:44:25,2026-06-17 17:36:53,
,2522448297,,스팃스 수국 무지원단 실 십자수 패키지 도안 실 원단 포함 풀세트,스마트스토어,,,판매중,전시중,43242,28000,28000,,,N,N,N,,,,,1.0%,0,0,0,0,0,,,,오늘출발,"평일 16시00분까지 결제 완료된 주문

",기본 배송비 묶음그룹,무료,,0,3000,6000,N,Y,-,80020191827,,,,,,,가구/인테리어,수예,자수,패키지,스팃스,스팃스,,,,N,N,N,,,,http://shop1.phinf.naver.net/20180218_185/es84214_1518944437341RJOs8_JPEG/42251616867493719_1336915921.jpg,,,,Y,2018-02-18 18:01:03,2026-06-17 17:37:14,
,2522447520,,스팃스 뷰티풀 가든 무지원단 실 십자수 패키지 도안 실 원단 포함 풀세트,스마트스토어,,,판매중,전시중,3422,24000,24000,,,N,N,N,,,,,1.0%,0,0,0,0,0,,,,오늘출발,"평일 16시00분까지 결제 완료된 주문

",기본 배송비 묶음그룹,무료,,0,3000,6000,N,Y,-,80020191050,,,,,,,가구/인테리어,수예,자수,패키지,스팃스,스팃스,,,,N,N,N,,,,http://shop1.phinf.naver.net/20180218_271/es84214_1518944323321ElrCQ_JPEG/42251502852138752_-1389580229.jpg,,,,Y,2018-02-18 17:59:11,2026-06-17 17:37:36,
,2522446251,,스팃스 나비 무지원단 실 십자수 패키지 도안 실 원단 포함 풀세트,스마트스토어,,,판매중,전시중,43241,27000,27000,,,N,N,N,,,,,1.0%,0,0,0,0,0,,,,오늘출발,"평일 16시00분까지 결제 완료된 주문

",기본 배송비 묶음그룹,무료,,0,3000,6000,N,Y,-,80020189781,,,,,,,가구/인테리어,수예,자수,패키지,스팃스,스팃스,,,,N,N,N,,,,http://shop1.phinf.naver.net/20180218_204/es84214_1518944159274PMXvf_JPEG/42251338912748750_-1799669478.jpg,,,,Y,2018-02-18 17:56:26,2026-02-20 12:56:04,
,2522444877,,스팃스 베이비 샤워 무지원단 실 십자수 패키지 도안 실 원단 포함 풀세트,스마트스토어,,,판매중,전시중,43242,43000,43000,,,N,N,N,,,,,1.0%,0,0,0,0,0,,,,오늘출발,"평일 16시00분까지 결제 완료된 주문

",기본 배송비 묶음그룹,무료,,0,3000,6000,N,Y,-,80020188407,,,,,,,가구/인테리어,수예,자수,패키지,스팃스,스팃스,,,,N,N,N,,,,http://shop1.phinf.naver.net/20180218_71/es84214_15189439696700IMIm_JPEG/42251129292059686_-664490513.jpg,,,,Y,2018-02-18 17:53:17,2026-06-17 17:38:16,
,2522443302,,스팃스 꽃바구니 무지원단 실 십자수 패키지 도안 실 원단 포함 풀세트,스마트스토어,,,판매중,전시중,43242,27000,27000,,,N,N,N,,,,,1.0%,0,0,0,0,0,,,,오늘출발,"평일 16시00분까지 결제 완료된 주문

",기본 배송비 묶음그룹,무료,,0,3000,6000,N,Y,-,80020186832,,,,,,,가구/인테리어,수예,자수,패키지,스팃스,스팃스,,,,N,N,N,,,,http://shop1.phinf.naver.net/20180218_105/es84214_1518943736003PBtib_JPEG/1574915655664664_-1984983303.jpg,,,,Y,2018-02-18 17:49:21,2026-06-17 17:38:37,
,2522442537,,스팃스 모래성 무지원단 실 십자수 패키지 도안 실 원단 포함 풀세트,스마트스토어,,,판매중,전시중,43242,24000,24000,,,N,N,N,,,,,1.0%,0,0,0,0,0,,,,오늘출발,"평일 16시00분까지 결제 완료된 주문

",기본 배송비 묶음그룹,무료,,0,3000,6000,N,Y,-,80020186067,,,,,,,가구/인테리어,수예,자수,패키지,스팃스,스팃스,,,,N,N,N,,,,http://shop1.phinf.naver.net/20180218_114/es84214_15189435162256jqzG_JPEG/42250675846568659_-546084915.jpg,,,,Y,2018-02-18 17:45:43,2026-02-20 12:56:04,
,2522441860,,스팃스 빅토리아 무지원단 실 십자수 패키지 도안 실 원단 포함 풀세트,스마트스토어,,,판매중,전시중,43239,26000,26000,,,N,N,N,,,,,1.0%,0,0,0,0,0,,,,오늘출발,"평일 16시00분까지 결제 완료된 주문

",기본 배송비 묶음그룹,무료,,0,3000,6000,N,Y,-,80020185390,,,,,,,가구/인테리어,수예,자수,패키지,스팃스,스팃스,,,,N,N,N,,,,http://shop1.phinf.naver.net/20180218_202/es84214_1518943310898oofyw_JPEG/42250470519314886_1340744464.jpg,,,,Y,2018-02-18 17:42:54,2026-02-20 12:56:04,
,2522440998,,스팃스 장미 무지원단 실 십자수 패키지 도안 실 원단 포함 풀세트,스마트스토어,,,판매중,전시중,43238,26000,26000,,,N,N,N,,,,,1.0%,0,0,0,0,0,,,,오늘출발,"평일 16시00분까지 결제 완료된 주문

",기본 배송비 묶음그룹,무료,,0,3000,6000,N,Y,-,80020184528,,,,,,,가구/인테리어,수예,자수,패키지,스팃스,스팃스,,,,N,N,N,,,,http://shop1.phinf.naver.net/20180218_46/es84214_1518943119585sApxh_JPEG/42250299227389897_-1553234548.jpg,,,,Y,2018-02-18 17:39:08,2026-06-17 17:39:37,
,2522440217,,스팃스 소잉패키지 무지원단 실 십자수 패키지 도안 실 원단 포함 풀세트,스마트스토어,,,판매중,전시중,43242,43000,43000,,,N,N,N,,,,,1.0%,0,0,0,0,0,,,,오늘출발,"평일 16시00분까지 결제 완료된 주문

",기본 배송비 묶음그룹,무료,,0,3000,6000,N,Y,-,80020183747,,,,,,,가구/인테리어,수예,자수,패키지,스팃스,스팃스,,,,N,N,N,,,,http://shop1.phinf.naver.net/20180218_109/es84214_1518942899204fCWra_JPEG/42249199831353314_-596192667.jpg,,,,Y,2018-02-18 17:35:36,2026-02-20 12:56:04,
,2522439465,,스팃스 딸기 무지원단 실 십자수 패키지 도안 실 원단 포함 풀세트,스마트스토어,,,판매중,전시중,43241,25000,25000,,,N,N,N,,,,,1.0%,0,0,0,0,0,,,,오늘출발,"평일 16시00분까지 결제 완료된 주문

",기본 배송비 묶음그룹,무료,,0,3000,6000,N,Y,-,80020182995,,,,,,,가구/인테리어,수예,자수,패키지,스팃스,스팃스,,,,N,N,N,,,,http://shop1.phinf.naver.net/20180218_169/es84214_1518942707555WcCo7_JPEG/42249008182758013_340396498.jpg,,,,Y,2018-02-18 17:32:23,2026-02-20 12:56:04,
,2522438464,,스팃스 썸머 무지원단 실 십자수 패키지 도안 실 원단 포함 풀세트,스마트스토어,,,판매중,전시중,43241,43000,43000,,,N,N,N,,,,,1.0%,0,0,0,0,0,,,,오늘출발,"평일 16시00분까지 결제 완료된 주문

",기본 배송비 묶음그룹,무료,,0,3000,6000,N,Y,-,80020181994,,,,,,,가구/인테리어,수예,자수,패키지,스팃스,스팃스,,,,N,N,N,,,,http://shop1.phinf.naver.net/20180218_290/es84214_1518942529460Oh6gd_JPEG/1573709115006102_-135420095.jpg,,,,Y,2018-02-18 17:29:16,2026-06-17 17:40:39,
,2522437788,,스팃스 4계절 무지원단 실 십자수 패키지 도안 실 원단 포함 풀세트,스마트스토어,,,판매중,전시중,43242,36000,36000,,,N,N,N,,,,,1.0%,0,0,0,0,0,,,,오늘출발,"평일 16시00분까지 결제 완료된 주문

",기본 배송비 묶음그룹,무료,,0,3000,6000,N,Y,-,80020181318,,,,,,,가구/인테리어,수예,자수,패키지,스팃스,스팃스,,,,N,N,N,,,,http://shop1.phinf.naver.net/20180218_93/es84214_1518942350526jKgUs_JPEG/42249530167695575_1559231298.jpg,,,,Y,2018-02-18 17:26:20,2026-02-20 12:56:04,
,2522436243,,스팃스 sea view 무지원단 실 십자수 패키지 도안 실 원단 포함 풀세트,스마트스토어,,,판매중,전시중,43241,27000,27000,,,N,N,N,,,,,1.0%,0,0,0,0,0,,,,오늘출발,"평일 16시00분까지 결제 완료된 주문

",기본 배송비 묶음그룹,무료,,0,3000,6000,N,Y,-,80020179773,,,,,,,가구/인테리어,수예,자수,패키지,스팃스,스팃스,,,,N,N,N,,,,http://shop1.phinf.naver.net/20180218_103/es84214_1518942100321OcFso_JPEG/1573279977092786_1550470471.jpg,,,,Y,2018-02-18 17:22:09,2026-06-17 17:41:21,
,2522435186,,스팃스 봄 무지원단 실 십자수 패키지 도안 실 원단 포함 풀세트,스마트스토어,,,판매중,전시중,34239,33000,33000,,,N,N,N,,,,,1.0%,0,0,0,0,0,,,,오늘출발,"평일 16시00분까지 결제 완료된 주문

",기본 배송비 묶음그룹,무료,,0,3000,6000,N,Y,-,80020178716,,,,,,,가구/인테리어,수예,자수,패키지,스팃스,스팃스,,,,N,N,N,,,,http://shop1.phinf.naver.net/20180218_294/es84214_15189418829195XarR_JPEG/1660741767962848_-1246710327.jpg,,,,Y,2018-02-18 17:18:48,2026-02-20 12:56:04,
,2522433817,,스팃스 노을과 등대 무지원단 실 십자수 패키지 도안 실 원단 포함 풀세트,스마트스토어,,,판매중,전시중,43237,35000,35000,,,N,N,N,,,,,1.0%,0,0,0,0,0,,,,오늘출발,"평일 16시00분까지 결제 완료된 주문

",기본 배송비 묶음그룹,무료,,0,3000,6000,N,Y,-,80020177347,,,,,,,가구/인테리어,수예,자수,패키지,스팃스,스팃스,,,,N,N,N,,,,http://shop1.phinf.naver.net/20180218_83/es84214_1518941645257z4eBx_JPEG/1572824912320256_-1426192899.jpg,,,,Y,2018-02-18 17:14:36,2026-06-17 17:42:03,
,2522432718,,스팃스 꽃가게 무지원단 실 십자수 패키지 도안 실 원단 포함 풀세트,스마트스토어,,,판매중,전시중,43229,34000,34000,,,N,N,N,,,,,1.0%,0,0,0,0,0,,,,오늘출발,"평일 16시00분까지 결제 완료된 주문

",기본 배송비 묶음그룹,무료,,0,3000,6000,N,Y,-,80020176248,,,,,,,가구/인테리어,수예,자수,패키지,스팃스,스팃스,,,,N,N,N,,,,http://shop1.phinf.naver.net/20180218_262/es84214_1518941427194Yu725_JPEG/1572606849569289_748632188.jpg,,,,Y,2018-02-18 17:11:07,2026-02-20 12:56:04,
,2522431791,,스팃스 교외마을 무지원단 실 십자수 패키지 도안 실 원단 포함 풀세트,스마트스토어,,,판매중,전시중,43240,33500,33500,,,N,N,N,,,,,1.0%,0,0,0,0,0,,,,오늘출발,"평일 16시00분까지 결제 완료된 주문

",기본 배송비 묶음그룹,무료,,0,3000,6000,N,Y,-,80020175321,,,,,,,가구/인테리어,수예,자수,패키지,스팃스,스팃스,,,,N,N,N,,,,http://shop1.phinf.naver.net/20180218_213/es84214_1518941244264IpBAh_JPEG/42248403886393137_-397350989.jpg,,,,Y,2018-02-18 17:07:53,2026-06-17 17:42:45,
,2522430896,,스팃스 평온 용기 지혜 무지원단 실 십자수 패키지 도안 실 원단 포함 풀세트,스마트스토어,,,판매중,전시중,43238,35000,35000,,,N,N,N,,,,,1.0%,0,0,0,0,0,,,,오늘출발,"평일 16시00분까지 결제 완료된 주문

",기본 배송비 묶음그룹,무료,,0,3000,6000,N,Y,-,80020174426,,,,,,,가구/인테리어,수예,자수,패키지,스팃스,스팃스,,,,N,N,N,,,,http://shop1.phinf.naver.net/20180218_19/es84214_1518941042038iGHPu_JPEG/42248201658490463_-1870434858.jpg,,,,Y,2018-02-18 17:04:31,2026-06-17 17:43:07,
,2522430017,,스팃스 우편배달부 무지원단 실 십자수 패키지 도안 실 원단 포함 풀세트,스마트스토어,,,판매중,전시중,43239,30000,30000,,,N,N,N,,,,,1.0%,0,0,0,0,0,,,,오늘출발,"평일 16시00분까지 결제 완료된 주문

",기본 배송비 묶음그룹,무료,,0,3000,6000,N,Y,-,80020173547,,,,,,,가구/인테리어,수예,자수,패키지,스팃스,스팃스,,,,N,N,N,,,,http://shop1.phinf.naver.net/20180218_221/es84214_1518940863562CkDVO_JPEG/42248043203932520_1285494240.jpg,,,,Y,2018-02-18 17:01:34,2026-02-20 12:56:04,
,2522427397,,스팃스 꽃병 무지원단 실 십자수 패키지 도안 실 원단 포함 풀세트,스마트스토어,,,판매중,전시중,34241,23000,23000,,,N,N,N,,,,,1.0%,0,0,0,0,0,,,,오늘출발,"평일 16시00분까지 결제 완료된 주문

",기본 배송비 묶음그룹,무료,,0,3000,6000,N,Y,-,80020170927,,,,,,,가구/인테리어,수예,자수,패키지,스팃스,스팃스,,,,N,N,N,,,,http://shop1.phinf.naver.net/20180218_237/es84214_151894047699113jJV_JPEG/1659335839617788_-1452424803.jpg,,,,Y,2018-02-18 16:55:53,2026-06-17 17:43:50,
,2522425095,,스팃스 골동품가게 무지원단 실 십자수 패키지 도안 실 원단 포함 풀세트,스마트스토어,,,판매중,전시중,9997,25000,25000,,,N,N,N,,,,,1.0%,0,0,0,0,0,,,,오늘출발,"평일 16시00분까지 결제 완료된 주문

",기본 배송비 묶음그룹,무료,,0,3000,6000,N,Y,-,80020168625,,,,,,,가구/인테리어,수예,자수,패키지,스팃스,스팃스,,,,N,N,N,,,,http://shop1.phinf.naver.net/20180218_175/es84214_1518940315434WjLPp_JPEG/1571495090003976_714509034.jpg,,,,Y,2018-02-18 16:52:21,2026-02-20 12:56:04,
,2522423515,,스팃스 휴양지 무지원단 실 십자수 패키지 도안 실 원단 포함 풀세트,스마트스토어,,,판매중,전시중,423342,23000,23000,,,N,N,N,,,,,1.0%,0,0,0,0,0,,,,오늘출발,"평일 16시00분까지 결제 완료된 주문

",기본 배송비 묶음그룹,무료,,0,3000,6000,N,Y,-,80020167045,,,,,,,가구/인테리어,수예,자수,패키지,스팃스,스팃스,,,,N,N,N,,,,http://shop1.phinf.naver.net/20180218_294/es84214_1518940027767u3QKB_JPEG/1571207423727560_1792617448.jpg,,,,Y,2018-02-18 16:47:55,2026-02-20 12:56:04,
,2522319498,,스팃스 별장 무지원단 실 십자수 패키지 도안 실 원단 포함 풀세트,스마트스토어,,,판매중,전시중,43238,35000,35000,,,N,N,N,,,,,1.0%,0,0,0,0,0,,,,오늘출발,"평일 16시00분까지 결제 완료된 주문

",기본 배송비 묶음그룹,무료,,0,3000,6000,N,Y,-,80020063028,,,,,,,가구/인테리어,수예,자수,패키지,스팃스,스팃스,,,,N,N,N,,,,http://shop1.phinf.naver.net/20180218_83/es84214_15189282093359Q4f0_JPEG/42235388972970185_1741694004.jpg,,,,Y,2018-02-18 13:30:41,2026-06-17 17:45:21,
,2501502153,,스팃스 원목 우드 원형 좌식 수틀 30cm,스마트스토어,,,판매중,전시중,343201,18000,18000,,,N,N,N,,,,,1.0%,0,0,0,0,0,,,,오늘출발,"평일 16시00분까지 결제 완료된 주문

",기본 배송비 묶음그룹,조건부 무료,선결제,3000,3000,6000,N,Y,-,13519781035,,,,,,,가구/인테리어,수예,수예용품/부자재,,스팃스,스팃스,,,,N,N,N,,,,http://shop1.phinf.naver.net/20180208_37/es84214_1518063077601Oimq0_JPEG/41370237098039807_-94846619.JPG,,,,Y,2018-02-08 13:16:44,2026-06-17 17:45:42,
,2501421249,,스팃스 57 967 크로바 타원형 니트룸 미니직조기,스마트스토어,,,판매중,전시중,1,18000,18000,,,N,N,N,,,,,1.0%,0,0,0,0,0,,,,오늘출발,"평일 16시00분까지 결제 완료된 주문

",기본 배송비 묶음그룹,조건부 무료,선결제,3000,3000,6000,N,Y,-,13519640105,,,,,,,가구/인테리어,수예,수예용품/부자재,,,,,,,N,N,N,,,,http://shop1.phinf.naver.net/20180208_137/es84214_1518062184471HvT3y_JPEG/41369363996180419_1689441380.jpg,,,,Y,2018-02-08 13:00:42,2026-06-17 17:46:04,
,2501390385,,스팃스 프렌치 린넨 원단 9종 1마 145cm x 90cm,스마트스토어,,,판매중,전시중,30817272,10200,10200,,,Y,N,N,,,,,1.0%,0,0,0,0,0,,,,오늘출발,"평일 16시00분까지 결제 완료된 주문

",기본 배송비 묶음그룹,조건부 무료,선결제,3000,3000,6000,N,Y,-,13519609225,,,,,,,가구/인테리어,수예,원단,,스팃스,스팃스,,,,N,N,N,,,,http://shop1.phinf.naver.net/20180208_21/es84214_15180614532338Akne_JPEG/41368632872361265_614173890.JPG,,,,Y,2018-02-08 12:54:53,2026-06-17 17:46:26,
,2491815751,,(일본자수서적) 코바늘로 짜는 미니어처 소품 100,스마트스토어,,,판매중지,전시중,43240,17000,17000,,,N,N,N,,,,,1.0%,0,0,0,0,0,,,,오늘출발,"평일 16시00분까지 결제 완료된 주문

",기본 배송비 묶음그룹,조건부 무료,선결제,2500,2500,5000,N,Y,-,13494779069,,,,,,,가구/인테리어,수예,자수,도안,,,,,,N,N,N,,,,http://shop1.phinf.naver.net/20180206_290/es84214_1517881886288m4uT2_JPEG/41189065926878614_-2089470041.jpg,,,,Y,2018-02-06 10:51:53,2020-12-30 14:27:48,
,2491813684,,(일본자수서적) 초입문-입체자수 레슨BOOK,스마트스토어,,,판매중지,전시중,43241,16500,16500,,,N,N,N,,,,,1.0%,0,0,0,0,0,,,,오늘출발,"평일 16시00분까지 결제 완료된 주문

",기본 배송비 묶음그룹,조건부 무료,선결제,2500,2500,5000,N,Y,-,13494766640,,,,,,,가구/인테리어,수예,자수,도안,,,,,,N,N,N,,,,http://shop1.phinf.naver.net/20180206_37/es84214_1517881820931i9uym_JPEG/41189000566748085_623239828.jpg,,,,Y,2018-02-06 10:50:53,2021-10-26 11:16:06,
,2491811908,,(일본자수서적) 클래식 영국 스타일 십자수,스마트스토어,,,판매중지,전시중,43241,22000,22000,,,N,N,N,,,,,1.0%,0,0,0,0,0,,,,오늘출발,"평일 16시00분까지 결제 완료된 주문

",기본 배송비 묶음그룹,조건부 무료,선결제,2500,2500,5000,N,Y,-,13494752773,,,,,,,가구/인테리어,수예,자수,도안,,,,,,N,N,N,,,,http://shop1.phinf.naver.net/20180206_255/es84214_15178817670665LLhC_JPEG/41188946708800602_160882779.jpg,,,,Y,2018-02-06 10:49:53,2021-01-01 16:08:44,
,2491810152,,(일본자수서적) 모리레이코의 자수레슨 - ELEGANT EMBROIDERY,스마트스토어,,,판매중지,전시중,34242,20400,20400,,,N,N,N,,,,,1.0%,0,0,0,0,0,,,,오늘출발,"평일 16시00분까지 결제 완료된 주문

",기본 배송비 묶음그룹,조건부 무료,선결제,2500,2500,5000,N,Y,-,13494752422,,,,,,,가구/인테리어,수예,자수,도안,,,,,,N,N,N,,,,http://shop1.phinf.naver.net/20180206_197/es84214_1517881708522YkSpb_JPEG/41188888154476049_-1818428305.jpg,,,,Y,2018-02-06 10:48:59,2022-03-31 10:09:03,
,2491808394,,(일본자수서적) 귀엽고 모으고 싶어지는 자수 액세서리,스마트스토어,,,판매중지,전시중,43242,18100,18100,,,N,N,N,,,,,1.0%,0,0,0,0,0,,,,오늘출발,"평일 16시00분까지 결제 완료된 주문

",기본 배송비 묶음그룹,조건부 무료,선결제,2500,2500,5000,N,Y,-,13494694326,,,,,,,가구/인테리어,수예,자수,도안,,,,,,N,N,N,,,,http://shop1.phinf.naver.net/20180206_84/es84214_1517881650106vgQp2_JPEG/41188829747469103_1000067423.jpg,,,,Y,2018-02-06 10:47:57,2021-09-22 13:01:08,
,2491806789,,(일본자수서적) 양모 자수 모티프 BOOK,스마트스토어,,,판매중지,전시중,43241,18000,18000,,,N,N,N,,,,,1.0%,0,0,0,0,0,,,,오늘출발,"평일 16시00분까지 결제 완료된 주문

",기본 배송비 묶음그룹,조건부 무료,선결제,2500,2500,5000,N,Y,-,13494693372,,,,,,,가구/인테리어,수예,자수,도안,,,,,,N,N,N,,,,http://shop1.phinf.naver.net/20180206_30/es84214_1517881594445EHrsA_JPEG/41188774088272785_-542679412.jpg,,,,Y,2018-02-06 10:47:04,2019-02-28 19:39:22,
,2491805079,,(일본자수서적) 꽃 디자인노트,스마트스토어,,,판매중지,전시중,43242,14300,14300,,,N,N,N,,,,,1.0%,0,0,0,0,0,,,,오늘출발,"평일 16시00분까지 결제 완료된 주문

",기본 배송비 묶음그룹,조건부 무료,선결제,2500,2500,5000,N,Y,-,13494663954,,,,,,,가구/인테리어,수예,자수,도안,,,,,,N,N,N,,,,http://shop1.phinf.naver.net/20180206_287/es84214_1517881537537aV6fd_JPEG/41188717178696324_598182169.jpg,,,,Y,2018-02-06 10:46:08,2019-07-23 15:39:50,
,2481938619,,계절의 꽃으로 채색하는 자수디자인 - 187,스마트스토어,,,판매중지,전시중,34235,33500,33500,,,N,N,N,,,,,1.0%,0,0,0,0,0,,,,오늘출발,"평일 16시00분까지 결제 완료된 주문

",기본 배송비 묶음그룹,조건부 무료,선결제,3000,3000,6000,N,Y,-,13451971529,,,,,,,가구/인테리어,수예,자수,도안,,,,,,N,N,N,,,,http://shop1.phinf.naver.net/20180201_271/es84214_1517459698103QRqyC_JPEG/90877755705350_-1520063935.jpg,,,,Y,2018-02-01 13:35:20,2025-09-15 14:17:38,
,2481937574,,일본서적 기초부터 배우는 자수 연습장,스마트스토어,,,판매중,전시중,4323,16000,16000,,,N,N,N,,,,,1.0%,0,0,0,0,0,,,,오늘출발,"평일 16시00분까지 결제 완료된 주문

",기본 배송비 묶음그룹,조건부 무료,선결제,3000,3000,6000,N,Y,-,13451970684,,,,,,,가구/인테리어,수예,자수,도안,,,,,,N,N,N,,,,http://shop1.phinf.naver.net/20180201_254/es84214_1517459638009TdbJa_JPEG/90817662999487_1477757110.jpg,,,,Y,2018-02-01 13:34:23,2026-06-17 17:46:48,
,2470938414,,스팃스 DMC 자수실 메탈릭 롤 자수실 금사 은사,스마트스토어,,,판매중,전시중,864608,5200,5200,,,Y,N,N,,,,,1.0%,0,0,0,0,0,,,,오늘출발,"평일 16시00분까지 결제 완료된 주문

",기본 배송비 묶음그룹,조건부 무료,선결제,3000,3000,6000,N,Y,-,13420356304,,,,,,,가구/인테리어,수예,자수,실/바늘,DMC,DMC,11194,,,N,N,N,,,,https://shop-phinf.pstatic.net/20180129_298/es84214_1517195364231bqAlc_JPEG/40501664856991403_-2141631069.jpg,,,,Y,2018-01-29 12:10:00,2026-02-13 18:47:18,
,2468628819,,스팃스 수입 블루체크 원단 반마 3종 택1,스마트스토어,,,판매중,전시중,86484,5600,5600,,,Y,N,N,,,,,1.0%,0,0,0,0,0,,,,오늘출발,"평일 16시00분까지 결제 완료된 주문

",기본 배송비 묶음그룹,조건부 무료,선결제,3000,3000,6000,N,Y,-,13408418135,,,,,,,가구/인테리어,수예,자수,도안,스팃스,스팃스,,,,N,N,N,,,,http://shop1.phinf.naver.net/20180127_271/es84214_1517042325383edlmf_JPEG/40348625897232135_592703113.jpg,,,,Y,2018-01-27 17:39:10,2026-06-17 17:47:33,
,2468626881,,스팃스 십자수도안 퍼피하우스,스마트스토어,,,판매중,전시중,431,3000,3000,,,N,N,N,,,,,1.0%,0,0,0,0,0,,,,오늘출발,"평일 16시00분까지 결제 완료된 주문

",기본 배송비 묶음그룹,조건부 무료,선결제,3000,3000,6000,N,Y,-,13408415850,,,,,,,가구/인테리어,수예,자수,도안,,,,,,N,N,N,,,,http://shop1.phinf.naver.net/20180127_289/es84214_1517042274386BdlE7_PNG/40348575011403668_-726444527.png,,,,Y,2018-01-27 17:38:16,2026-06-17 17:47:55,
,2468624867,,스팃스 십자수도안 이상한 나라의 앨리스,스마트스토어,,,판매중,전시중,43239,3000,3000,,,N,N,N,,,,,1.0%,0,0,0,0,0,,,,오늘출발,"평일 16시00분까지 결제 완료된 주문

",기본 배송비 묶음그룹,조건부 무료,선결제,3000,3000,6000,N,Y,-,13408414236,,,,,,,가구/인테리어,수예,자수,도안,,,,,,N,N,N,,,,http://shop1.phinf.naver.net/20180127_123/es84214_1517042217704VVTyr_PNG/40348518323818712_897686090.png,,,,Y,2018-01-27 17:37:24,2026-06-17 17:48:17,
,2468622987,,스팃스 십자수도안 우먼스 룸,스마트스토어,,,판매중,전시중,4323,6300,6300,,,N,N,N,,,,,1.0%,0,0,0,0,0,,,,오늘출발,"평일 16시00분까지 결제 완료된 주문

",기본 배송비 묶음그룹,조건부 무료,선결제,3000,3000,6000,N,Y,-,13408412952,,,,,,,가구/인테리어,수예,자수,도안,,,,,,N,N,N,,,,http://shop1.phinf.naver.net/20180127_68/es84214_1517042167614D41KJ_PNG/40348468240549906_-547209487.png,,,,Y,2018-01-27 17:36:32,2026-06-17 17:48:39,
,2468620923,,스팃스 십자수도안 동화속세상,스마트스토어,,,판매중,전시중,342338,6300,6300,,,N,N,N,,,,,1.0%,0,0,0,0,0,,,,오늘출발,"평일 16시00분까지 결제 완료된 주문

",기본 배송비 묶음그룹,조건부 무료,선결제,3000,3000,6000,N,Y,-,13408410531,,,,,,,가구/인테리어,수예,자수,도안,,,,,,N,N,N,,,,http://shop1.phinf.naver.net/20180127_191/es84214_1517042116510v7hRo_PNG/40348417135293825_-663666302.png,,,,Y,2018-01-27 17:35:39,2026-06-17 17:49:02,
,2468618971,,스팃스 십자수도안  나를 위한 시간 ,스마트스토어,,,판매중지,전시중,3421,6300,6300,,,N,N,N,,,,,1.0%,0,0,0,0,0,,,,오늘출발,"평일 16시00분까지 결제 완료된 주문

",기본 배송비 묶음그룹,조건부 무료,선결제,3000,3000,6000,N,Y,-,13408408506,,,,,,,가구/인테리어,수예,자수,도안,,,,,,N,N,N,,,,http://shop1.phinf.naver.net/20180127_98/es84214_15170420636787Tu7M_PNG/40348364298511796_-1708340661.png,,,,Y,2018-01-27 17:34:46,2026-03-26 13:08:03,
,2468617060,,스팃스 십자수도안 신데렐라,스마트스토어,,,판매중,전시중,43098,3000,3000,,,N,N,N,,,,,1.0%,0,0,0,0,0,,,,오늘출발,"평일 16시00분까지 결제 완료된 주문

",기본 배송비 묶음그룹,조건부 무료,선결제,3000,3000,6000,N,Y,-,13408404735,,,,,,,가구/인테리어,수예,자수,도안,,,,,,N,N,N,,,,http://shop1.phinf.naver.net/20180127_246/es84214_1517042008533apfcg_PNG/40348309158046350_1973355277.png,,,,Y,2018-01-27 17:33:52,2026-06-17 17:49:27,
,2468615063,,girls 프린트 커트지 인테리어 원단,스마트스토어,,,판매중지,전시중,43240,8600,8600,,,N,N,N,,,,,1.0%,0,0,0,0,0,,,,오늘출발,"평일 16시00분까지 결제 완료된 주문

",기본 배송비 묶음그룹,조건부 무료,선결제,2500,2500,5000,N,Y,-,13408404003,,,,,,,가구/인테리어,수예,원단,,자체제작,자체브랜드,,,,N,N,N,,,,http://shop1.phinf.naver.net/20180127_65/es84214_1517041948127zA1s9_JPEG/40348248750696079_-1078070526.jpg,,,,Y,2018-01-27 17:32:56,2026-02-10 15:40:50,
,2468612434,,스팃스 십자수도안  웨딩샘플러,스마트스토어,,,판매중,전시중,34099,3000,3000,,,N,N,N,,,,,1.0%,0,0,0,0,0,,,,오늘출발,"평일 16시00분까지 결제 완료된 주문

",기본 배송비 묶음그룹,조건부 무료,선결제,3000,3000,6000,N,Y,-,13408381661,,,,,,,가구/인테리어,수예,자수,도안,,,,,,N,N,N,,,,http://shop1.phinf.naver.net/20180127_204/es84214_1517041871902C0LCa_PNG/40348172518883810_581291674.png,,,,Y,2018-01-27 17:31:36,2026-06-17 17:49:52,
,2468610253,,스팃스 십자수도안 화이트 드레스 ,스마트스토어,,,판매중,전시중,34240,6300,6300,,,N,N,N,,,,,1.0%,0,0,0,0,0,,,,오늘출발,"평일 16시00분까지 결제 완료된 주문

",기본 배송비 묶음그룹,조건부 무료,선결제,3000,3000,6000,N,Y,-,13408377971,,,,,,,가구/인테리어,수예,자수,도안,,,,,,N,N,N,,,,http://shop1.phinf.naver.net/20180127_50/es84214_1517041813092PXQOp_PNG/40348113718093140_-1305297991.png,,,,Y,2018-01-27 17:30:36,2026-02-13 18:59:40,
,2468608387,,자수 오거나이저 (30칸),스마트스토어,,,품절,전시중,0,24000,24000,,,N,N,N,,,,,1.0%,0,0,0,0,0,,,,오늘출발,"평일 16시00분까지 결제 완료된 주문

",기본 배송비 묶음그룹,조건부 무료,선결제,3000,3000,6000,N,Y,-,13408376747,,,,,,,가구/인테리어,수예,수예용품/부자재,,자체제작,자체브랜드,,,,N,N,N,,,,http://shop1.phinf.naver.net/20180127_220/es84214_1517041755135wlghN_JPEG/40348055759630649_-2107282490.jpg,,,,Y,2018-01-27 17:29:41,2026-02-10 15:40:50,
,2468606027,,스위트 커피숍 커트지 인테리어원단,스마트스토어,,,품절,전시중,0,9500,9500,,,N,N,N,,,,,1.0%,0,0,0,0,0,,,,오늘출발,"평일 16시00분까지 결제 완료된 주문

",기본 배송비 묶음그룹,조건부 무료,선결제,3000,3000,6000,N,Y,-,13408373958,,,,,,,가구/인테리어,수예,자수,도안,자체제작,자체브랜드,,,,N,N,N,,,,http://shop1.phinf.naver.net/20180127_188/es84214_1517041693018FUrGH_JPEG/40347993641862502_559714906.jpg,,,,Y,2018-01-27 17:28:35,2026-02-10 15:40:50,
,2468604014,,자수서적 프랑스 노엘 설레는 십자수,스마트스토어,,,판매중,전시중,9999,24000,24000,,,N,N,N,,,,,1.0%,0,0,0,0,0,,,,오늘출발,"평일 16시00분까지 결제 완료된 주문

",기본 배송비 묶음그룹,조건부 무료,선결제,3000,3000,6000,N,Y,-,13408368989,,,,,,,가구/인테리어,수예,자수,도안,,,,,,N,N,N,,,,http://shop1.phinf.naver.net/20180127_60/es84214_1517041620677AmW4H_JPEG/40347921300416276_603123838.jpg,,,,Y,2018-01-27 17:27:34,2026-04-06 14:17:11,
,2462262730,,(일본자수서적)자수가 있는 소품,스마트스토어,,,판매중지,전시중,3241,14000,14000,,,N,N,N,,,,,1.0%,0,0,0,0,0,,,,오늘출발,"평일 16시00분까지 결제 완료된 주문

",기본 배송비 묶음그룹,조건부 무료,선결제,2500,2500,5000,N,Y,-,13380443019,,,,,,,가구/인테리어,수예,자수,도안,,,,,,N,N,N,,,,http://shop1.phinf.naver.net/20180125_156/es84214_1516848261624Mx7R5_JPEG/70817260932855_-1651727756.jpg,,,,Y,2018-01-25 11:45:03,2022-05-09 10:14:09,
,2462218921,,스팃스 57 643 크로바 재단 커팅매트 45cmx32cm,스마트스토어,,,판매중,전시중,34240,16000,16000,,,N,N,N,,,,,1.0%,0,0,0,0,0,,,,오늘출발,"평일 16시00분까지 결제 완료된 주문

",기본 배송비 묶음그룹,조건부 무료,선결제,3000,3000,6000,N,Y,-,13380327956,,,,,,,가구/인테리어,수예,수예용품/부자재,,크로바,크로바,,,,N,N,N,,,,https://shop-phinf.pstatic.net/20180125_105/es84214_1516846933371cpWbV_JPEG/40154113008968668_-593192568.jpg,,,,Y,2018-01-25 11:22:41,2026-06-17 17:51:02,
,2450708441,,스팃스 야채2 무지원단 실 십자수 패키지 도안 실 원단 포함 풀세트,스마트스토어,,,판매중,전시중,43237,24000,24000,,,N,N,N,,,,,1.0%,0,0,0,0,0,,,,오늘출발,"평일 16시00분까지 결제 완료된 주문

",기본 배송비 묶음그룹,무료,,0,3000,6000,N,Y,-,13341593747,,,,,,,가구/인테리어,수예,자수,패키지,스팃스,스팃스,,,,N,N,N,,,,http://shop1.phinf.naver.net/20180121_30/es84214_1516527355315a99ee_JPEG/39834534952116150_1887204398.jpg,,,,Y,2018-01-21 18:36:33,2026-02-20 12:56:04,
,2450707161,,스팃스 핑크차세트 무지원단 실 십자수 패키지 도안 실 원단 포함 풀세트,스마트스토어,,,판매중,전시중,43240,24000,24000,,,N,N,N,,,,,1.0%,0,0,0,0,0,,,,오늘출발,"평일 16시00분까지 결제 완료된 주문

",기본 배송비 묶음그룹,무료,,0,3000,6000,N,Y,-,13341592881,,,,,,,가구/인테리어,수예,자수,패키지,스팃스,스팃스,,,,N,N,N,,,,http://shop1.phinf.naver.net/20180121_29/es84214_1516527265025Sb2YX_JPEG/39834444663990602_1780701825.jpg,,,,Y,2018-01-21 18:35:16,2026-02-20 12:56:04,
,2450706374,,스팃스 블루차세트 무지원단 실 십자수 패키지 도안 실 원단 포함 풀세트,스마트스토어,,,판매중,전시중,43237,24000,24000,,,N,N,N,,,,,1.0%,0,0,0,0,0,,,,오늘출발,"평일 16시00분까지 결제 완료된 주문

",기본 배송비 묶음그룹,무료,,0,3000,6000,N,Y,-,13341591822,,,,,,,가구/인테리어,수예,자수,패키지,스팃스,스팃스,,,,N,N,N,,,,http://shop1.phinf.naver.net/20180121_157/es84214_1516527207418Wyuwq_JPEG/39834387057138548_-2038025214.jpg,,,,Y,2018-01-21 18:33:59,2026-02-20 12:56:04,
,2450705709,,스팃스 레이크 사이드 무지원단 실 십자수 패키지 도안 실 원단 포함 풀세트,스마트스토어,,,판매중,전시중,43242,30000,30000,,,N,N,N,,,,,1.0%,0,0,0,0,0,,,,오늘출발,"평일 16시00분까지 결제 완료된 주문

",기본 배송비 묶음그룹,무료,,0,3000,6000,N,Y,-,13341591245,,,,,,,가구/인테리어,수예,자수,패키지,스팃스,스팃스,,,,N,N,N,,,,http://shop1.phinf.naver.net/20180121_142/es84214_1516527145510b9jRr_JPEG/39834325148434260_-2015760657.jpg,,,,Y,2018-01-21 18:32:52,2026-06-17 17:52:34,
,2450703371,,스팃스 재봉 바스킷 무지원단 실 십자수 패키지 도안 실 원단 포함 풀세트,스마트스토어,,,판매중,전시중,432431,23000,23000,,,N,N,N,,,,,1.0%,0,0,0,0,0,,,,오늘출발,"평일 16시00분까지 결제 완료된 주문

",기본 배송비 묶음그룹,무료,,0,3000,6000,N,Y,-,13341587611,,,,,,,가구/인테리어,수예,자수,패키지,스팃스,스팃스,,,,N,N,N,,,,http://shop1.phinf.naver.net/20180121_50/es84214_15165270074723vxqI_JPEG/39834187111381379_1724570615.jpg,,,,Y,2018-01-21 18:30:39,2026-06-17 17:52:58,
,2450701972,,스팃스 휴식 무지원단 실 십자수 패키지 도안 실 원단 포함 풀세트,스마트스토어,,,판매중,전시중,43241,26000,26000,,,N,N,N,,,,,1.0%,0,0,0,0,0,,,,오늘출발,"평일 16시00분까지 결제 완료된 주문

",기본 배송비 묶음그룹,무료,,0,3000,6000,N,Y,-,13341586390,,,,,,,가구/인테리어,수예,자수,패키지,스팃스,스팃스,,,,N,N,N,,,,http://shop1.phinf.naver.net/20180121_270/es84214_15165269201765FsuN_JPEG/39834099816039936_481667979.jpg,,,,Y,2018-01-21 18:29:22,2026-06-17 17:53:24,
,2450700855,,스팃스 저택 무지원단 실 십자수 패키지 도안 실 원단 포함 풀세트,스마트스토어,,,판매중,전시중,3237,26000,26000,,,N,N,N,,,,,1.0%,0,0,0,0,0,,,,오늘출발,"평일 16시00분까지 결제 완료된 주문

",기본 배송비 묶음그룹,무료,,0,3000,6000,N,Y,-,13341578295,,,,,,,가구/인테리어,수예,자수,패키지,스팃스,스팃스,,,,N,N,N,,,,http://shop1.phinf.naver.net/20180121_92/es84214_1516526813558AQd3x_JPEG/39833993196991378_-328542873.jpg,,,,Y,2018-01-21 18:27:37,2026-06-17 17:53:50,
,2450697907,,스팃스 옷가게 무지원단 실 십자수 패키지 도안 실 원단 포함 풀세트,스마트스토어,,,판매중,전시중,43239,23000,23000,,,N,N,N,,,,,1.0%,0,0,0,0,0,,,,오늘출발,"평일 16시00분까지 결제 완료된 주문

",기본 배송비 묶음그룹,무료,,0,3000,6000,N,Y,-,13341571350,,,,,,,가구/인테리어,수예,자수,패키지,스팃스,스팃스,,,,N,N,N,,,,http://shop1.phinf.naver.net/20180121_214/es84214_1516526669587tfpRj_JPEG/39833849223507560_-250060967.jpg,,,,Y,2018-01-21 18:25:00,2026-02-20 12:56:04,
,2450697205,,스팃스 엄마와 딸 무지원단 실 십자수 패키지 도안 실 원단 포함 풀세트,스마트스토어,,,판매중,전시중,43242,23000,23000,,,N,N,N,,,,,1.0%,0,0,0,0,0,,,,오늘출발,"평일 16시00분까지 결제 완료된 주문

",기본 배송비 묶음그룹,무료,,0,3000,6000,N,Y,-,13341565889,,,,,,,가구/인테리어,수예,자수,패키지,스팃스,스팃스,,,,N,N,N,,,,http://shop1.phinf.naver.net/20180121_233/es84214_1516526560788yG9ha_JPEG/39833740427921564_-37546495.jpg,,,,Y,2018-01-21 18:23:52,2026-02-20 12:56:04,
,2450695308,,스팃스 티팟 무지원단 실 십자수 패키지 도안 실 원단 포함 풀세트,스마트스토어,,,판매중,전시중,43237,26000,26000,,,N,N,N,,,,,1.0%,0,0,0,0,0,,,,오늘출발,"평일 16시00분까지 결제 완료된 주문

",기본 배송비 묶음그룹,무료,,0,3000,6000,N,Y,-,13341562385,,,,,,,가구/인테리어,수예,자수,패키지,스팃스,스팃스,,,,N,N,N,,,,http://shop1.phinf.naver.net/20180121_109/es84214_15165264992282m5zm_JPEG/39833678867536958_491020437.jpg,,,,Y,2018-01-21 18:22:10,2026-06-17 17:55:04,
,2450694812,,스팃스 웨딩부케 무지원단 실 십자수 패키지 도안 실 원단 포함 풀세트,스마트스토어,,,판매중,전시중,34242,26000,26000,,,N,N,N,,,,,1.0%,0,0,0,0,0,,,,오늘출발,"평일 16시00분까지 결제 완료된 주문

",기본 배송비 묶음그룹,무료,,0,3000,6000,N,Y,-,13341561917,,,,,,,가구/인테리어,수예,자수,패키지,스팃스,스팃스,,,,N,N,N,,,,http://shop1.phinf.naver.net/20180121_280/es84214_15165264309474xqr2_JPEG/39833610583288476_-119890949.jpg,,,,Y,2018-01-21 18:21:12,2026-02-20 12:56:04,
,2450691943,,스팃스 재봉소녀 무지원단 실 십자수 패키지 도안 실 원단 포함 풀세트,스마트스토어,,,판매중,전시중,43242,23000,23000,,,N,N,N,,,,,1.0%,0,0,0,0,0,,,,오늘출발,"평일 16시00분까지 결제 완료된 주문

",기본 배송비 묶음그룹,무료,,0,3000,6000,N,Y,-,13341559053,,,,,,,가구/인테리어,수예,자수,패키지,스팃스,스팃스,,,,N,N,N,,,,http://shop1.phinf.naver.net/20180121_92/es84214_1516526218112STJWH_JPEG/39833397751927310_-1098002640.jpg,,,,Y,2018-01-21 18:18:00,2026-02-20 12:56:04,
,2450689799,,스팃스 피크닉 무지원단 실 십자수 패키지 도안 실 원단 포함 풀세트,스마트스토어,,,판매중,전시중,42418,35000,35000,,,N,N,N,,,,,1.0%,0,0,0,0,0,,,,오늘출발,"평일 16시00분까지 결제 완료된 주문

",기본 배송비 묶음그룹,무료,,0,3000,6000,N,Y,-,13341543361,,,,,,,가구/인테리어,수예,자수,패키지,스팃스,스팃스,,,,N,N,N,,,,http://shop1.phinf.naver.net/20180121_56/es84214_1516526119665pxIbV_JPEG/39833299192446455_1293990400.jpg,,,,Y,2018-01-21 18:15:50,2026-02-20 12:56:04,
,2450688735,,스팃스 알파벳 무지원단 실 십자수 패키지 도안 실 원단 포함 풀세트,스마트스토어,,,판매중,전시중,43242,24000,24000,,,N,N,N,,,,,1.0%,0,0,0,0,0,,,,오늘출발,"평일 16시00분까지 결제 완료된 주문

",기본 배송비 묶음그룹,무료,,0,3000,6000,N,Y,-,13341542462,,,,,,,가구/인테리어,수예,자수,패키지,스팃스,스팃스,,,,N,N,N,,,,http://shop1.phinf.naver.net/20180121_196/es84214_1516526049625uiXY4_JPEG/39833229265493492_1779565078.jpg,,,,Y,2018-01-21 18:14:39,2026-02-20 12:56:04,
,2450688105,,스팃스 수놓는 여자 무지원단 실 십자수 패키지 도안 실 원단 포함 풀세트,스마트스토어,,,판매중,전시중,42342,23500,23500,,,N,N,N,,,,,1.0%,0,0,0,0,0,,,,오늘출발,"평일 16시00분까지 결제 완료된 주문

",기본 배송비 묶음그룹,무료,,0,3000,6000,N,Y,-,13341540758,,,,,,,가구/인테리어,수예,자수,패키지,스팃스,스팃스,,,,N,N,N,,,,http://shop1.phinf.naver.net/20180121_108/es84214_1516525986166PI6do_JPEG/39833165804027026_152318297.jpg,,,,Y,2018-01-21 18:13:40,2026-06-17 17:57:07,
,2450686934,,스팃스 등대 무지원단 실 십자수 패키지 도안 실 원단 포함 풀세트,스마트스토어,,,판매중,전시중,43237,24000,24000,,,N,N,N,,,,,1.0%,0,0,0,0,0,,,,오늘출발,"평일 16시00분까지 결제 완료된 주문

",기본 배송비 묶음그룹,무료,,0,3000,6000,N,Y,-,13341538622,,,,,,,가구/인테리어,수예,자수,패키지,스팃스,스팃스,,,,N,N,N,,,,http://shop1.phinf.naver.net/20240820_92/1724119285644j8wsI_JPEG/39135100521654520_2100698139.jpg,,,,Y,2018-01-21 18:12:24,2026-06-17 17:57:34,
,2450685918,,스팃스 바느질도구 무지원단 실 십자수 패키지 도안 실 원단 포함 풀세트,스마트스토어,,,판매중,전시중,432430,26000,26000,,,N,N,N,,,,,1.0%,0,0,0,0,0,,,,오늘출발,"평일 16시00분까지 결제 완료된 주문

",기본 배송비 묶음그룹,무료,,0,3000,6000,N,Y,-,13341537593,,,,,,,가구/인테리어,수예,자수,패키지,스팃스,스팃스,,,,N,N,N,,,,http://shop1.phinf.naver.net/20180121_214/es84214_1516525839337gpgak_JPEG/39833018863356501_-1298397685.jpg,,,,Y,2018-01-21 18:11:19,2026-03-20 15:41:51,
,2450683664,,스팃스 패치워크 무지원단 실 십자수 패키지 도안 실 원단 포함 풀세트,스마트스토어,,,판매중,전시중,34242,23000,23000,,,N,N,N,,,,,1.0%,0,0,0,0,0,,,,오늘출발,"평일 16시00분까지 결제 완료된 주문

",기본 배송비 묶음그룹,무료,,0,3000,6000,N,Y,-,13341470623,,,,,,,가구/인테리어,수예,자수,패키지,스팃스,스팃스,,,,N,N,N,,,,http://shop1.phinf.naver.net/20180121_35/es84214_15165256665090kWTv_JPEG/39832846149227453_-1506912330.jpg,,,,Y,2018-01-21 18:08:36,2026-02-20 12:56:04,
,2450682967,,스팃스 야채 무지원단 실 십자수 패키지 도안 실 원단 포함 풀세트,스마트스토어,,,판매중,전시중,43240,24000,24000,,,N,N,N,,,,,1.0%,0,0,0,0,0,,,,오늘출발,"평일 16시00분까지 결제 완료된 주문

",기본 배송비 묶음그룹,무료,,0,3000,6000,N,Y,-,13341469464,,,,,,,가구/인테리어,수예,자수,패키지,스팃스,스팃스,,,,N,N,N,,,,http://shop1.phinf.naver.net/20180121_278/es84214_1516525602002lA8sS_JPEG/39832781641170779_1152371258.jpg,,,,Y,2018-01-21 18:07:18,2026-06-17 17:58:50,
,2450681414,,스팃스 웨딩 무지원단 실 십자수 패키지 도안 실 원단 포함 풀세트,스마트스토어,,,판매중,전시중,32422,25000,25000,,,N,N,N,,,,,1.0%,0,0,0,0,0,,,,오늘출발,"평일 16시00분까지 결제 완료된 주문

",기본 배송비 묶음그룹,무료,,0,3000,6000,N,Y,-,13341468323,,,,,,,가구/인테리어,수예,자수,패키지,스팃스,스팃스,,,,N,N,N,,,,http://shop1.phinf.naver.net/20180121_194/es84214_1516525491157391bv_JPEG/39832650772587982_-425547663.jpg,,,,Y,2018-01-21 18:06:03,2026-06-17 17:59:17,
,2450679579,,스팃스 놀이동산 무지원단 실 십자수 패키지 도안 실 원단 포함 풀세트,스마트스토어,,,판매중,전시중,3420,25000,25000,,,N,N,N,,,,,1.0%,0,0,0,0,0,,,,오늘출발,"평일 16시00분까지 결제 완료된 주문

",기본 배송비 묶음그룹,무료,,0,3000,6000,N,Y,-,13341466829,,,,,,,가구/인테리어,수예,자수,패키지,스팃스,스팃스,,,,N,N,N,,,,http://shop1.phinf.naver.net/20180121_247/es84214_1516525355343B4NpB_JPEG/39832548982829120_1174499431.jpg,,,,Y,2018-01-21 18:03:39,2026-02-20 12:56:04,
,2450678424,,스팃스 백조의 호수 무지원단 실 십자수 패키지 도안 실 원단 포함 풀세트,스마트스토어,,,판매중,전시중,43239,26000,26000,,,N,N,N,,,,,1.0%,0,0,0,0,0,,,,오늘출발,"평일 16시00분까지 결제 완료된 주문

",기본 배송비 묶음그룹,무료,,0,3000,6000,N,Y,-,13341465332,,,,,,,가구/인테리어,수예,자수,패키지,스팃스,스팃스,,,,N,N,N,,,,http://shop1.phinf.naver.net/20180121_253/es84214_1516525224992Fso8H_JPEG/39832384609732458_-1613160278.jpg,,,,Y,2018-01-21 18:01:52,2026-06-17 18:00:08,
,2429427469,,스팃스 DMC 자수실 울사 태피스트리 입체자수 풀세트 414색상,스마트스토어,,,판매중,전시중,43242,785000,785000,,,N,N,N,,,,,1.0%,0,0,0,0,0,,,,오늘출발,"평일 16시00분까지 결제 완료된 주문

",기본 배송비 묶음그룹,조건부 무료,선결제,3000,3000,6000,N,Y,-,13274553498,,,,,,,가구/인테리어,수예,자수,실/바늘,DMC,DMC,11194,,,N,N,N,,,,http://shop1.phinf.naver.net/20180110_228/es84214_1515581164680DbLTp_JPEG/38888344322083912_-1801502967.jpg,,,,Y,2018-01-15 19:06:13,2026-06-17 18:00:37,
,2425851298,,(자체제작) 한정특가 플라워 정원 프랑스자수 도안 프린트원단,스마트스토어,,,판매중지,전시중,43234,3600,3600,,,N,N,N,,,,,1.0%,0,0,0,0,0,,,,오늘출발,"평일 16시00분까지 결제 완료된 주문

",기본 배송비 묶음그룹,조건부 무료,선결제,2500,2500,5000,N,Y,-,13250294937,,,,,,,가구/인테리어,수예,원단,,자체제작,자체브랜드,,,,N,N,N,,,,http://shop1.phinf.naver.net/20180112_231/es84214_15157387357972IgOK_JPEG/39045036424994136_-1337594973.jpg,,,,Y,2018-01-12 15:45:42,2026-02-10 15:40:50,
,2425829470,,(자체제작) 한정특가 더 로즈 프랑스자수 자수도안 프린트원단,스마트스토어,,,판매중지,전시중,34225,3600,3600,,,N,N,N,,,,,1.0%,0,0,0,0,0,,,,오늘출발,"평일 16시00분까지 결제 완료된 주문

",기본 배송비 묶음그룹,조건부 무료,선결제,2500,2500,5000,N,Y,-,13250271925,,,,,,,가구/인테리어,수예,원단,,자체제작,자체브랜드,,,,N,N,N,,,,http://shop1.phinf.naver.net/20180112_229/es84214_15157388220292aNg8_JPEG/39046001671694556_2106768569.jpg,,,,Y,2018-01-12 15:34:01,2026-02-10 15:40:50,
,2425824336,,(자체제작) 한정특가 꽃 부케 프랑스자수 자수도안 프린트원단,스마트스토어,,,판매중지,전시중,43228,3600,3600,,,N,N,N,,,,,1.0%,0,0,0,0,0,,,,오늘출발,"평일 16시00분까지 결제 완료된 주문

",기본 배송비 묶음그룹,조건부 무료,선결제,2500,2500,5000,N,Y,-,13250226203,,,,,,,가구/인테리어,수예,원단,,자체제작,자체브랜드,,,,N,N,N,,,,http://shop1.phinf.naver.net/20180112_133/es84214_1515738624690K82c7_JPEG/39044925317635702_1225884426.jpg,,,,Y,2018-01-12 15:30:55,2026-02-10 15:40:50,
,2425810747,,(일본자수서적) 소중한 자수 소품 130,스마트스토어,,,판매중지,전시중,4323,16500,16500,,,N,N,N,,,,,1.0%,0,0,0,0,0,,,,오늘출발,"평일 16시00분까지 결제 완료된 주문

",기본 배송비 묶음그룹,조건부 무료,선결제,3000,3000,6000,N,Y,-,13250210916,,,,,,,가구/인테리어,수예,자수,도안,,,,,,N,N,N,,,,http://shop1.phinf.naver.net/20180112_126/es84214_1515737943313Ebd7H_JPEG/39045136955556408_-880945331.jpg,,,,Y,2018-01-12 15:23:29,2023-06-08 12:39:12,
,2425790975,,일본서적 동물자수로 만드는 핸드메이드액세서리,스마트스토어,,,판매중,전시중,43240,18700,18700,,,N,N,N,,,,,1.0%,0,0,0,0,0,,,,오늘출발,"평일 16시00분까지 결제 완료된 주문

",기본 배송비 묶음그룹,조건부 무료,선결제,3000,3000,6000,N,Y,-,13250173391,,,,,,,가구/인테리어,수예,자수,도안,,,,,,N,N,N,,,,http://shop1.phinf.naver.net/20180112_284/es84214_1515737602676JfJcF_JPEG/39044762297988566_-585268784.jpg,,,,Y,2018-01-12 15:13:51,2026-06-17 18:01:03,
,2425783466,,자수서적 tamao 의 간단자수,스마트스토어,,,판매중,전시중,43241,18500,18500,,,N,N,N,,,,,1.0%,0,0,0,0,0,,,,오늘출발,"평일 16시00분까지 결제 완료된 주문

",기본 배송비 묶음그룹,조건부 무료,선결제,3000,3000,6000,N,Y,-,13250166174,,,,,,,가구/인테리어,수예,자수,도안,,,,,,N,N,N,,,,http://shop1.phinf.naver.net/20180112_266/es84214_1515737412681kxdml_JPEG/39043713308456053_-1295074707.jpg,,,,Y,2018-01-12 15:10:45,2026-06-17 18:01:31,
,2420383972,,스팃스 DMC 자수실 울사 태피스트리 입체자수 414색 택1,스마트스토어,,,판매중,전시중,42975,1900,1900,,,Y,N,N,,,,,1.0%,0,0,0,0,0,,,,오늘출발,"평일 16시00분까지 결제 완료된 주문

",기본 배송비 묶음그룹,조건부 무료,선결제,3000,3000,6000,N,Y,-,13225796866,,,,,,,가구/인테리어,수예,자수,실/바늘,DMC,DMC,11194,,,N,N,N,,,,http://shop1.phinf.naver.net/20180110_228/es84214_1515581164680DbLTp_JPEG/38888344322083912_-1801502967.jpg,,,,Y,2018-01-10 19:47:27,2026-06-17 18:01:59,
,2420352530,,스팃스 DMC 자수실 5번사 펄코튼사 베리에이션 56색 세트,스마트스토어,,,판매중,전시중,421340,290000,290000,,,N,N,N,,,,,1.0%,0,0,0,0,0,,,,오늘출발,"평일 16시00분까지 결제 완료된 주문

",기본 배송비 묶음그룹,조건부 무료,선결제,3000,3000,6000,N,Y,-,13225755862,,,,,,,가구/인테리어,수예,자수,실/바늘,DMC,DMC,11194,,,N,N,N,,,,https://shop-phinf.pstatic.net/20180110_185/es84214_15155799066100DORv_JPEG/38886207236971664_1082334093.jpg,,,,Y,2018-01-10 19:36:01,2026-02-13 18:59:40,
,2420328371,,스팃스 DMC 자수실 5번사 펄코튼사 베리에이션 56색 택1,스마트스토어,,,판매중,전시중,421339,5200,5200,,,N,N,N,,,,,1.0%,0,0,0,0,0,,,,오늘출발,"평일 16시00분까지 결제 완료된 주문

",기본 배송비 묶음그룹,조건부 무료,선결제,3000,3000,6000,N,Y,-,13225705979,,,,,,,가구/인테리어,수예,자수,실/바늘,DMC,DMC,11194,,,N,N,N,,,,http://shop1.phinf.naver.net/20180110_185/es84214_15155799066100DORv_JPEG/38886207236971664_1082334093.jpg,,,,Y,2018-01-10 19:25:44,2026-06-17 18:02:54,
,2420322019,,스팃스 DMC 자수실 5번사 펄코튼 복합사 12색 택1,스마트스토어,,,판매중,전시중,51877,2900,2900,,,Y,N,N,,,,,1.0%,0,0,0,0,0,,,,오늘출발,"평일 16시00분까지 결제 완료된 주문

",기본 배송비 묶음그룹,조건부 무료,선결제,3000,3000,6000,N,Y,-,13225693668,,,,,,,가구/인테리어,수예,자수,실/바늘,DMC,DMC,11194,,,N,N,N,,,,https://shop-phinf.pstatic.net/20180110_112/es84214_1515579744371E7F9O_JPEG/38886938010139649_-1996819850.jpg,,,,Y,2018-01-10 19:23:16,2026-06-17 18:03:23,
,2420320972,,스팃스 DMC 자수실 5번사 펄코튼 복합사 12색 세트,스마트스토어,,,판매중,전시중,43240,34800,34800,,,N,N,N,,,,,1.0%,0,0,0,0,0,,,,오늘출발,"평일 16시00분까지 결제 완료된 주문

",기본 배송비 묶음그룹,조건부 무료,선결제,3000,3000,6000,N,Y,-,13225692634,,,,,,,가구/인테리어,수예,자수,실/바늘,DMC,DMC,11194,,,N,N,N,,,,https://shop-phinf.pstatic.net/20180110_112/es84214_1515579744371E7F9O_JPEG/38886938010139649_-1996819850.jpg,,,,Y,2018-01-10 19:22:52,2026-06-17 18:03:54,
,2420237231,,스팃스 DMC 자수실 5번사 펄코튼 25M 318색 풀세트,스마트스토어,,,판매중,전시중,431229,920000,920000,,,N,N,N,,,,,1.0%,0,0,0,0,0,,,,오늘출발,"평일 16시00분까지 결제 완료된 주문

",기본 배송비 묶음그룹,조건부 무료,선결제,3000,3000,6000,N,Y,-,13225507339,,,,,,,가구/인테리어,수예,자수,실/바늘,DMC,DMC,11194,,,N,N,N,,,,http://shop1.phinf.naver.net/20180110_88/es84214_1515575738381Ixo1s_JPEG/38882898002851201_1591038755.jpg,,,,Y,2018-01-10 18:53:35,2026-06-17 18:04:27,
,2420162549,,스팃스 DMC 자수실 5번사 펄코튼 25M 318색 택1,스마트스토어,,,판매중,전시중,342281,2900,2900,,,N,N,N,,,,,1.0%,0,0,0,0,0,,,,오늘출발,"평일 16시00분까지 결제 완료된 주문

",기본 배송비 묶음그룹,조건부 무료,선결제,3000,3000,6000,N,Y,-,13225238548,,,,,,,가구/인테리어,수예,자수,실/바늘,DMC,DMC,11194,,,N,N,N,,,,http://shop1.phinf.naver.net/20180110_88/es84214_1515575738381Ixo1s_JPEG/38882898002851201_1591038755.jpg,,,,Y,2018-01-10 18:28:13,2026-06-17 18:04:58,
,2416163530,,"산타,트리,앵두,아이스크림 악세사리 팬던트 참장식",스마트스토어,,,판매중지,전시중,172912,1000,1000,,,Y,N,N,,,,,1.0%,0,0,0,0,0,,,,오늘출발,"평일 16시00분까지 결제 완료된 주문

",기본 배송비 묶음그룹,조건부 무료,선결제,2500,2500,5000,N,Y,-,13210178877,,,,,,,가구/인테리어,수예,수예용품/부자재,,자체제작,자체브랜드,,,,N,N,N,,,,http://shop1.phinf.naver.net/20180109_53/es84214_1515485561591nyEVD_JPEG/38791526218484546_-1650949231.jpg,,,,Y,2018-01-09 17:28:07,2026-02-10 15:40:50,
,2416073781,,스팃스 우유 와인 샴페인 핑크 팬던트 참장식 키링 부자재 DIY 귀여운 소품,스마트스토어,,,판매중,전시중,10244,2000,2000,,,Y,N,N,,,,,1.0%,0,0,0,0,0,,,,오늘출발,"평일 16시00분까지 결제 완료된 주문

",기본 배송비 묶음그룹,조건부 무료,선결제,3000,3000,6000,N,Y,-,13209977140,,,,,,,가구/인테리어,수예,수예용품/부자재,,스팃스,스팃스,,,,N,N,N,,,,http://shop1.phinf.naver.net/20180109_80/es84214_1515484090617bGqso_JPEG/38790391244664671_1523386690.jpg,,,,Y,2018-01-09 16:48:40,2026-06-17 18:05:54,
,2416039423,,홍학 악세사리 팬던트 참장식,스마트스토어,,,판매중지,전시중,86480,1600,1600,,,Y,N,N,,,,,1.0%,0,0,0,0,0,,,,오늘출발,"평일 16시00분까지 결제 완료된 주문

",기본 배송비 묶음그룹,조건부 무료,선결제,3000,3000,6000,N,Y,-,13209654033,,,,,,,가구/인테리어,수예,수예용품/부자재,,자체제작,자체브랜드,,,,N,N,N,,,,http://shop1.phinf.naver.net/20180109_285/es84214_1515482512096kifIC_JPEG/38788812724160681_-537933699.jpg,,,,Y,2018-01-09 16:23:20,2026-02-10 15:40:50,
,2415759216,,프리미엄 삼나무 미니 좌식수틀,스마트스토어,,,판매중지,전시중,43230,24000,24000,,,N,N,N,,,,,1.0%,0,0,0,0,0,,,,오늘출발,"평일 16시00분까지 결제 완료된 주문

",기본 배송비 묶음그룹,조건부 무료,선결제,3000,3000,6000,N,Y,-,13208971311,,,,,,,가구/인테리어,수예,수예용품/부자재,,자체제작,자체브랜드,,,,N,N,N,,,,http://shop1.phinf.naver.net/20180109_154/es84214_1515474641396bC8Il_JPEG/38781801014936852_300376453.JPG,,,,Y,2018-01-09 14:11:36,2026-02-10 15:40:50,
,2415754460,,prym 수용성 실 왁스,스마트스토어,,,판매중지,전시중,43235,4500,4500,,,N,N,N,,,,,1.0%,0,0,0,0,0,,,,오늘출발,"평일 16시00분까지 결제 완료된 주문

",기본 배송비 묶음그룹,조건부 무료,선결제,3000,3000,6000,N,Y,-,13208958152,,,,,,,가구/인테리어,수예,수예용품/부자재,,,,,,,N,N,N,,,,http://shop1.phinf.naver.net/20180109_275/es84214_1515474567822oqG1l_JPEG/38781727443716882_823927163.JPG,,,,Y,2018-01-09 14:09:58,2023-12-29 10:53:23,
,2415719811,,스팃스 투웨이 핑크 수성펜 지우개펜,스마트스토어,,,판매중,전시중,43230,2200,2200,,,N,N,N,,,,,1.0%,0,0,0,0,0,,,,오늘출발,"평일 16시00분까지 결제 완료된 주문

",기본 배송비 묶음그룹,조건부 무료,선결제,3000,3000,6000,N,Y,-,13208902074,,,,,,,가구/인테리어,수예,수예용품/부자재,,스팃스,스팃스,,,,N,N,N,,,,http://shop1.phinf.naver.net/20240620_130/1718857833784umbgj_JPEG/7120187642868090_1470131917.jpg,,,,Y,2018-01-09 13:56:59,2026-06-17 18:06:25,
,2415709966,,스팃스 투웨이 보라 수성펜지우개펜,스마트스토어,,,판매중,전시중,43232,2200,2200,,,N,N,N,,,,,1.0%,0,0,0,0,0,,,,오늘출발,"평일 16시00분까지 결제 완료된 주문

",기본 배송비 묶음그룹,조건부 무료,선결제,3000,3000,6000,N,Y,-,13208870166,,,,,,,가구/인테리어,수예,수예용품/부자재,,스팃스,스팃스,,,,N,N,N,,,,http://shop1.phinf.naver.net/20240620_281/1718857868112KHWG5_JPEG/2087721928716173_644790138.jpg,,,,Y,2018-01-09 13:53:09,2026-06-17 18:06:56,
,2413743653,,자수서적 프랑스 귀여운 마을 십자수 240,스마트스토어,,,판매중,전시중,4322,24000,24000,,,N,N,N,,,,,1.0%,0,0,0,0,0,,,,오늘출발,"평일 16시00분까지 결제 완료된 주문

",기본 배송비 묶음그룹,조건부 무료,선결제,3000,3000,6000,N,Y,-,13193737767,,,,,,,가구/인테리어,수예,자수,도안,,,,,,N,N,N,,,,http://shop1.phinf.naver.net/20230629_48/1688017993502CAtU4_JPEG/1197711346424342_894674696.jpg,,,,Y,2018-01-08 15:40:22,2026-06-17 18:07:27,
,2413727294,,자수서적 스위트의 십자수 from Paris,스마트스토어,,,판매중,전시중,43237,24000,24000,,,N,N,N,,,,,1.0%,0,0,0,0,0,,,,오늘출발,"평일 16시00분까지 결제 완료된 주문

",기본 배송비 묶음그룹,조건부 무료,선결제,3000,3000,6000,N,Y,-,13193681830,,,,,,,가구/인테리어,수예,자수,도안,,,,,,N,N,N,,,,http://shop1.phinf.naver.net/20180108_152/es84214_1515392599011rnw3e_JPEG/38699792653413263_790346576.jpg,,,,Y,2018-01-08 15:23:55,2026-06-17 18:07:59,
,2404877048,,글로리아 디자인 컷트지 원단,스마트스토어,,,판매중지,전시중,34231,8000,8000,,,N,N,N,,,,,1.0%,0,0,0,0,0,,,,오늘출발,"평일 16시00분까지 결제 완료된 주문

",기본 배송비 묶음그룹,조건부 무료,선결제,2500,2500,5000,N,Y,-,13165301455,,,,,,,가구/인테리어,수예,원단,,자체제작,자체브랜드,,,,N,N,N,,,,http://shop1.phinf.naver.net/20180105_122/es84214_1515118329498YgoQ3_JPEG/38424630125459914_-133914333.JPG,,,,Y,2018-01-05 11:22:34,2026-02-10 15:40:50,
,2404849919,,홍학 북유럽스타일 컷트지 원단 1마 (110cm x 75cm),스마트스토어,,,판매중지,전시중,43233,7500,7500,,,N,N,N,,,,,1.0%,0,0,0,0,0,,,,오늘출발,"평일 16시00분까지 결제 완료된 주문

",기본 배송비 묶음그룹,조건부 무료,선결제,2500,2500,5000,N,Y,-,13165267327,,,,,,,가구/인테리어,수예,원단,,자체제작,자체브랜드,,,,N,N,N,,,,http://shop1.phinf.naver.net/20180105_184/es84214_1515117092143iVOu9_JPEG/38424271678779516_-1497645169.JPG,,,,Y,2018-01-05 11:09:17,2026-02-10 15:40:50,
,2401909390,,자수서적동화 크로스 스티치 270,스마트스토어,,,판매중,전시중,54344,24000,24000,,,N,N,N,,,,,1.0%,0,0,0,0,0,,,,오늘출발,"평일 16시00분까지 결제 완료된 주문

",기본 배송비 묶음그룹,조건부 무료,선결제,3000,3000,6000,N,Y,-,13153592302,,,,,,,가구/인테리어,수예,자수,도안,,,,,,N,N,N,,,,https://shop-phinf.pstatic.net/20180104_3/es84214_151503231362495sb1_JPEG/38338614251866237_-1375002840.jpg,,,,Y,2018-01-04 11:28:47,2026-06-17 18:08:32,
,2401886540,,(일본자수서적) 귀여운 헤어핀과 브로치 만들기,스마트스토어,,,판매중지,전시중,43234,18900,18900,,,N,N,N,,,,,1.0%,0,0,0,0,0,,,,오늘출발,"평일 16시00분까지 결제 완료된 주문

",기본 배송비 묶음그룹,조건부 무료,선결제,3000,3000,6000,N,Y,-,13153563654,,,,,,,가구/인테리어,수예,자수,도안,,,,,,N,N,N,,,,http://shop1.phinf.naver.net/20180103_245/es84214_1514970508213lOAxa_JPEG/38276472839686202_-891285360.jpg,,,,Y,2018-01-04 11:16:32,2022-12-27 15:31:17,
,2401872534,,(일본자수서적) 자수로 만드는 입체의 꽃,스마트스토어,,,판매중지,전시중,43238,19500,19500,,,N,N,N,,,,,1.0%,0,0,0,0,0,,,,오늘출발,"평일 16시00분까지 결제 완료된 주문

",기본 배송비 묶음그룹,조건부 무료,선결제,3000,3000,6000,N,Y,-,13153536590,,,,,,,가구/인테리어,수예,자수,도안,,,,,,N,N,N,,,,http://shop1.phinf.naver.net/20180104_22/es84214_1515031347583fcThp_JPEG/38337312209860673_-475460542.jpg,,,,Y,2018-01-04 11:07:37,2024-06-03 11:20:32,
,2401863638,,(일본자수서적) 통통 귀여운 입체자수,스마트스토어,,,판매중지,전시중,43241,14800,14800,,,N,N,N,,,,,1.0%,0,0,0,0,0,,,,오늘출발,"평일 16시00분까지 결제 완료된 주문

",기본 배송비 묶음그룹,조건부 무료,선결제,3000,3000,6000,N,Y,-,13153528141,,,,,,,가구/인테리어,수예,자수,도안,,,,,,N,N,N,,,,http://shop1.phinf.naver.net/20180104_153/es84214_1515030896087HpIkJ_JPEG/38336860712814308_1500915093.jpg,,,,Y,2018-01-04 11:01:26,2023-06-15 15:34:15,
,2401850079,,스팃스 바이오워싱 무지 원단 1마 17종,스마트스토어,,,판매중,전시중,6485114,7500,7500,,,Y,N,N,,,,,1.0%,0,0,0,0,0,,,,오늘출발,"평일 16시00분까지 결제 완료된 주문

",기본 배송비 묶음그룹,조건부 무료,선결제,3000,3000,6000,N,Y,-,13153512528,,,,,,,가구/인테리어,수예,원단,,스팃스,스팃스,,,,N,N,N,,,,http://shop1.phinf.naver.net/20180104_101/es84214_15150305503006x8nG_JPEG/38337729942942212_-582434938.jpg,,,,Y,2018-01-04 10:52:08,2026-06-17 18:09:05,
,2393848953,,스팃스 21 031 크로바 n자형 룰렛,스마트스토어,,,판매중,전시중,43240,9000,9000,,,N,N,N,,,,,1.0%,0,0,0,0,0,,,,오늘출발,"평일 16시00분까지 결제 완료된 주문

",기본 배송비 묶음그룹,조건부 무료,선결제,3000,3000,6000,N,Y,-,13109666684,,,,,,,가구/인테리어,수예,수예용품/부자재,,크로바,크로바,,,,N,N,N,,,,https://shop-phinf.pstatic.net/20171229_38/es84214_1514516456799Iy8MP_JPEG/37823636441999700_1069296533.jpg,,,,Y,2017-12-29 12:01:41,2026-06-17 18:09:38,
,2393837184,,스팃스 24 003 크로바 삼각초크 블루,스마트스토어,,,판매중,전시중,34232,3200,3200,,,N,N,N,,,,,1.0%,0,0,0,0,0,,,,오늘출발,"평일 16시00분까지 결제 완료된 주문

",기본 배송비 묶음그룹,조건부 무료,선결제,3000,3000,6000,N,Y,-,13109655041,,,,,,,가구/인테리어,수예,수예용품/부자재,,크로바,크로바,,,,N,N,N,,,,https://shop-phinf.pstatic.net/20171229_156/es84214_1514516005524b9hS7_JPEG/37821970149731748_-1839174306.jpg,,,,Y,2017-12-29 11:53:49,2026-06-17 18:10:10,
,2393835542,,스팃스 24 002 크로바 삼각초크 화이트,스마트스토어,,,판매중,전시중,342339,3200,3200,,,N,N,N,,,,,1.0%,0,0,0,0,0,,,,오늘출발,"평일 16시00분까지 결제 완료된 주문

",기본 배송비 묶음그룹,조건부 무료,선결제,3000,3000,6000,N,Y,-,13109653984,,,,,,,가구/인테리어,수예,수예용품/부자재,,크로바,크로바,,,,N,N,N,,,,https://shop-phinf.pstatic.net/20171229_164/es84214_1514515935090t5Mki_JPEG/37821899716257778_1827828444.jpg,,,,Y,2017-12-29 11:52:40,2026-06-17 18:10:43,
,2393829792,,스팃스 24 004 크로바 삼각초크 옐로우,스마트스토어,,,판매중,전시중,43232,3200,3200,,,N,N,N,,,,,1.0%,0,0,0,0,0,,,,오늘출발,"평일 16시00분까지 결제 완료된 주문

",기본 배송비 묶음그룹,조건부 무료,선결제,3000,3000,6000,N,Y,-,13109648040,,,,,,,가구/인테리어,수예,수예용품/부자재,,크로바,크로바,270,,,N,N,N,,,,https://shop-phinf.pstatic.net/20171229_5/es84214_1514515816681F8h2l_JPEG/37821781307424147_-370117285.jpg,,,,Y,2017-12-29 11:50:43,2026-06-17 18:11:16,
,2393798110,,스팃스 24 005 크로바 삼각 초크 핑크,스마트스토어,,,판매중,전시중,432339,3200,3200,,,N,N,N,,,,,1.0%,0,0,0,0,0,,,,오늘출발,"평일 16시00분까지 결제 완료된 주문

",기본 배송비 묶음그룹,조건부 무료,선결제,3000,3000,6000,N,Y,-,13109616637,,,,,,,가구/인테리어,수예,수예용품/부자재,,크로바,크로바,,,,N,N,N,,,,https://shop-phinf.pstatic.net/20171229_182/es84214_1514514946395Ue12t_JPEG/37822140038859664_1736544290.jpg,,,,Y,2017-12-29 11:36:36,2026-06-17 18:11:49,
,2393789171,,스팃스 57 651 크로바 리본 플라워 요요플레이트 ss,스마트스토어,,,판매중,전시중,4324,6500,6500,,,N,N,N,,,,,1.0%,0,0,0,0,0,,,,오늘출발,"평일 16시00분까지 결제 완료된 주문

",기본 배송비 묶음그룹,조건부 무료,선결제,3000,3000,6000,N,Y,-,13109606234,,,,,,,가구/인테리어,수예,수예용품/부자재,,,,,,,N,N,N,,,,http://shop1.phinf.naver.net/20171229_261/es84214_15145143498580Kbkt_JPEG/37821529498357347_-895540620.jpg,,,,Y,2017-12-29 11:30:51,2026-06-17 18:12:23,
,2393759872,,스팃스 57 505 크로바 슬러쉬커터 원형 재단칼,스마트스토어,,,판매중,전시중,3424,20400,20400,,,N,N,N,,,,,1.0%,0,0,0,0,0,,,,오늘출발,"평일 16시00분까지 결제 완료된 주문

",기본 배송비 묶음그룹,조건부 무료,선결제,3000,3000,6000,N,Y,-,13109528388,,,,,,,가구/인테리어,수예,수예용품/부자재,,크로바,크로바,,,,N,N,N,,,,https://shop-phinf.pstatic.net/20171229_11/es84214_1514513887635Sn791_JPEG/37819852260310206_-1589624809.jpg,,,,Y,2017-12-29 11:18:59,2026-06-17 18:12:56,
,2393738325,,스팃스 기본부자재 고무줄 끈 끼우개,스마트스토어,,,판매중,전시중,3228,1500,1500,,,N,N,N,,,,,1.0%,0,0,0,0,0,,,,오늘출발,"평일 16시00분까지 결제 완료된 주문

",기본 배송비 묶음그룹,조건부 무료,선결제,3000,3000,6000,N,Y,-,13109477501,,,,,,,가구/인테리어,수예,수예용품/부자재,,스팃스,스팃스,,,,N,N,N,,,,http://shop1.phinf.naver.net/20171229_22/es84214_1514513278871wkGmi_JPEG/37819579493504628_-1952997235.jpg,,,,Y,2017-12-29 11:08:33,2026-06-17 18:13:29,
,2393727162,,스팃스 칼라 대형 실따개 리퍼 색상랜덤,스마트스토어,,,판매중,전시중,34242,1500,1500,,,N,N,N,,,,,1.0%,0,0,0,0,0,,,,오늘출발,"평일 16시00분까지 결제 완료된 주문

",기본 배송비 묶음그룹,조건부 무료,선결제,3000,3000,6000,N,Y,-,13109458847,,,,,,,가구/인테리어,수예,수예용품/부자재,,스팃스,스팃스,,,,N,N,N,,,,http://shop1.phinf.naver.net/20171229_258/es84214_1514512508522u6dk2_JPEG/37819668034234677_-1347100070.jpg,,,,Y,2017-12-29 11:01:05,2026-06-17 18:14:03,
,2390548148,,스팃스 15칸 대형 플라스틱 다용도 칸막이 케이스  보빈함 악세사리 정리함,스마트스토어,,,판매중,전시중,43122,4300,4300,,,N,N,N,,,,,1.0%,0,0,0,0,0,,,,오늘출발,"평일 16시00분까지 결제 완료된 주문

",기본 배송비 묶음그룹,조건부 무료,선결제,3000,3000,6000,N,Y,-,13099643800,,,,,,,생활/건강,수납/정리용품,정리함,소품정리함,스팃스,스팃스,,,,N,N,N,,,,http://shop1.phinf.naver.net/20171228_290/es84214_1514426859049PIWQ1_JPEG/37734018668234569_-976211572.JPG,,,,Y,2017-12-28 11:15:25,2026-06-17 18:14:38,
,2390510963,,크로바 카세트 바늘홀더&실끼우개,스마트스토어,,,판매중지,전시중,342341,9800,9800,,,N,N,N,,,,,1.0%,0,0,0,0,0,,,,오늘출발,"평일 16시00분까지 결제 완료된 주문

",기본 배송비 묶음그룹,조건부 무료,선결제,2500,2500,5000,N,Y,-,13099575138,,,,,,,가구/인테리어,수예,수예용품/부자재,,,,,,,N,N,N,,,,http://shop1.phinf.naver.net/20171228_253/es84214_15144261741146Fjh4_JPEG/37732474651212587_1277921161.JPG,,,,Y,2017-12-28 11:03:40,2020-11-26 13:02:29,
,2390477693,,스팃스 57 226 크로바 비즈바늘,스마트스토어,57-226 크로바 비즈바늘,,판매중,전시중,43220,5200,5200,,,N,N,N,,,,,1.0%,0,0,0,0,0,,,,오늘출발,"평일 16시00분까지 결제 완료된 주문

",기본 배송비 묶음그룹,조건부 무료,선결제,3000,3000,6000,N,Y,-,13099494903,,,,,,,가구/인테리어,수예,자수,실/바늘,크로바,크로바,,,,N,N,N,,,,https://shop-phinf.pstatic.net/20171228_172/es84214_1514425790079WCNPH_JPEG/37731754700415504_-1777103377.JPG,,,,Y,2017-12-28 10:53:31,2026-06-17 18:15:12,
,2390461147,,스팃스 57 082 크로바 리본 자수바늘,스마트스토어,,,판매중,전시중,32334,5200,5200,,,N,N,N,,,,,1.0%,0,0,0,0,0,,,,오늘출발,"평일 16시00분까지 결제 완료된 주문

",기본 배송비 묶음그룹,조건부 무료,선결제,3000,3000,6000,N,Y,-,13099474908,,,,,,,가구/인테리어,수예,자수,실/바늘,크로바,크로바,,,,N,N,N,,,,https://shop-phinf.pstatic.net/20180309_281/es84214_1520581447420UhGQC_JPEG/43888607041032781_872229994.jpg,,,,Y,2017-12-28 10:47:59,2026-06-17 18:15:47,
,2390446016,,스팃스 57 081 크로바 리본 자수바늘,스마트스토어,,,판매중,전시중,3419,5200,5200,,,N,N,N,,,,,1.0%,0,0,0,0,0,,,,오늘출발,"평일 16시00분까지 결제 완료된 주문

",기본 배송비 묶음그룹,조건부 무료,선결제,3000,3000,6000,N,Y,-,13099452514,,,,,,,가구/인테리어,수예,자수,실/바늘,크로바,크로바,,,,N,N,N,,,,https://shop-phinf.pstatic.net/20180309_117/es84214_1520581402128zzYnr_JPEG/43888561745022801_574159920.jpg,,,,Y,2017-12-28 10:43:16,2026-06-17 18:16:21,
,2386097041,,크로바 미니 직조기 위빙룸 - 트윈,스마트스토어,,,판매중지,전시중,34232,30000,30000,,,N,N,N,,,,,1.0%,0,0,0,0,0,,,,오늘출발,"평일 16시00분까지 결제 완료된 주문

",기본 배송비 묶음그룹,조건부 무료,선결제,2500,2500,5000,N,Y,-,13091106436,,,,,,,가구/인테리어,수예,수예용품/부자재,,,,,,,N,N,N,,,,http://shop1.phinf.naver.net/20171227_294/es84214_1514355793571ji8WD_JPEG/37662987214021405_-2074386919.JPG,,,,Y,2017-12-27 15:24:03,2021-03-12 14:48:50,
,2386056995,,스팃스 57 232 크로바 사시코 자수바늘,스마트스토어,,,판매중,전시중,432334,5200,5200,,,N,N,N,,,,,1.0%,0,0,0,0,0,,,,오늘출발,"평일 16시00분까지 결제 완료된 주문

",기본 배송비 묶음그룹,조건부 무료,선결제,3000,3000,6000,N,Y,-,13090997569,,,,,,,가구/인테리어,수예,자수,실/바늘,크로바,크로바,,,,N,N,N,,,,https://shop-phinf.pstatic.net/20171227_118/es84214_1514355275728Hc9Gk_JPEG/37661240351872116_-2047640928.jpg,,,,Y,2017-12-27 15:14:44,2026-06-17 18:16:55,
,2372307671,,앵커 - Church window (십자수 도안),스마트스토어,,,품절,전시중,0,4800,4800,,,N,N,N,,,,,1.0%,0,0,0,0,0,,,,오늘출발,"평일 16시00분까지 결제 완료된 주문

",기본 배송비 묶음그룹,조건부 무료,선결제,2500,2500,5000,N,Y,-,13039547615,,,,,,,가구/인테리어,수예,자수,도안,,,,,,N,N,N,,,,http://shop1.phinf.naver.net/20171220_90/es84214_15137489095090MpcL_JPEG/37054874133220971_1508506898.jpg,,,,Y,2017-12-20 14:54:40,2022-10-04 13:41:09,
,2372289204,,앵커 - pit head (십자수 도안),스마트스토어,,,품절,전시중,0,4800,4800,,,N,N,N,,,,,1.0%,0,0,0,0,0,,,,오늘출발,"평일 16시00분까지 결제 완료된 주문

",기본 배송비 묶음그룹,조건부 무료,선결제,2500,2500,5000,N,Y,-,13039501109,,,,,,,가구/인테리어,수예,자수,도안,,,,,,N,N,N,,,,http://shop1.phinf.naver.net/20171220_245/es84214_1513748289032VxoQF_JPEG/37055448546980851_572339480.jpg,,,,Y,2017-12-20 14:38:33,2022-01-18 16:13:48,
,2372288458,,앵커 - 바스킷 (십자수 도안),스마트스토어,,,판매중지,전시중,4322,4800,4800,,,N,N,N,,,,,1.0%,0,0,0,0,0,,,,오늘출발,"평일 16시00분까지 결제 완료된 주문

",기본 배송비 묶음그룹,조건부 무료,선결제,3000,3000,6000,N,Y,-,13039500291,,,,,,,가구/인테리어,수예,자수,도안,,,,,,N,N,N,,,,http://shop1.phinf.naver.net/20171220_272/es84214_1513747557280a4dbH_JPEG/37054716900729593_1882935605.jpg,,,,Y,2017-12-20 14:37:35,2023-03-27 15:41:49,
,2372267911,,스팃스 십자수 도안 토이랜드,스마트스토어,,,판매중,전시중,4323,6300,6300,,,N,N,N,,,,,1.0%,0,0,0,0,0,,,,오늘출발,"평일 16시00분까지 결제 완료된 주문

",기본 배송비 묶음그룹,조건부 무료,선결제,3000,3000,6000,N,Y,-,13039401014,,,,,,,가구/인테리어,수예,자수,도안,,,,,,N,N,N,,,,http://shop1.phinf.naver.net/20171220_173/es84214_1513746873686AUgQw_JPEG/37054053226253250_1920557756.jpg,,,,Y,2017-12-20 14:22:43,2026-06-17 18:17:29,
,2372245693,,스팃스 십자수 도안포시즌 빌리지,스마트스토어,,,판매중,전시중,432341,6300,6300,,,N,N,N,,,,,1.0%,0,0,0,0,0,,,,오늘출발,"평일 16시00분까지 결제 완료된 주문

",기본 배송비 묶음그룹,조건부 무료,선결제,3000,3000,6000,N,Y,-,13039181507,,,,,,,가구/인테리어,수예,자수,도안,,,,,,N,N,N,,,,http://shop1.phinf.naver.net/20171220_11/es84214_1513746274021RcOrP_JPEG/37053467557881196_1899584382.jpg,,,,Y,2017-12-20 14:06:17,2026-06-17 18:18:03,
,2372239621,,스팃스 십자수 도안플라워 티팟,스마트스토어,,,판매중,전시중,43239,6300,6300,,,N,N,N,,,,,1.0%,0,0,0,0,0,,,,오늘출발,"평일 16시00분까지 결제 완료된 주문

",기본 배송비 묶음그룹,조건부 무료,선결제,3000,3000,6000,N,Y,-,13039174298,,,,,,,가구/인테리어,수예,자수,도안,,,,,,N,N,N,,,,http://shop1.phinf.naver.net/20171220_285/es84214_15137460668006v2X9_PNG/37052031418890993_-264127118.png,,,,Y,2017-12-20 14:01:34,2026-06-17 18:18:38,
,2372225993,,스팃스 십자수 도안바느질 공방,스마트스토어,,,판매중,전시중,34242,3000,3000,,,N,N,N,,,,,1.0%,0,0,0,0,0,,,,오늘출발,"평일 16시00분까지 결제 완료된 주문

",기본 배송비 묶음그룹,조건부 무료,선결제,3000,3000,6000,N,Y,-,13039148885,,,,,,,가구/인테리어,수예,자수,도안,,,,,,N,N,N,,,,http://shop1.phinf.naver.net/20171220_214/es84214_151374518819610iiR_GIF/37051152794125837_1147578548.gif,,,,Y,2017-12-20 13:52:02,2026-06-17 18:19:13,
,2372213640,,스팃스 십자수 도안빵집아저씨,스마트스토어,,,판매중,전시중,43241,3000,3000,,,N,N,N,,,,,1.0%,0,0,0,0,0,,,,오늘출발,"평일 16시00분까지 결제 완료된 주문

",기본 배송비 묶음그룹,조건부 무료,선결제,3000,3000,6000,N,Y,-,13039112688,,,,,,,가구/인테리어,수예,자수,도안,,,,,,N,N,N,,,,http://shop1.phinf.naver.net/20171220_280/es84214_1513744421528jOd01_PNG/37051581142913742_-1756469118.png,,,,Y,2017-12-20 13:41:50,2026-06-17 18:19:48,
,2372199783,,스팃스 십자수 도안 아이러브스쿨,스마트스토어,,,판매중,전시중,43242,3000,3000,,,N,N,N,,,,,1.0%,0,0,0,0,0,,,,오늘출발,"평일 16시00분까지 결제 완료된 주문

",기본 배송비 묶음그룹,조건부 무료,선결제,3000,3000,6000,N,Y,-,13039091303,,,,,,,가구/인테리어,수예,자수,도안,,,,,,N,N,N,,,,http://shop1.phinf.naver.net/20171220_140/es84214_1513743881144I7b9U_PNG/37051060782813785_-464378996.png,,,,Y,2017-12-20 13:29:02,2026-06-17 18:20:23,
,2372178280,,스팃스 십자수 도안 키친 굿,스마트스토어,,,판매중,전시중,4320,3000,3000,,,N,N,N,,,,,1.0%,0,0,0,0,0,,,,오늘출발,"평일 16시00분까지 결제 완료된 주문

",기본 배송비 묶음그룹,조건부 무료,선결제,3000,3000,6000,N,Y,-,13039031686,,,,,,,가구/인테리어,수예,자수,도안,,,,,,N,N,N,,,,http://shop1.phinf.naver.net/20171220_261/es84214_1513741556742iJXpB_PNG/37048716335818143_-95582351.png,,,,Y,2017-12-20 13:08:53,2026-06-17 18:20:57,
,2371332661,,스팃스 십자수 도안 Flower Garden 플라워가든 ,스마트스토어,,,판매중,전시중,34242,6300,6300,,,N,N,N,,,,,1.0%,0,0,0,0,0,,,,오늘출발,"평일 16시00분까지 결제 완료된 주문

",기본 배송비 묶음그룹,조건부 무료,선결제,3000,3000,6000,N,Y,-,13032578093,,,,,,,가구/인테리어,수예,자수,도안,,,,,,N,N,N,,,,http://shop1.phinf.naver.net/20171219_74/es84214_1513674279433K4HTp_GIF/36981458947195111_892390713.gif,,,,Y,2017-12-19 18:05:14,2026-02-13 18:59:40,
,2371318230,,스팃스 십자수 도안  쏘잉 SEWING,스마트스토어,,,판매중,전시중,3422,6300,6300,,,N,N,N,,,,,1.0%,0,0,0,0,0,,,,오늘출발,"평일 16시00분까지 결제 완료된 주문

",기본 배송비 묶음그룹,조건부 무료,선결제,3000,3000,6000,N,Y,-,13032543465,,,,,,,가구/인테리어,수예,자수,도안,,,,,,N,N,N,,,,http://shop1.phinf.naver.net/20171219_204/es84214_15136737673923QJwm_PNG/36980961031511826_1938239083.png,,,,Y,2017-12-19 17:57:53,2026-06-17 18:22:05,
,2371295895,,스팃스 십자수 도안 할머니의 정원 Grandma's garden,스마트스토어,,,판매중,전시중,4323,6300,6300,,,N,N,N,,,,,1.0%,0,0,0,0,0,,,,오늘출발,"평일 16시00분까지 결제 완료된 주문

",기본 배송비 묶음그룹,조건부 무료,선결제,3000,3000,6000,N,Y,-,13032482806,,,,,,,가구/인테리어,수예,자수,도안,,,,,,N,N,N,,,,http://shop1.phinf.naver.net/20171219_235/es84214_15136732079321Gsjp_PNG/36979508554578831_-1378137204.png,,,,Y,2017-12-19 17:47:48,2026-06-17 18:22:40,
,2371277425,,스팃스 십자수 도안 트러리 CUTLERY  ,스마트스토어,,,판매중,전시중,34243,6300,6300,,,N,N,N,,,,,1.0%,0,0,0,0,0,,,,오늘출발,"평일 16시00분까지 결제 완료된 주문

",기본 배송비 묶음그룹,조건부 무료,선결제,3000,3000,6000,N,Y,-,13032463515,,,,,,,가구/인테리어,수예,자수,도안,,,,,,N,N,N,,,,http://shop1.phinf.naver.net/20171219_77/es84214_1513672735094CxNaw_PNG/36979928735231930_1816656342.png,,,,Y,2017-12-19 17:39:25,2026-02-13 18:59:40,
,2371255584,,스팃스 십자수 도안 더 부케,스마트스토어,,,판매중,전시중,432341,6300,6300,,,N,N,N,,,,,1.0%,0,0,0,0,0,,,,오늘출발,"평일 16시00분까지 결제 완료된 주문

",기본 배송비 묶음그룹,조건부 무료,선결제,3000,3000,6000,N,Y,-,13032438195,,,,,,,가구/인테리어,수예,자수,도안,,,,,,N,N,N,,,,http://shop1.phinf.naver.net/20171219_28/es84214_1513672207158u0pyY_PNG/36978507783059624_-292483377.png,,,,Y,2017-12-19 17:30:42,2026-06-17 18:23:47,
,2371215311,,스팃스 십자수 도안 파스타타임,스마트스토어,,,판매중,전시중,432341,6300,6300,,,N,N,N,,,,,1.0%,0,0,0,0,0,,,,오늘출발,"평일 16시00분까지 결제 완료된 주문

",기본 배송비 묶음그룹,조건부 무료,선결제,3000,3000,6000,N,Y,-,13032359901,,,,,,,가구/인테리어,수예,자수,도안,,,,,,N,N,N,,,,http://shop1.phinf.naver.net/20171219_275/es84214_1513671312049igjW8_GIF/36978491673048958_2147368973.gif,,,,Y,2017-12-19 17:16:20,2026-06-17 18:24:23,
,2371190167,,크로바 원단용 강력접착본드,스마트스토어,,,판매중지,전시중,4230,9600,9600,,,N,N,N,,,,,1.0%,0,0,0,0,0,,,,오늘출발,"평일 16시00분까지 결제 완료된 주문

",기본 배송비 묶음그룹,조건부 무료,선결제,2500,2500,5000,N,Y,-,13032324464,,,,,,,가구/인테리어,수예,수예용품/부자재,,,,,,,N,N,N,,,,http://shop1.phinf.naver.net/20171219_173/es84214_1513670726384TGrHv_JPEG/36976690907716867_-119848400.jpg,,,,Y,2017-12-19 17:06:19,2021-02-24 13:15:07,
,2370758717,,스팃스 후직스 모코  MOCO 자수실세트 단색 40색,스마트스토어,,,판매중,전시중,4322,110000,110000,,,N,N,N,,,,,1.0%,0,0,0,0,0,,,,오늘출발,"평일 16시00분까지 결제 완료된 주문

",기본 배송비 묶음그룹,조건부 무료,선결제,3000,3000,6000,N,Y,-,13030737056,,,,,,,가구/인테리어,수예,자수,실/바늘,후직스,후직스,,,,N,N,N,,,,https://shop-phinf.pstatic.net/20181007_265/es84214_15389000554966iKAw_JPEG/21618914345348715_1995164827.JPG,,,,Y,2017-12-19 12:01:19,2026-06-17 18:24:58,
,2368759925,,LECIEN 십자수 키트 - 옐로우,스마트스토어,,,판매중지,전시중,342342,23000,23000,,,N,N,N,,,,,1.0%,0,0,0,0,0,,,,오늘출발,"평일 16시00분까지 결제 완료된 주문

",기본 배송비 묶음그룹,조건부 무료,선결제,2500,2500,5000,N,Y,-,13011245720,,,,,,,가구/인테리어,수예,자수,패키지,,,,,,N,N,N,,,,http://shop1.phinf.naver.net/20171216_156/es84214_1513416308462Y0Brl_JPEG/36723488101607398_-835957909.jpg,,,,Y,2017-12-16 18:25:33,2019-02-28 19:39:21,
,2368753504,,LECIEN 십자수 키트 - 퍼플,스마트스토어,,,판매중지,전시중,43233,23000,23000,,,N,N,N,,,,,1.0%,0,0,0,0,0,,,,오늘출발,"평일 16시00분까지 결제 완료된 주문

",기본 배송비 묶음그룹,조건부 무료,선결제,2500,2500,5000,N,N,-,80893808559,,,,,,,가구/인테리어,수예,자수,패키지,,,,,,N,N,N,,,,http://shop1.phinf.naver.net/20171216_5/es84214_1513415772164pU2EE_JPEG/36722951802815423_-937769152.jpg,,,,Y,2017-12-16 18:17:13,2019-02-28 19:39:21,
,2368747992,,스팃스 21 511 크로바 리퍼2  레드 실따개,스마트스토어,,,판매중,전시중,43234,6500,6500,,,N,N,N,,,,,1.0%,0,0,0,0,0,,,,오늘출발,"평일 16시00분까지 결제 완료된 주문

",기본 배송비 묶음그룹,조건부 무료,선결제,3000,3000,6000,N,Y,-,13011201201,,,,,,,가구/인테리어,수예,수예용품/부자재,,,,,,,N,N,N,,,,http://shop1.phinf.naver.net/20171216_270/es84214_1513415358847LXKf5_JPEG/36721323472718460_-1673882475.JPG,,,,Y,2017-12-16 18:09:49,2026-06-17 18:25:33,
,2368740573,,크로바 바늘자석막대 (길이조절형),스마트스토어,,,판매중지,전시중,4323,14500,14500,,,N,N,N,,,,,1.0%,0,0,0,0,0,,,,오늘출발,"평일 16시00분까지 결제 완료된 주문

",기본 배송비 묶음그룹,조건부 무료,선결제,3000,3000,6000,N,Y,-,13011192461,,,,,,,가구/인테리어,수예,수예용품/부자재,,,,,,,N,N,N,,,,http://shop1.phinf.naver.net/20171216_30/es84214_1513414730338Se3WO_JPEG/36721923979951617_3811662.JPG,,,,Y,2017-12-16 17:59:19,2025-06-12 11:19:28,
,2368733483,,스팃스 원형 우드 수틀  4사이즈,스마트스토어,,,판매중,전시중,172729,3500,3500,,,Y,N,N,,,,,1.0%,0,0,0,0,0,,,,오늘출발,"평일 16시00분까지 결제 완료된 주문

",기본 배송비 묶음그룹,조건부 무료,선결제,3000,3000,6000,N,Y,-,13011148092,,,,,,,가구/인테리어,수예,수예용품/부자재,,스팃스,스팃스,,,,N,N,N,,,,http://shop1.phinf.naver.net/20180327_226/es84214_1522122982962iFhNm_JPEG/4841841807784882_258830709.jpg,,,,Y,2017-12-16 17:50:01,2026-06-17 18:26:11,
,2368609493,,스팃스 3단 특대 보빈함 십자수보관함 특대정리함 칸막이정리함,스마트스토어,,,판매중,전시중,42315,23000,23000,,,N,N,N,,,,,1.0%,0,0,0,0,0,,,,오늘출발,"평일 16시00분까지 결제 완료된 주문

",기본 배송비 묶음그룹,조건부 무료,선결제,3000,3000,6000,N,Y,-,13010503123,,,,,,,생활/건강,수납/정리용품,정리함,소품정리함,스팃스,스팃스,,,,N,N,N,,,,http://shop1.phinf.naver.net/20171216_27/es84214_1513407044269EyP7M_JPEG/36714203889775606_-129412701.JPG,,,,Y,2017-12-16 15:51:33,2026-06-17 18:26:47,
,2368527218,,(일본자수서적) 십자수 풍경 컬렉션,스마트스토어,,,판매중지,전시중,43242,20500,20500,,,N,N,N,,,,,1.0%,0,0,0,0,0,,,,오늘출발,"평일 16시00분까지 결제 완료된 주문

",기본 배송비 묶음그룹,조건부 무료,선결제,2500,2500,5000,N,N,-,80893837919,,,,,,,도서,건강/취미,취미/레저,뜨개질/퀼트/십자수,,,,,,N,N,N,,,,http://shop1.phinf.naver.net/20171216_167/es84214_1513402876689mf18U_JPEG/36710056328540812_271299280.jpg,,,,Y,2017-12-16 14:42:05,2019-02-28 19:39:21,
,2368515318,,(일본자수서적)디즈니 십자수 128,스마트스토어,,,판매중지,전시중,43242,13000,13000,,,N,N,N,,,,,1.0%,0,0,0,0,0,,,,오늘출발,"평일 16시00분까지 결제 완료된 주문

",기본 배송비 묶음그룹,조건부 무료,선결제,2500,2500,5000,N,N,-,80804051772,,,,,,,도서,건강/취미,취미/레저,뜨개질/퀼트/십자수,,,,,,N,N,N,,,,http://shop1.phinf.naver.net/20171216_50/es84214_1513402263373ayMJj_JPEG/36709457013250544_-850412443.jpg,,,,Y,2017-12-16 14:31:42,2018-07-20 10:52:23,
,2368504311,,(일본자수서적) 귀여운 원포인트 자수 도안집 549,스마트스토어,,,판매중지,전시중,5434,15000,15000,,,N,N,N,,,,,1.0%,0,0,0,0,0,,,,일반배송,,기본 배송비 묶음그룹,조건부 무료,선결제,2500,2500,5000,N,N,-,80893839664,,,,,,,도서,건강/취미,취미/레저,뜨개질/퀼트/십자수,,,,,,N,N,N,,,,http://shop1.phinf.naver.net/20171216_58/es84214_15134017223232E74w_JPEG/36708915963293921_-1324965097.jpg,,,,Y,2017-12-16 14:23:25,2018-04-16 10:34:12,
,2366211632,,(일본자수서적) 십자수 도안집 - 500,스마트스토어,,,판매중지,전시중,42342,17000,17000,,,N,N,N,,,,,1.0%,0,0,0,0,0,,,,오늘출발,"평일 16시00분까지 결제 완료된 주문

",기본 배송비 묶음그룹,조건부 무료,선결제,2500,2500,5000,N,N,-,80893948841,,,,,,,도서,건강/취미,취미/레저,뜨개질/퀼트/십자수,,,,,,N,N,N,,,,http://shop1.phinf.naver.net/20171215_145/es84214_1513333888594O43op_JPEG/36639853220644921_1526192778.jpg,,,,Y,2017-12-15 19:32:34,2019-02-28 19:39:21,
,2366201123,,(일본자수서적)오노메구미의 십자수 - 정원과 소녀,스마트스토어,,,판매중지,전시중,342,18700,18700,,,N,N,N,,,,,1.0%,0,0,0,0,0,,,,오늘출발,"평일 16시00분까지 결제 완료된 주문

",기본 배송비 묶음그룹,조건부 무료,선결제,2500,2500,5000,N,N,-,80893950894,,,,,,,도서,건강/취미,취미/레저,뜨개질/퀼트/십자수,,,,,,N,N,N,,,,http://shop1.phinf.naver.net/20171215_195/es84214_15133332809385xKeO_JPEG/36639581566317110_1426024719.jpg,,,,Y,2017-12-15 19:22:05,2022-12-23 09:02:09,
,2366191177,,(일본자수서적)Sweet & Lovely 십자수,스마트스토어,,,판매중지,전시중,43242,21000,21000,,,N,N,N,,,,,1.0%,0,0,0,0,0,,,,오늘출발,"평일 16시00분까지 결제 완료된 주문

",기본 배송비 묶음그룹,조건부 무료,선결제,2500,2500,5000,N,N,-,80893953316,,,,,,,도서,건강/취미,취미/레저,뜨개질/퀼트/십자수,,,,,,N,N,N,,,,http://shop1.phinf.naver.net/20171215_201/es84214_151333251716595TbI_JPEG/36639696807930905_2008027759.jpg,,,,Y,2017-12-15 19:10:43,2022-12-23 09:02:09,
,2366174147,,(일본자수서적) Sweet & Lovely 십자수(2),스마트스토어,,,판매중지,전시중,43241,22000,22000,,,N,N,N,,,,,1.0%,0,0,0,0,0,,,,오늘출발,"평일 16시00분까지 결제 완료된 주문

",기본 배송비 묶음그룹,조건부 무료,선결제,2500,2500,5000,N,N,-,80893956465,,,,,,,도서,건강/취미,취미/레저,뜨개질/퀼트/십자수,,,,,,N,N,N,,,,http://shop1.phinf.naver.net/20171215_41/es84214_1513331423876vLLA7_JPEG/36637724501772516_-1761652759.jpg,,,,Y,2017-12-15 18:51:05,2022-12-23 09:02:09,
,2366166255,,(일본자수서적) 파리의 비스코뉴 십자수 35,스마트스토어,,,판매중지,전시중,43243,24000,24000,,,N,N,N,,,,,1.0%,0,0,0,0,0,,,,오늘출발,"평일 16시00분까지 결제 완료된 주문

",기본 배송비 묶음그룹,조건부 무료,선결제,2500,2500,5000,N,N,-,80893959532,,,,,,,도서,건강/취미,취미/레저,뜨개질/퀼트/십자수,,,,,,N,N,N,,,,http://shop1.phinf.naver.net/20171215_207/es84214_1513330927277qCKF3_JPEG/36636891899050353_720137232.jpg,,,,Y,2017-12-15 18:42:55,2022-12-23 09:02:09,
,2366158719,,(일본자수서적) 파리의 가게 가게 크로스 스티치 480 점,스마트스토어,,,판매중지,전시중,22430,24000,24000,,,N,N,N,,,,,1.0%,0,0,0,0,0,,,,오늘출발,"평일 16시00분까지 결제 완료된 주문

",기본 배송비 묶음그룹,조건부 무료,선결제,2500,2500,5000,N,N,-,80893961878,,,,,,,도서,건강/취미,취미/레저,뜨개질/퀼트/십자수,,,,,,N,N,N,,,,http://shop1.phinf.naver.net/20171215_17/es84214_1513330445578OqYXO_JPEG/36636746201062378_1773534642.jpg,,,,Y,2017-12-15 18:34:59,2022-12-23 09:02:09,
,2366148524,,(일본자수서적) 파리의알파벳 십자수 380점과 모티브,스마트스토어,,,판매중지,전시중,43242,24000,24000,,,N,N,N,,,,,1.0%,0,0,0,0,0,,,,오늘출발,"평일 16시00분까지 결제 완료된 주문

",기본 배송비 묶음그룹,조건부 무료,선결제,2500,2500,5000,N,N,-,80893964132,,,,,,,도서,건강/취미,취미/레저,뜨개질/퀼트/십자수,,,,,,N,N,N,,,,http://shop1.phinf.naver.net/20171215_173/es84214_1513329443391rHKVX_JPEG/36635744016551542_-1651706603.jpg,,,,Y,2017-12-15 18:25:04,2022-12-23 09:02:09,
,2365009445,,(일본자수서적)프랑스정원과 꽃 스티치 250,스마트스토어,,,판매중지,전시중,43240,24000,24000,,,N,N,N,,,,,1.0%,0,0,0,0,0,,,,오늘출발,"평일 16시00분까지 결제 완료된 주문

",기본 배송비 묶음그룹,조건부 무료,선결제,2500,2500,5000,N,N,-,80894165334,,,,,,,도서,건강/취미,취미/레저,뜨개질/퀼트/십자수,,,,,,N,N,N,,,,http://shop1.phinf.naver.net/20171215_140/es84214_1513305962704Ar5vl_JPEG/36613142242874424_-47867690.jpg,,,,Y,2017-12-15 11:46:54,2022-12-23 09:02:09,
,2364963215,,(일본자수서적) 파리의 아틀리에에서 크로스스티치 260,스마트스토어,,,판매중지,전시중,4321,24000,24000,,,N,N,N,,,,,1.0%,0,0,0,0,0,,,,오늘출발,"평일 16시00분까지 결제 완료된 주문

",기본 배송비 묶음그룹,조건부 무료,선결제,2500,2500,5000,N,N,-,80894176532,,,,,,,도서,건강/취미,취미/레저,뜨개질/퀼트/십자수,,,,,,N,N,N,,,,http://shop1.phinf.naver.net/20171215_55/es84214_1513304775926QRlqS_JPEG/36611935544792899_2137487098.jpg,,,,Y,2017-12-15 11:32:19,2022-12-23 09:02:09,
,2364917826,,(일본자수서적)올컬러 완전판 - 즐거운 십자수 BOOK,스마트스토어,,,판매중지,전시중,3421,27500,27500,,,N,N,N,,,,,1.0%,0,0,0,0,0,,,,오늘출발,"평일 16시00분까지 결제 완료된 주문

",기본 배송비 묶음그룹,조건부 무료,선결제,2500,2500,5000,N,N,-,80894190442,,,,,,,도서,건강/취미,취미/레저,뜨개질/퀼트/십자수,,,,,,N,N,N,,,,http://shop1.phinf.naver.net/20171215_36/es84214_1513303999777JmzLc_JPEG/36611193313076680_-2020522096.jpg,,,,Y,2017-12-15 11:18:28,2019-04-05 13:52:01,
,2364888111,,(일본자수서적) 프랑스 바느질 상자에서 발견한 조금한 십자수 600,스마트스토어,,,판매중지,전시중,432341,18000,18000,,,N,N,N,,,,,1.0%,0,0,0,0,0,,,,오늘출발,"평일 16시00분까지 결제 완료된 주문

",기본 배송비 묶음그룹,조건부 무료,선결제,2500,2500,5000,N,N,-,80894199612,,,,,,,도서,건강/취미,취미/레저,뜨개질/퀼트/십자수,,,,,,N,N,N,,,,http://shop1.phinf.naver.net/20171215_230/es84214_1513303353408wFr2r_JPEG/36610547048356972_-2006539427.jpg,,,,Y,2017-12-15 11:08:58,2020-10-20 10:04:52,
,2364841075,,(일본자수서적) 히라이 요코 -  작은 십자수,스마트스토어,,,판매중지,전시중,43234,18900,18900,,,N,N,N,,,,,1.0%,0,0,0,0,0,,,,오늘출발,"평일 16시00분까지 결제 완료된 주문

",기본 배송비 묶음그룹,조건부 무료,선결제,2500,2500,5000,N,N,-,80894214964,,,,,,,도서,건강/취미,취미/레저,뜨개질/퀼트/십자수,,,,,,N,N,N,,,,http://shop1.phinf.naver.net/20171215_213/es84214_1513302557936x48XF_JPEG/36609717556105731_1622577800.jpg,,,,Y,2017-12-15 10:55:20,2020-11-03 10:09:01,
,2364809876,,자수서적 기초부터 배우는 십자수 교실  ,스마트스토어,,,판매중,전시중,34232,18000,18000,,,N,N,N,,,,,1.0%,0,0,0,0,0,,,,오늘출발,"평일 16시00분까지 결제 완료된 주문

",기본 배송비 묶음그룹,조건부 무료,선결제,3000,3000,6000,N,N,-,80894226051,,,,,,,도서,건강/취미,취미/레저,뜨개질/퀼트/십자수,,,,,,N,N,N,,,,http://shop1.phinf.naver.net/20220613_275/1655100775685C7PXv_JPEG/56236673785558972_1613764789.jpg,,,,Y,2017-12-15 10:45:27,2026-02-13 18:59:40,
,2364776370,,(일본자수서적) 귀여운 자수 도안집,스마트스토어,,,판매중지,전시중,34242,18500,18500,,,N,N,N,,,,,1.0%,0,0,0,0,0,,,,오늘출발,"평일 16시00분까지 결제 완료된 주문

",기본 배송비 묶음그룹,조건부 무료,선결제,2500,2500,5000,N,N,-,80894250503,,,,,,,도서,건강/취미,취미/레저,뜨개질/퀼트/십자수,,,,,,N,N,N,,,,http://shop1.phinf.naver.net/20180125_222/es84214_1516848162698R3jfW_JPEG/40155322316978415_2049391215.jpg,,,,Y,2017-12-15 10:22:46,2022-12-23 09:02:09,
,2347438530,,후직스 moco 자수실 멀티색상 - 20색,스마트스토어,,,품절,전시중,0,55200,55200,,,N,N,N,,,,,1.0%,0,0,0,0,0,,,,오늘출발,"평일 16시00분까지 결제 완료된 주문

",,조건부 무료,선결제,3000,3000,6000,N,Y,-,12902876494,,,,,,,가구/인테리어,수예,자수,실/바늘,,,,,,N,N,N,,,,http://shop1.phinf.naver.net/20181007_224/es84214_1538899927358VrUHX_JPEG/21618786206377497_37991384.JPG,,,,Y,2017-12-06 22:31:06,2025-03-28 10:54:02,
,2347429834,,후직스 MOCO 자수실 - 20색세트,스마트스토어,,,판매중지,전시중,43243,55200,55200,,,N,N,N,,,,,1.0%,0,0,0,0,0,,,,오늘출발,"평일 16시00분까지 결제 완료된 주문

",,조건부 무료,선결제,3000,3000,6000,N,Y,-,12902867772,,,,,,,가구/인테리어,수예,자수,실/바늘,,,,,,N,N,N,,,,http://shop1.phinf.naver.net/20181007_83/es84214_1538899820504rGWCe_JPEG/21618679352132952_638211211.JPG,,,,Y,2017-12-06 22:20:52,2025-10-17 13:57:02,
,2347421591,,스팃스 58 934 크로바 요요플레이트 클로버 L,스마트스토어,스팃스 58 934 크로바 요요플레이트 클로버 L,,판매중,전시중,54353,7500,7500,,,N,N,N,,,,,1.0%,0,0,0,0,0,,,,오늘출발,"평일 16시00분까지 결제 완료된 주문

",기본 배송비 묶음그룹,조건부 무료,선결제,3000,3000,6000,N,Y,-,12902859230,,,,,,,가구/인테리어,수예,수예용품/부자재,,크로바,크로바,270,,,N,N,N,,,,https://shop-phinf.pstatic.net/20171206_28/es84214_15125658042984JRdG_JPEG/35872963918379076_195315104.JPG,,,,Y,2017-12-06 22:10:48,2026-06-17 18:28:03,
,2347416310,,스팃스  58 935 크로바 요요플레이트  클로버 s,스마트스토어,,,판매중,전시중,34242,7100,7100,,,N,N,N,,,,,1.0%,0,0,0,0,0,,,,오늘출발,"평일 16시00분까지 결제 완료된 주문

",기본 배송비 묶음그룹,조건부 무료,선결제,3000,3000,6000,N,Y,-,12902854789,,,,,,,가구/인테리어,수예,수예용품/부자재,,,,,,,N,N,N,,,,http://shop1.phinf.naver.net/20171206_232/es84214_1512565506797p5VGP_JPEG/35872700438087604_621553870.JPG,,,,Y,2017-12-06 22:05:59,2026-06-17 18:28:40,
,2347411218,,스팃스 58 940 크로바 요요플레이트  나비L,스마트스토어,,,판매중,전시중,4234,7500,7500,,,N,N,N,,,,,1.0%,0,0,0,0,0,,,,오늘출발,"평일 16시00분까지 결제 완료된 주문

",기본 배송비 묶음그룹,조건부 무료,선결제,3000,3000,6000,N,Y,-,12902849688,,,,,,,가구/인테리어,수예,수예용품/부자재,,,,,,,N,N,N,,,,http://shop1.phinf.naver.net/20240902_185/1725259293185oW849_JPEG/5326858266707206_484721309.jpg,,,,Y,2017-12-06 21:56:47,2026-06-17 18:29:16,
,2347399113,,스팃스 58 941 크로바 요요플레이트 나비s,스마트스토어,,,판매중,전시중,54353,7100,7100,,,N,N,N,,,,,1.0%,0,0,0,0,0,,,,오늘출발,"평일 16시00분까지 결제 완료된 주문

",기본 배송비 묶음그룹,조건부 무료,선결제,3000,3000,6000,N,Y,-,12902838366,,,,,,,가구/인테리어,수예,수예용품/부자재,,,,,,,N,N,N,,,,http://shop1.phinf.naver.net/20240902_251/1725259309576ri3eP_JPEG/35440182556183894_1921297741.jpg,,,,Y,2017-12-06 21:41:06,2026-06-17 18:29:55,
,2341682563,,스팃스 22 802 크로바 구슬 시침핀,스마트스토어,,,판매중,전시중,2234,4800,4800,,,N,N,N,,,,,1.0%,0,0,0,0,0,,,,오늘출발,"평일 16시00분까지 결제 완료된 주문

",기본 배송비 묶음그룹,조건부 무료,선결제,3000,3000,6000,N,Y,-,12882551115,,,,,,,가구/인테리어,수예,수예용품/부자재,,,,,,,N,N,N,,,,http://shop1.phinf.naver.net/20171205_91/es84214_1512402979139zKTvj_JPEG/35710138758525784_-1868400580.jpg,,,,Y,2017-12-05 01:00:42,2026-06-17 18:30:32,
,2341679259,,스팃스 22 724 크로바 마블 시침핀 내열,스마트스토어,,,판매중지,전시중,43235,5000,5000,,,N,N,N,,,,,1.0%,0,0,0,0,0,,,,오늘출발,"평일 16시00분까지 결제 완료된 주문

",기본 배송비 묶음그룹,조건부 무료,선결제,3000,3000,6000,N,Y,-,12882547898,,,,,,,가구/인테리어,수예,수예용품/부자재,,,,,,,N,N,N,,,,http://shop1.phinf.naver.net/20171205_186/es84214_1512402514456YK6SS_JPEG/35709694097754436_1498786417.jpg,,,,Y,2017-12-05 00:55:08,2026-05-04 13:36:21,
,2341673001,,크로바 폼폼메이커 - 하트 L,스마트스토어,,,판매중지,전시중,423339,11700,11700,,,N,N,N,,,,,1.0%,0,0,0,0,0,,,,오늘출발,"평일 16시00분까지 결제 완료된 주문

",기본 배송비 묶음그룹,조건부 무료,선결제,2500,2500,5000,N,Y,-,12882541487,,,,,,,가구/인테리어,수예,수예용품/부자재,,,,,,,N,N,N,,,,http://shop1.phinf.naver.net/20171205_15/es84214_1512402106910IJBg3_JPEG/35709286551166674_-1748902570.jpg,,,,Y,2017-12-05 00:42:17,2019-02-28 19:39:21,
,2341671114,,크로바 폼폼메이커 - 하트 s,스마트스토어,,,판매중지,전시중,4323,10800,10800,,,N,N,N,,,,,1.0%,0,0,0,0,0,,,,오늘출발,"평일 16시00분까지 결제 완료된 주문

",기본 배송비 묶음그룹,조건부 무료,선결제,2500,2500,5000,N,Y,-,12882539821,,,,,,,가구/인테리어,수예,수예용품/부자재,,,,,,,N,N,N,,,,http://shop1.phinf.naver.net/20171205_256/es84214_1512401860731zK8Uq_JPEG/35709020350107366_983580500.jpg,,,,Y,2017-12-05 00:38:20,2019-02-28 19:39:21,
,2341654284,,스팃스 74 544 크로바 가정용 제봉 바느질상자 패키지,스마트스토어,,,판매중,전시중,342342,104400,104400,,,N,N,N,,,,,1.0%,0,0,0,0,0,,,,오늘출발,"평일 16시00분까지 결제 완료된 주문

",기본 배송비 묶음그룹,조건부 무료,선결제,3000,3000,6000,N,Y,-,12882522801,,,,,,,가구/인테리어,수예,수예용품/부자재,,,,,,,N,N,N,,,,http://shop1.phinf.naver.net/20191030_158/1572402504216uKoOt_JPEG/9764837598390429_1674902315.jpg,,,,Y,2017-12-05 00:16:20,2026-06-17 18:31:09,
,2340633415,,스팃스 58 792 크로바 폼폼메이커  미니,스마트스토어,,,판매중,전시중,432414,6500,6500,,,N,N,N,,,,,1.0%,0,0,0,0,0,,,,오늘출발,"평일 16시00분까지 결제 완료된 주문

",기본 배송비 묶음그룹,조건부 무료,선결제,3000,3000,6000,N,Y,-,12878725284,,,,,,,가구/인테리어,수예,수예용품/부자재,,,,,,,N,N,N,,,,http://shop1.phinf.naver.net/20171204_8/es84214_1512350648931I6Oo4_JPEG/35657828475625455_-434962583.jpg,,,,Y,2017-12-04 10:25:04,2026-02-13 18:59:40,
,2328738633,,스팃스 크로바 57 511 미끄럼 방지 풀 자 템플릿 고정액 퀼트 바느질 도구,스마트스토어,,,판매중,전시중,4324,7500,7500,,,N,N,N,,,,,1.0%,0,0,0,0,0,,,,오늘출발,"평일 16시00분까지 결제 완료된 주문

",기본 배송비 묶음그룹,조건부 무료,선결제,3000,3000,6000,N,Y,-,12822734768,,,,,,,가구/인테리어,수예,수예용품/부자재,,,,,,,N,N,N,,,,http://shop1.phinf.naver.net/20171127_54/es84214_15117458281513oaEO_JPEG/35052128778360296_-1044553924.jpg,,,,Y,2017-11-27 10:24:09,2026-06-17 18:32:34,
,2328737180,,스팃스 57 007 크로바 프랑스자수 바늘세트 7호,스마트스토어,,,판매중,전시중,34194,4800,4800,,,N,N,N,,,,,1.0%,0,0,0,0,0,,,,오늘출발,"평일 16시00분까지 결제 완료된 주문

",기본 배송비 묶음그룹,조건부 무료,선결제,3000,3000,6000,N,Y,-,12822717756,,,,,,,가구/인테리어,수예,자수,실/바늘,,,,,,N,N,N,,,,http://shop1.phinf.naver.net/20171127_152/es84214_1511745491773z3GaQ_JPEG/35052651394537794_-335277205.jpg,,,,Y,2017-11-27 10:18:33,2026-02-13 18:59:40,
,2328736096,,스팃스 57 003 크로바 프랑스자수 바늘세트 3호,스마트스토어,,,판매중,전시중,3419,4800,4800,,,N,N,N,,,,,1.0%,0,0,0,0,0,,,,오늘출발,"평일 16시00분까지 결제 완료된 주문

",기본 배송비 묶음그룹,조건부 무료,선결제,3000,3000,6000,N,Y,-,12822716490,,,,,,,가구/인테리어,수예,자수,실/바늘,,,,,,N,N,N,,,,http://shop1.phinf.naver.net/20171127_81/es84214_1511745167271VdJF9_JPEG/35052346911279140_1684995332.jpg,,,,Y,2017-11-27 10:13:09,2026-02-13 18:59:40,
,2328735150,,스팃스 57 005 크로바 프랑스자수 바늘세트 5호,스마트스토어,,,판매중,전시중,43236,4800,4800,,,N,N,N,,,,,1.0%,0,0,0,0,0,,,,오늘출발,"평일 16시00분까지 결제 완료된 주문

",기본 배송비 묶음그룹,조건부 무료,선결제,3000,3000,6000,N,Y,-,12822707776,,,,,,,가구/인테리어,수예,자수,실/바늘,,,,,,N,N,N,,,,http://shop1.phinf.naver.net/20171127_178/es84214_1511744972488cQ3nI_JPEG/35050937012768853_-1810430312.jpg,,,,Y,2017-11-27 10:09:54,2026-02-13 18:59:40,
,2328733180,,스팃스 57 009 크로바 프랑스자수 바늘세트 9호,스마트스토어,,,판매중,전시중,354227,4800,4800,,,N,N,N,,,,,1.0%,0,0,0,0,0,,,,오늘출발,"평일 16시00분까지 결제 완료된 주문

",기본 배송비 묶음그룹,조건부 무료,선결제,3000,3000,6000,N,Y,-,12822705570,,,,,,,가구/인테리어,수예,자수,실/바늘,,,,,,N,N,N,,,,http://shop1.phinf.naver.net/20171127_264/es84214_1511744557621snhsm_JPEG/35050522146623884_-383206883.jpg,,,,Y,2017-11-27 10:03:01,2026-06-17 18:35:12,
,2323318019,,(일본수입도서) 파리의 산책도,스마트스토어,,,판매중지,전시중,324342,22700,22700,,,N,N,N,,,,,1.0%,0,0,0,0,0,,,,오늘출발,"평일 16시00분까지 결제 완료된 주문

",기본 배송비 묶음그룹,조건부 무료,선결제,2500,2500,5000,N,N,-,80881797547,,,,,,,도서,건강/취미,취미/레저,뜨개질/퀼트/십자수,,,,,,N,N,N,,,,http://shop1.phinf.naver.net/20171124_123/es84214_1511496731844jYMft_JPEG/34803925485668999_-611528963.jpg,,,,Y,2017-11-24 13:12:21,2022-12-23 09:02:09,
,2323301788,,"(일본수입도서)선물하고 싶은꽃, 장식하고 싶은꽃",스마트스토어,,,판매중지,전시중,43242,30500,30500,,,N,N,N,,,,,1.0%,0,0,0,0,0,,,,오늘출발,"평일 16시00분까지 결제 완료된 주문

",기본 배송비 묶음그룹,조건부 무료,선결제,2500,2500,5000,N,N,-,80881798487,,,,,,,도서,건강/취미,취미/레저,뜨개질/퀼트/십자수,,,,,,N,N,N,,,,http://shop1.phinf.naver.net/20171124_266/es84214_15114964086813bFW5_JPEG/34803568300710296_-671565859.jpg,,,,Y,2017-11-24 13:07:04,2022-12-23 09:02:09,
,2323284792,,(일본자수도서)자수실로 짜는  미니어쳐 소품,스마트스토어,,,판매중지,전시중,43242,17000,17000,,,N,N,N,,,,,1.0%,0,0,0,0,0,,,,오늘출발,"평일 16시00분까지 결제 완료된 주문

",기본 배송비 묶음그룹,조건부 무료,선결제,2500,2500,5000,N,N,-,80881799884,,,,,,,도서,건강/취미,취미/레저,뜨개질/퀼트/십자수,,,,,,N,N,N,,,,http://shop1.phinf.naver.net/20171124_59/es84214_1511496057103CE2EH_JPEG/34802021725753588_389969728.jpg,,,,Y,2017-11-24 13:01:07,2022-02-28 15:24:10,
,2323272111,,(일본자수서적)프랑스자수도안148 토츠카 자수사진집,스마트스토어,,,판매중지,전시중,432424,30500,30500,,,N,N,N,,,,,1.0%,0,0,0,0,0,,,,오늘출발,"평일 16시00분까지 결제 완료된 주문

",기본 배송비 묶음그룹,조건부 무료,선결제,2500,2500,5000,N,N,-,80881801137,,,,,,,도서,건강/취미,취미/레저,뜨개질/퀼트/십자수,,,,,,N,N,N,,,,http://shop1.phinf.naver.net/20171124_91/es84214_15114957947039y7Xd_JPEG/34802988345696079_172191869.jpg,,,,Y,2017-11-24 12:56:45,2022-12-23 09:02:09,
,2323252207,,(일본수입도서) 자수 액세사리,스마트스토어,,,판매중지,전시중,43242,13200,13200,,,N,N,N,,,,,1.0%,0,0,0,0,0,,,,오늘출발,"평일 16시00분까지 결제 완료된 주문

",기본 배송비 묶음그룹,조건부 무료,선결제,2500,2500,5000,N,N,-,80881801566,,,,,,,도서,건강/취미,취미/레저,뜨개질/퀼트/십자수,,,,,,N,N,N,,,,http://shop1.phinf.naver.net/20171124_191/es84214_1511495446171IDzjy_JPEG/34802639715436191_179543882.jpg,,,,Y,2017-11-24 12:51:00,2021-12-23 11:17:46,
,2323227573,,처음하는 자수의 원 포인트 스티치 500+120,스마트스토어,,,판매중지,전시중,3423,21000,21000,,,N,N,N,,,,,1.0%,0,0,0,0,0,,,,오늘출발,"평일 16시00분까지 결제 완료된 주문

",기본 배송비 묶음그룹,조건부 무료,선결제,2500,2500,5000,N,N,-,80881803134,,,,,,,도서,건강/취미,취미/레저,뜨개질/퀼트/십자수,,,,,,N,N,N,,,,http://shop1.phinf.naver.net/20171124_44/es84214_1511495028413rFrXQ_JPEG/34802208055622729_-1128397844.jpg,,,,Y,2017-11-24 12:44:04,2022-12-23 09:02:09,
,2323209628,,(일본자수서적) 설탕처럼 달콤한 자수,스마트스토어,,,판매중지,전시중,4324,16560,16560,,,N,N,N,,,,,1.0%,0,0,0,0,0,,,,오늘출발,"평일 16시00분까지 결제 완료된 주문

",기본 배송비 묶음그룹,조건부 무료,선결제,2500,2500,5000,N,N,-,80881804540,,,,,,,도서,건강/취미,취미/레저,뜨개질/퀼트/십자수,,,,,,N,N,N,,,,http://shop1.phinf.naver.net/20171124_34/es84214_1511494710429L8jdE_JPEG/34800675054510710_-596921710.jpg,,,,Y,2017-11-24 12:39:16,2022-12-23 09:02:09,
,2323191850,,디즈니 자수 도안집 - 개정판,스마트스토어,,,판매중지,전시중,10699,10700,10700,,,N,N,N,,,,,1.0%,0,0,0,0,0,,,,오늘출발,"평일 16시00분까지 결제 완료된 주문

",기본 배송비 묶음그룹,조건부 무료,선결제,2500,2500,5000,N,N,-,80881805979,,,,,,,도서,건강/취미,취미/레저,뜨개질/퀼트/십자수,,,,,,N,N,N,,,,http://shop1.phinf.naver.net/20171124_6/es84214_1511494411589wpS7t_JPEG/34801605229615632_-1762404505.jpg,,,,Y,2017-11-24 12:34:04,2019-04-02 15:48:54,
,2323181866,,(일본 자수서적) 스티치 idees-VOL.23,스마트스토어,,,판매중지,전시중,4324,15600,15600,,,N,N,N,,,,,1.0%,0,0,0,0,0,,,,오늘출발,"평일 16시00분까지 결제 완료된 주문

",기본 배송비 묶음그룹,조건부 무료,선결제,2500,2500,5000,N,N,-,80881806054,,,,,,,도서,건강/취미,취미/레저,뜨개질/퀼트/십자수,,,,,,N,N,N,,,,http://shop1.phinf.naver.net/20171124_162/es84214_1511494246539jWXmB_JPEG/34801406159313057_770030854.jpg,,,,Y,2017-11-24 12:31:15,2019-04-10 14:34:36,
,2323143951,,(일본 자수서적) 스티치 idees-VOL.21,스마트스토어,,,판매중지,전시중,34233,14600,14600,,,N,N,N,,,,,1.0%,0,0,0,0,0,,,,오늘출발,"평일 16시00분까지 결제 완료된 주문

",기본 배송비 묶음그룹,조건부 무료,선결제,2500,2500,5000,N,N,-,80881810036,,,,,,,도서,건강/취미,취미/레저,뜨개질/퀼트/십자수,,,,,,N,N,N,,,,http://shop1.phinf.naver.net/20171124_127/es84214_1511493569249UklHl_JPEG/34799869876105255_-1217771531.jpg,,,,Y,2017-11-24 12:20:13,2019-02-28 19:39:21,
,2322962691,,(일본 자수서적) 스티치 idees-VOL.24,스마트스토어,,,판매중지,전시중,42342,15400,15400,,,N,N,N,,,,,1.0%,0,0,0,0,0,,,,오늘출발,"평일 16시00분까지 결제 완료된 주문

",기본 배송비 묶음그룹,조건부 무료,선결제,2500,2500,5000,N,N,-,80881827314,,,,,,,도서,건강/취미,취미/레저,뜨개질/퀼트/십자수,,,,,,N,N,N,,,,http://shop1.phinf.naver.net/20171124_22/es84214_1511490590202tTwMK_JPEG/34797783841383879_-1223486195.jpg,,,,Y,2017-11-24 11:31:06,2019-02-28 19:39:21,
,2318533788,,스팃스 투명보빈 25개 자수실 정리 아크릴보빈,스마트스토어,,,판매중,전시중,33560,1800,1800,,,N,N,N,,,,,1.0%,0,0,0,0,0,,,,오늘출발,"평일 16시00분까지 결제 완료된 주문

",기본 배송비 묶음그룹,조건부 무료,선결제,3000,3000,6000,N,Y,-,12785010691,,,,,,,가구/인테리어,수예,수예용품/부자재,,스팃스,스팃스,,,,N,N,N,,,,http://shop1.phinf.naver.net/20240626_158/1719381759880TqKRp_JPEG/739349734169638_1057521659.jpg,,,,Y,2017-11-22 18:13:01,2026-06-17 18:35:51,
,2314888488,,스팃스 57 684 크로바 하트형 실끼우기 실 끼우는 도구,스마트스토어,,,판매중,전시중,34237,7100,7100,,,N,N,N,,,,,1.0%,0,0,0,0,0,,,,오늘출발,"평일 16시00분까지 결제 완료된 주문

",기본 배송비 묶음그룹,조건부 무료,선결제,3000,3000,6000,N,Y,-,12773796319,,,,,,,가구/인테리어,수예,수예용품/부자재,,,,,,,N,N,N,,,,http://shop1.phinf.naver.net/20171121_134/es84214_1511238342832axgwW_JPEG/34545522473821133_1677132698.jpg,,,,Y,2017-11-21 13:25:51,2026-06-17 18:36:31,
,2314871647,,스팃스 57 008 크로바 프랑스자수 바늘세트 8호,스마트스토어,,,판매중,전시중,43234,4800,4800,,,N,N,N,,,,,1.0%,0,0,0,0,0,,,,오늘출발,"평일 16시00분까지 결제 완료된 주문

",기본 배송비 묶음그룹,조건부 무료,선결제,3000,3000,6000,N,Y,-,12773747916,,,,,,,가구/인테리어,수예,자수,실/바늘,,,,,,N,N,N,,,,http://shop1.phinf.naver.net/20171121_124/es84214_1511238025859Do0y2_JPEG/34545219398046566_-1680078233.jpg,,,,Y,2017-11-21 13:20:34,2026-06-17 18:37:08,
,2314856777,,스팃스 튤립 자동실끼우기 바늘세트,스마트스토어,,,판매중,전시중,34240,33000,33000,,,N,N,N,,,,,1.0%,0,0,0,0,0,,,,오늘출발,"평일 16시00분까지 결제 완료된 주문

",기본 배송비 묶음그룹,조건부 무료,선결제,3000,3000,6000,N,Y,-,12773732904,,,,,,,가구/인테리어,수예,수예용품/부자재,,,,,,,N,N,N,,,,http://shop1.phinf.naver.net/20171121_196/es84214_1511237736560xCfJb_JPEG/34544037187977447_-760768831.jpg,,,,Y,2017-11-21 13:15:46,2026-06-17 18:37:46,
,2309086129,,스팃스 나비 골드 가위 프랑스자수 자수가위 실가위 DIY 부자재,스마트스토어,,,판매중,전시중,342419,8000,8000,,,N,N,N,,,,,1.0%,0,0,0,0,0,,,,오늘출발,"평일 16시00분까지 결제 완료된 주문

",기본 배송비 묶음그룹,조건부 무료,선결제,3000,3000,6000,N,Y,-,12745044166,,,,,,,가구/인테리어,수예,수예용품/부자재,,스팃스,스팃스,,,,N,N,N,,,,http://shop1.phinf.naver.net/20171117_68/es84214_1510891472111KTB1h_JPEG/34198665752646806_-305628663.JPG,,,,Y,2017-11-17 13:04:44,2026-06-17 18:38:25,
,2309080696,,스팃스 나비 빈티지 가위 프랑스자수 자수가위 실가위 DIY 부자재,스마트스토어,,,판매중,전시중,342419,8000,8000,,,N,N,N,,,,,1.0%,0,0,0,0,0,,,,오늘출발,"평일 16시00분까지 결제 완료된 주문

",기본 배송비 묶음그룹,조건부 무료,선결제,3000,3000,6000,N,Y,-,12745039530,,,,,,,가구/인테리어,수예,수예용품/부자재,,스팃스,스팃스,,,,N,N,N,,,,http://shop1.phinf.naver.net/20171117_8/es84214_1510891200312G1YLX_JPEG/34198359932022246_-349842027.JPG,,,,Y,2017-11-17 13:00:11,2026-06-17 18:39:03,
,2287635254,,스팃스 24 151 크로바 챠코페이퍼 양면  흰색 원단용먹지,스마트스토어,,,판매중,전시중,342336,7800,7800,,,N,N,N,,,,,1.0%,0,0,0,0,0,,,,오늘출발,"평일 16시00분까지 결제 완료된 주문

",기본 배송비 묶음그룹,조건부 무료,선결제,3000,3000,6000,N,Y,-,12664597636,,,,,,,가구/인테리어,수예,수예용품/부자재,,,,,,,N,N,N,,,,http://shop1.phinf.naver.net/20171108_253/es84214_1510109392626h3q8v_JPEG/33415693252050201_1325080461.jpg,,,,Y,2017-11-08 11:50:03,2026-06-17 18:39:41,
,2287629707,,스팃스 24 150 크로바 챠코페이퍼 양면 회색 원단용먹지,스마트스토어,,,판매중,전시중,34238,7800,7800,,,N,N,N,,,,,1.0%,0,0,0,0,0,,,,오늘출발,"평일 16시00분까지 결제 완료된 주문

",기본 배송비 묶음그룹,조건부 무료,선결제,3000,3000,6000,N,Y,-,12664591415,,,,,,,가구/인테리어,수예,수예용품/부자재,,,,,,,N,N,N,,,,http://shop1.phinf.naver.net/20171108_34/es84214_1510109126705yhbOd_JPEG/33415427332901136_-1871232840.jpg,,,,Y,2017-11-08 11:45:36,2026-06-17 18:40:19,
,2287624002,,스팃스 24 152 크로바 챠코페이퍼 양면  파랑 원단용먹지,스마트스토어,,,판매중,전시중,43234,7800,7800,,,N,N,N,,,,,1.0%,0,0,0,0,0,,,,오늘출발,"평일 16시00분까지 결제 완료된 주문

",기본 배송비 묶음그룹,조건부 무료,선결제,3000,3000,6000,N,Y,-,12664586273,,,,,,,가구/인테리어,수예,수예용품/부자재,,,,,,,N,N,N,,,,http://shop1.phinf.naver.net/20171108_153/es84214_1510108863767CpW9T_JPEG/33416057410261945_-412711111.jpg,,,,Y,2017-11-08 11:41:13,2026-06-17 18:40:57,
,2287611226,,스팃스 24 153 크로바 챠코페이퍼 양면  노랑 원단용먹지,스마트스토어,,,판매중,전시중,342339,7800,7800,,,N,N,N,,,,,1.0%,0,0,0,0,0,,,,오늘출발,"평일 16시00분까지 결제 완료된 주문

",기본 배송비 묶음그룹,조건부 무료,선결제,3000,3000,6000,N,Y,-,12664573823,,,,,,,가구/인테리어,수예,수예용품/부자재,,,,,,,N,N,N,,,,http://shop1.phinf.naver.net/20171108_202/es84214_1510108576466Oq8Ul_JPEG/33415756109138036_-795336895.jpg,,,,Y,2017-11-08 11:35:35,2026-06-17 18:41:34,
,2287600109,,스팃스 24 154 크로바 챠코페이퍼 양면  레드 원단용먹지,스마트스토어,,,판매중,전시중,342334,7800,7800,,,N,N,N,,,,,1.0%,0,0,0,0,0,,,,오늘출발,"평일 16시00분까지 결제 완료된 주문

",기본 배송비 묶음그룹,조건부 무료,선결제,3000,3000,6000,N,Y,-,12664562482,,,,,,,가구/인테리어,수예,수예용품/부자재,,,,,,,N,N,N,,,,http://shop1.phinf.naver.net/20171108_187/es84214_1510108185878NYX3J_JPEG/33415365520517273_1428571620.jpg,,,,Y,2017-11-08 11:30:08,2026-06-17 18:42:13,
,2287585924,,77-176 크로바 수용성 챠코페이퍼 양면 - 파랑,스마트스토어,,,판매중지,전시중,432419,5800,5800,,,N,N,N,,,,,1.0%,0,0,0,0,0,,,,오늘출발,"평일 16시00분까지 결제 완료된 주문

",기본 배송비 묶음그룹,조건부 무료,선결제,2500,2500,5000,N,Y,-,12664548490,,,,,,,가구/인테리어,수예,수예용품/부자재,,,,,,,N,N,N,,,,http://shop1.phinf.naver.net/20171108_272/es84214_15101077614498YKub_JPEG/33414920967203340_-876999468.jpg,,,,Y,2017-11-08 11:22:56,2022-06-27 11:27:57,
,2287575941,,77-174 크로바 수용성 챠코페이퍼 양면 - 노랑,스마트스토어,,,판매중지,전시중,4324324,5800,5800,,,N,N,N,,,,,1.0%,0,0,0,0,0,,,,오늘출발,"평일 16시00분까지 결제 완료된 주문

",기본 배송비 묶음그룹,조건부 무료,선결제,2500,2500,5000,N,Y,-,12664538460,,,,,,,가구/인테리어,수예,수예용품/부자재,,,,,,,N,N,N,,,,http://shop1.phinf.naver.net/20171108_228/es84214_1510107442418U6qgd_JPEG/33414636057509085_-1712680678.jpg,,,,Y,2017-11-08 11:17:34,2020-01-29 09:59:22,
,2287564631,,77-175 크로바 수용성 챠코페이퍼 양면 - 레드,스마트스토어,,,판매중지,전시중,432342,5800,5800,,,N,N,N,,,,,1.0%,0,0,0,0,0,,,,오늘출발,"평일 16시00분까지 결제 완료된 주문

",기본 배송비 묶음그룹,조건부 무료,선결제,2500,2500,5000,N,Y,-,12664526995,,,,,,,가구/인테리어,수예,수예용품/부자재,,,,,,,N,N,N,,,,http://shop1.phinf.naver.net/20171108_266/es84214_1510107075672WuHMh_JPEG/33413040298373024_1910399370.jpg,,,,Y,2017-11-08 11:11:45,2020-05-07 11:30:37,
,2287547810,,스팃스 24 095 크로바 샤프형 초크펜 리필,스마트스토어,,,판매중,전시중,342432,4500,4500,,,N,N,N,,,,,1.0%,0,0,0,0,0,,,,오늘출발,"평일 16시00분까지 결제 완료된 주문

",기본 배송비 묶음그룹,조건부 무료,선결제,3000,3000,6000,N,Y,-,12664509550,,,,,,,가구/인테리어,수예,수예용품/부자재,,,,,,,N,N,N,,,,http://shop1.phinf.naver.net/20171108_216/es84214_1510106721611OgFbL_JPEG/33413022239032711_858737507.jpg,,,,Y,2017-11-08 11:05:31,2026-06-17 18:42:52,
,2287533386,,스팃스 24 091 크로바 샤프형 초크펜,스마트스토어,,,판매중,전시중,342431,13000,13000,,,N,N,N,,,,,1.0%,0,0,0,0,0,,,,오늘출발,"평일 16시00분까지 결제 완료된 주문

",기본 배송비 묶음그룹,조건부 무료,선결제,3000,3000,6000,N,Y,-,12664486022,,,,,,,가구/인테리어,수예,수예용품/부자재,,,,,,,N,N,N,,,,http://shop1.phinf.naver.net/20171108_287/es84214_1510106347218BTPS9_JPEG/33413506733018868_-1542807079.jpg,,,,Y,2017-11-08 10:59:17,2026-06-17 18:43:33,
,2287515702,,크로바 초크펜 3종,스마트스토어,,,판매중지,전시중,132419,11000,11000,,,N,N,N,,,,,1.0%,0,0,0,0,0,,,,오늘출발,"평일 16시00분까지 결제 완료된 주문

",기본 배송비 묶음그룹,조건부 무료,선결제,2500,2500,5000,N,Y,-,12664446881,,,,,,,가구/인테리어,수예,수예용품/부자재,,,,,,,N,N,N,,,,http://shop1.phinf.naver.net/20171108_159/es84214_1510105858964F8OV4_JPEG/33411823590569970_91824981.jpg,,,,Y,2017-11-08 10:51:12,2020-02-26 16:08:54,
,2287500786,,크로바 미니 초크펜 3종,스마트스토어,,,판매중지,전시중,342341,5200,5200,,,N,N,N,,,,,1.0%,0,0,0,0,0,,,,오늘출발,"평일 16시00분까지 결제 완료된 주문

",기본 배송비 묶음그룹,조건부 무료,선결제,2500,2500,5000,N,Y,-,12664430688,,,,,,,가구/인테리어,수예,수예용품/부자재,,,,,,,N,N,N,,,,http://shop1.phinf.naver.net/20171108_259/es84214_1510105385052rxm4a_JPEG/33411349676786896_-2141132848.jpg,,,,Y,2017-11-08 10:43:17,2022-10-18 15:51:21,
,2257698520,,스팃스 자수용 비즈 구슬 12색 세트,스마트스토어,,,판매중,전시중,43234310,24000,24000,,,N,N,N,,,,,1.0%,0,0,0,0,0,,,,오늘출발,"평일 16시00분까지 결제 완료된 주문

",기본 배송비 묶음그룹,조건부 무료,선결제,3000,3000,6000,N,Y,-,12562875078,,,,,,,가구/인테리어,수예,수예용품/부자재,,스팃스,스팃스,,,,N,N,N,,,,http://shop1.phinf.naver.net/20171027_25/es84214_1509096335315AeESA_JPEG/32402635941810370_198393853.JPG,,,,Y,2017-10-27 18:25:48,2026-06-17 18:44:12,
,2257689353,,스팃스 DMC 실 번호 체크표 실번호표,스마트스토어,,,판매중,전시중,342169,300,300,,,N,N,N,,,,,1.0%,0,0,0,0,0,,,,오늘출발,"평일 16시00분까지 결제 완료된 주문

",기본 배송비 묶음그룹,조건부 무료,선결제,3000,3000,6000,N,Y,-,12562816882,,,,,,,가구/인테리어,수예,수예용품/부자재,,스팃스,스팃스,,,,N,N,N,,,,https://shop-phinf.pstatic.net/20171027_22/es84214_1509095903183fSdoM_JPEG/32403096820430540_1118013213.JPG,,,,Y,2017-10-27 18:18:36,2026-06-17 18:44:51,
,2257671461,,스팃스 원터치 미니 줄자 150cm,스마트스토어,,,판매중,전시중,5432323,1500,1500,,,N,N,N,,,,,1.0%,0,0,0,0,0,,,,오늘출발,"평일 16시00분까지 결제 완료된 주문

",기본 배송비 묶음그룹,조건부 무료,선결제,3000,3000,6000,N,Y,-,12562627561,,,,,,,가구/인테리어,수예,수예용품/부자재,,스팃스,스팃스,,,,N,N,N,,,,https://shop-phinf.pstatic.net/20171027_41/es84214_1509095212071bA47T_JPEG/32402371692022231_988445389.jpg,,,,Y,2017-10-27 18:07:02,2026-06-17 18:45:31,
,2253487969,,스팃스 체스 코튼 레이스,스마트스토어,,,판매중,전시중,342342,2200,2200,,,N,N,N,,,,,1.0%,0,0,0,0,0,,,,오늘출발,"평일 16시00분까지 결제 완료된 주문

",기본 배송비 묶음그룹,조건부 무료,선결제,3000,3000,6000,N,Y,-,12547756494,,,,,,,가구/인테리어,수예,수예용품/부자재,,스팃스,스팃스,,,,N,N,N,,,,http://shop1.phinf.naver.net/20171026_156/es84214_1508983763563dQLuM_JPEG/32290957205749359_-1544250054.JPG,,,,Y,2017-10-26 11:09:35,2026-06-17 18:46:13,
,2253485890,,스팃스 메르시 코튼 레이스,스마트스토어,,,판매중,전시중,34240,2200,2200,,,N,N,N,,,,,1.0%,0,0,0,0,0,,,,오늘출발,"평일 16시00분까지 결제 완료된 주문

",기본 배송비 묶음그룹,조건부 무료,선결제,3000,3000,6000,N,Y,-,12547754225,,,,,,,가구/인테리어,수예,수예용품/부자재,,스팃스,스팃스,,,,N,N,N,,,,http://shop1.phinf.naver.net/20171026_183/es84214_1508983613847XW6gs_JPEG/32289914472036879_-937798499.JPG,,,,Y,2017-10-26 11:07:03,2026-06-17 18:46:53,
,2253485352,,스팃스 원더랜드 코튼 레이스,스마트스토어,,,판매중,전시중,34239,2200,2200,,,N,N,N,,,,,1.0%,0,0,0,0,0,,,,오늘출발,"평일 16시00분까지 결제 완료된 주문

",기본 배송비 묶음그룹,조건부 무료,선결제,3000,3000,6000,N,Y,-,12547753912,,,,,,,가구/인테리어,수예,수예용품/부자재,,스팃스,스팃스,,,,N,N,N,,,,http://shop1.phinf.naver.net/20171026_246/es84214_1508983172559dkKXM_JPEG/32289137182986878_1323320664.JPG,,,,Y,2017-10-26 11:06:11,2026-06-17 18:47:35,
,2253476665,,스팃스 대형 리퍼 실따개 실뜯개,스마트스토어,,,판매중,전시중,42330,1500,1500,,,N,N,N,,,,,1.0%,0,0,0,0,0,,,,오늘출발,"평일 16시00분까지 결제 완료된 주문

",기본 배송비 묶음그룹,조건부 무료,선결제,3000,3000,6000,N,Y,-,12547704897,,,,,,,가구/인테리어,수예,수예용품/부자재,,스팃스,스팃스,,,,N,N,N,,,,http://shop1.phinf.naver.net/20171026_34/es84214_1508982628164BX24t_JPEG/32289807806210697_1437008713.jpg,,,,Y,2017-10-26 10:51:10,2026-06-17 18:48:16,
,2253471925,,[일본 자수서적]  꽃과 풍경의 자수 샘플러,스마트스토어,,,판매중지,전시중,342342,24500,24500,,,N,N,N,,,,,1.0%,0,0,0,0,0,,,,오늘출발,"평일 16시00분까지 결제 완료된 주문

",기본 배송비 묶음그룹,조건부 무료,선결제,2500,2500,5000,N,N,-,80890931369,,,,,,,도서,건강/취미,취미/레저,뜨개질/퀼트/십자수,,,,,,N,N,N,,,,http://shop1.phinf.naver.net/20171026_62/es84214_1508982008899agPKP_JPEG/32287973523502270_-1274691043.jpg,,,,Y,2017-10-26 10:42:20,2022-05-11 12:37:25,
,2252729648,,스팃스 2단 특대 보빈함  32칸 보빈함 소품정리함,스마트스토어,,,판매중,전시중,342309,12000,12000,,,N,N,N,,,,,1.0%,0,0,0,0,0,,,,오늘출발,"평일 16시00분까지 결제 완료된 주문

",기본 배송비 묶음그룹,조건부 무료,선결제,3000,3000,6000,N,Y,-,12543804746,,,,,,,생활/건강,수납/정리용품,정리함,소품정리함,스팃스,스팃스,,,,N,N,N,,,,http://shop1.phinf.naver.net/20171025_90/es84214_15089282890648zoeq_JPEG/32235482705982093_-1163705483.JPG,,,,Y,2017-10-25 19:44:58,2026-06-17 18:48:59,
,2252690654,,크로바 토마토 핀쿠션 (바늘클리너 포함),스마트스토어,,,판매중지,전시중,342429,10400,10400,,,N,N,N,,,,,1.0%,0,0,0,0,0,,,,오늘출발,"평일 16시00분까지 결제 완료된 주문

",기본 배송비 묶음그룹,조건부 무료,선결제,2500,2500,5000,N,Y,-,12543679725,,,,,,,가구/인테리어,수예,수예용품/부자재,,,,,,,N,N,N,,,,http://shop1.phinf.naver.net/20171025_294/es84214_1508926438373AynPW_JPEG/32232402998339454_1612576125.jpg,,,,Y,2017-10-25 19:14:55,2019-08-20 10:49:21,
,2252661499,,스팃스 57 419 니들패치 기본도구 리필바늘 6합용,스마트스토어,,,판매중,전시중,42341,7150,7150,,,N,N,N,,,,,1.0%,0,0,0,0,0,,,,오늘출발,"평일 16시00분까지 결제 완료된 주문

",기본 배송비 묶음그룹,조건부 무료,선결제,3000,3000,6000,N,Y,-,12543612444,,,,,,,가구/인테리어,수예,수예용품/부자재,,,,,,,N,N,N,,,,http://shop1.phinf.naver.net/20171025_207/es84214_1508925279154Nxglr_JPEG/32232438776020895_-1322879093.jpg,,,,Y,2017-10-25 18:54:54,2026-02-13 19:10:41,
,2252641187,,스팃스 투웨이 블루 수성펜 지우개펜,스마트스토어,,,판매중,전시중,342302,2200,2200,,,N,N,N,,,,,1.0%,0,0,0,0,0,,,,오늘출발,"평일 16시00분까지 결제 완료된 주문

",기본 배송비 묶음그룹,조건부 무료,선결제,3000,3000,6000,N,Y,-,12543536659,,,,,,,가구/인테리어,수예,수예용품/부자재,,스팃스,스팃스,,,,N,N,N,,,,https://shop-phinf.pstatic.net/20240620_223/1718857897204hNg9A_JPEG/7120251065164903_2005954900.jpg,,,,Y,2017-10-25 18:42:15,2026-06-17 18:50:17,
,2252593683,,스팃스 DMC 자수실 25번 복합사 18색 세트,스마트스토어,,,판매중,전시중,3362,19800,19800,,,N,N,N,,,,,1.0%,0,0,0,0,0,,,,오늘출발,"평일 16시00분까지 결제 완료된 주문

",기본 배송비 묶음그룹,조건부 무료,선결제,3000,3000,6000,N,Y,-,12543327824,,,,,,,가구/인테리어,수예,자수,실/바늘,DMC,DMC,11194,,,N,N,N,,,,https://shop-phinf.pstatic.net/20180718_62/es84214_1531902115403Nwz2s_JPEG/55209275021831543_835687608.JPG,,,,Y,2017-10-25 18:14:27,2026-02-13 19:10:41,
,2248452578,,스팃스 퀼팅 시접자  30cm,스마트스토어,,,판매중,전시중,342330,4200,4200,,,N,N,N,,,,,1.0%,0,0,0,0,0,,,,오늘출발,"평일 16시00분까지 결제 완료된 주문

",기본 배송비 묶음그룹,조건부 무료,선결제,3000,3000,6000,N,Y,-,12528594893,,,,,,,가구/인테리어,수예,수예용품/부자재,,스팃스,스팃스,,,,N,N,N,,,,http://shop1.phinf.naver.net/20171024_85/es84214_1508808928556FG5oA_JPEG/32115229081718941_1479957041.JPG,,,,Y,2017-10-24 10:35:39,2026-06-17 18:51:37,
,2248449487,,스팃스 퀼팅 시접자 15cm,스마트스토어,,,판매중,전시중,9995,2200,2200,,,N,N,N,,,,,1.0%,0,0,0,0,0,,,,오늘출발,"평일 16시00분까지 결제 완료된 주문

",기본 배송비 묶음그룹,조건부 무료,선결제,3000,3000,6000,N,Y,-,12528563598,,,,,,,가구/인테리어,수예,수예용품/부자재,,스팃스,스팃스,,,,N,N,N,,,,https://shop-phinf.pstatic.net/20171024_223/es84214_1508808820234Ny0CT_JPEG/32115120759925024_-1434405625.JPG,,,,Y,2017-10-24 10:33:51,2026-06-17 18:52:20,
,2237651298,,스팃스 빅토리아 손 바늘세트 30개입,스마트스토어,,,판매중,전시중,43234,3000,3000,,,N,N,N,,,,,1.0%,0,0,0,0,0,,,,오늘출발,"평일 16시00분까지 결제 완료된 주문

",기본 배송비 묶음그룹,조건부 무료,선결제,3000,3000,6000,N,Y,-,12499866649,,,,,,,가구/인테리어,수예,자수,실/바늘,스팃스,스팃스,,,,N,N,N,,,,http://shop1.phinf.naver.net/20171020_98/es84214_1508468463659h0kMm_JPEG/31775643290028336_-1580821440.jpg,,,,Y,2017-10-20 12:01:14,2026-06-17 18:53:02,
,2237632088,,스팃스 JJP10503 존제임스 페블 구슬바늘 10호 12호,스마트스토어,,,판매중,전시중,34233,5700,5700,,,N,N,N,,,,,1.0%,0,0,0,0,0,,,,오늘출발,"평일 16시00분까지 결제 완료된 주문

",기본 배송비 묶음그룹,조건부 무료,선결제,3000,3000,6000,N,Y,-,12499846431,,,,,,,가구/인테리어,수예,자수,실/바늘,,,,,,N,N,N,,,,http://shop1.phinf.naver.net/20171020_186/es84214_1508468060523fHhPT_JPEG/31774025148338238_510226909.JPG,,,,Y,2017-10-20 11:54:33,2026-06-17 18:53:44,
,2237613302,,스팃스 JJP18882 존제임스 리본자수/크루엘 바늘 18/22호,스마트스토어,,,판매중,전시중,43237,5700,5700,,,N,N,N,,,,,1.0%,0,0,0,0,0,,,,오늘출발,"평일 16시00분까지 결제 완료된 주문

",기본 배송비 묶음그룹,조건부 무료,선결제,3000,3000,6000,N,Y,-,12499778891,,,,,,,가구/인테리어,수예,자수,실/바늘,존제임스,존제임스,,,,N,N,N,,,,https://shop-phinf.pstatic.net/20171020_158/es84214_1508467638850t7N8V_JPEG/31773939478062590_-603902383.JPG,,,,Y,2017-10-20 11:47:30,2026-06-17 18:54:28,
,2237595083,,스팃스 JJP14539 존제임스 페블 다너바늘 입체자수 3~9호,스마트스토어,,,판매중,전시중,432422,5700,5700,,,N,N,N,,,,,1.0%,0,0,0,0,0,,,,오늘출발,"평일 16시00분까지 결제 완료된 주문

",기본 배송비 묶음그룹,조건부 무료,선결제,3000,3000,6000,N,Y,-,12499753731,,,,,,,가구/인테리어,수예,자수,실/바늘,,,,,,N,N,N,,,,http://shop1.phinf.naver.net/20171020_272/es84214_15084672583201auB0_JPEG/31773222944857122_1163655722.JPG,,,,Y,2017-10-20 11:41:08,2026-06-17 18:55:10,
,2237568651,,스팃스 JJP12039 존제임스 페블 퀼팅 바늘 3~9호,스마트스토어,,,판매중,전시중,342341,5700,5700,,,N,N,N,,,,,1.0%,0,0,0,0,0,,,,오늘출발,"평일 16시00분까지 결제 완료된 주문

",기본 배송비 묶음그룹,조건부 무료,선결제,3000,3000,6000,N,Y,-,12499727924,,,,,,,가구/인테리어,수예,자수,실/바늘,,,,,,N,N,N,,,,http://shop1.phinf.naver.net/20171020_260/es84214_1508466750026wHjhV_JPEG/31773909647436654_-1584056981.JPG,,,,Y,2017-10-20 11:32:39,2026-06-17 18:55:51,
,2237548975,,스팃스 JJP19884 존제임스 페블 십자수 바늘 18/24호,스마트스토어,,,판매중,전시중,342427,5700,5700,,,N,N,N,,,,,1.0%,0,0,0,0,0,,,,오늘출발,"평일 16시00분까지 결제 완료된 주문

",기본 배송비 묶음그룹,조건부 무료,선결제,3000,3000,6000,N,Y,-,12499700360,,,,,,,가구/인테리어,수예,자수,실/바늘,,,,,,N,N,N,,,,http://shop1.phinf.naver.net/20171020_280/es84214_15084663494533MUSN_JPEG/31772649980315061_-1419885143.JPG,,,,Y,2017-10-20 11:26:27,2026-06-17 18:56:36,
,2237529394,,스팃스 JJP13550 존제임스 페블 자수 바늘 5-10호,스마트스토어,,,판매중,전시중,342372,5700,5700,,,N,N,N,,,,,1.0%,0,0,0,0,0,,,,오늘출발,"평일 16시00분까지 결제 완료된 주문

",기본 배송비 묶음그룹,조건부 무료,선결제,3000,3000,6000,N,Y,-,12499643790,,,,,,,가구/인테리어,수예,자수,실/바늘,존제임스,존제임스,,,,N,N,N,,,,https://shop-phinf.pstatic.net/20171020_29/es84214_1508465993625b7mFS_JPEG/31772294251833101_-954166169.JPG,,,,Y,2017-10-20 11:20:27,2026-06-17 18:57:20,
,2235111238,,스팃스 DMC 자수실 25번 면사 프랑스자수 십자수실 505색 택1,스마트스토어,,,판매중,전시중,991557,1100,1100,,,Y,Y,N,,,,,1.0%,0,0,0,0,0,,,,오늘출발,"평일 16시00분까지 결제 완료된 주문

",기본 배송비 묶음그룹,조건부 무료,선결제,3000,3000,6000,N,Y,-,12487091155,,,,,,,가구/인테리어,수예,자수,실/바늘,DMC,DMC,11194,DMC 25번 면사 프랑스자수 십자수 자수실 503색,,N,N,N,,,,http://shop1.phinf.naver.net/20171019_21/es84214_150837562762694tF2_PNG/31681928246649436_-72980719.png,,,,Y,2017-10-19 10:17:10,2026-02-13 19:10:41,
,2224834510,,북유럽 키친  커트지 원단 110cmx90cm,스마트스토어,,,판매중지,전시중,2,8700,8700,,,N,N,N,,,,,1.0%,0,0,0,0,0,,,,오늘출발,"평일 16시00분까지 결제 완료된 주문

",기본 배송비 묶음그룹,조건부 무료,선결제,2500,2500,5000,N,Y,-,12448782056,,,,,,,가구/인테리어,수예,원단,,자체제작,자체브랜드,,,,N,N,N,,,,http://shop1.phinf.naver.net/20171014_216/es84214_1507951194456yE1fl_JPEG/31257159079346745_-1296029755.jpg,,,,Y,2017-10-14 12:24:17,2026-02-10 15:40:50,
,2224809161,,스팃스 케이트 로즈 핑크 면 100% 20수 원단,스마트스토어,,,판매중,전시중,342432,6500,6500,,,N,N,N,,,,,1.0%,0,0,0,0,0,,,,오늘출발,"평일 16시00분까지 결제 완료된 주문

",기본 배송비 묶음그룹,조건부 무료,선결제,3000,3000,6000,N,Y,-,12448736553,,,,,,,가구/인테리어,수예,원단,,스팃스,스팃스,,,,N,N,N,,,,http://shop1.phinf.naver.net/20171014_129/es84214_1507950782343Lu5hO_JPEG/31257082967454390_1569960800.jpg,,,,Y,2017-10-14 12:13:12,2026-06-17 18:58:42,
,2224797379,,스팃스 케이트로즈 그레이 면 100% 20수 원단,스마트스토어,,,판매중,전시중,43242,6500,6500,,,N,N,N,,,,,1.0%,0,0,0,0,0,,,,오늘출발,"평일 16시00분까지 결제 완료된 주문

",기본 배송비 묶음그룹,조건부 무료,선결제,3000,3000,6000,N,Y,-,12448718271,,,,,,,가구/인테리어,수예,원단,,스팃스,스팃스,,,,N,N,N,,,,http://shop1.phinf.naver.net/20171014_146/es84214_1507949963091uVQjw_JPEG/31255927716780949_-1465559114.jpg,,,,Y,2017-10-14 12:08:15,2026-06-17 18:59:24,
,2191795015,,스팃스 워싱광목린넨 옐로우 5종 원단패키지,스마트스토어,,,판매중,전시중,342407,7400,7400,,,N,N,N,,,,,1.0%,0,0,0,0,0,,,,오늘출발,"평일 16시00분까지 결제 완료된 주문

",기본 배송비 묶음그룹,조건부 무료,선결제,3000,3000,6000,N,Y,-,12324241879,,,,,,,가구/인테리어,수예,원단,,스팃스,스팃스,,,,N,N,N,,,,http://shop1.phinf.naver.net/20170922_187/es84214_1506050915978l4XwW_JPEG/29358109620048417_-65972311.jpg,,,,Y,2017-09-22 12:28:48,2026-02-20 12:56:04,
,2191794041,,스팃스 워싱광목린넨 블루 4종 원단패키지,스마트스토어,,,판매중,전시중,342373,6500,6500,,,N,N,N,,,,,1.0%,0,0,0,0,0,,,,오늘출발,"평일 16시00분까지 결제 완료된 주문

",기본 배송비 묶음그룹,조건부 무료,선결제,3000,3000,6000,N,Y,-,12324235691,,,,,,,가구/인테리어,수예,원단,,스팃스,스팃스,,,,N,N,N,,,,http://shop1.phinf.naver.net/20170922_111/es84214_1506050835489IgIRQ_JPEG/29358029131469955_1789618416.jpg,,,,Y,2017-09-22 12:27:36,2026-06-17 19:00:51,
,2191724488,,스팃스 24 067 크로바 열 전사펜 블루,스마트스토어,,,판매중,전시중,34218,4500,4500,,,N,N,N,,,,,1.0%,0,0,0,0,0,,,,오늘출발,"평일 16시00분까지 결제 완료된 주문

",기본 배송비 묶음그룹,조건부 무료,선결제,3000,3000,6000,N,Y,-,12323988007,,,,,,,가구/인테리어,수예,수예용품/부자재,,,,,,,N,N,N,,,,http://shop1.phinf.naver.net/20170922_16/es84214_15060480742279hbJy_JPEG/29354374854835898_-302299468.jpg,,,,Y,2017-09-22 11:41:51,2026-06-17 19:01:36,
,2167576554,,멀티 실따개(실뜯개) 리퍼,스마트스토어,,,판매중지,전시중,342342,3800,3800,,,N,N,N,,,,,1.0%,0,0,0,0,0,,,,오늘출발,"평일 16시00분까지 결제 완료된 주문

",기본 배송비 묶음그룹,조건부 무료,선결제,2500,2500,5000,N,Y,-,12220687194,,,,,,,가구/인테리어,수예,수예용품/부자재,,자체제작,자체브랜드,,,,N,N,N,,,,http://shop1.phinf.naver.net/20170908_223/es84214_1504838089398omdaw_JPEG/28145283041976788_1593426825.jpg,,,,Y,2017-09-08 11:34:58,2026-02-10 15:40:49,
,2167565932,,자수실 5번사(꼰사) 36색 세트,스마트스토어,,,판매중지,전시중,3417,13000,13000,,,N,N,N,,,,,1.0%,0,0,0,0,0,,,,오늘출발,"평일 16시00분까지 결제 완료된 주문

",기본 배송비 묶음그룹,조건부 무료,선결제,3000,3000,6000,N,Y,-,12220675717,,,,,,,가구/인테리어,수예,자수,실/바늘,자체제작,자체브랜드,,,,N,N,N,,,,http://shop1.phinf.naver.net/20170908_139/es84214_1504837598663vk0cU_JPEG/28144778303475033_291269645.jpg,,,,Y,2017-09-08 11:26:58,2026-02-10 15:40:49,
,2163504015,,스팃스 2단 하트막대 보관함 자수실 케이스,스마트스토어,,,판매중,전시중,42274,10000,10000,,,N,N,N,,,,,1.0%,0,0,0,0,0,,,,오늘출발,"평일 16시00분까지 결제 완료된 주문

",기본 배송비 묶음그룹,조건부 무료,선결제,3000,3000,6000,N,Y,-,12203452019,,,,,,,생활/건강,수납/정리용품,정리함,소품정리함,스팃스,스팃스,,,,N,N,N,,,,http://shop1.phinf.naver.net/20170906_78/es84214_1504665350165qCm0U_JPEG/27971314789646641_190179756.jpg,,,,Y,2017-09-06 11:36:37,2026-02-20 12:56:04,
,2163474713,,스팃스 57 660 크로바 패턴시트 무지,스마트스토어,,,판매중,전시중,5196,5200,5200,,,N,N,N,,,,,1.0%,0,0,0,0,0,,,,오늘출발,"평일 16시00분까지 결제 완료된 주문

",기본 배송비 묶음그룹,조건부 무료,선결제,3000,3000,6000,N,Y,-,12203361451,,,,,,,가구/인테리어,수예,수예용품/부자재,,크로바,크로바,270,,,N,N,N,,,,https://shop-phinf.pstatic.net/20170906_200/es84214_1504664556579r3qpd_JPEG/27970857203643388_-223172022.jpg,,,,Y,2017-09-06 11:22:59,2026-06-17 19:03:04,
,2155718630,,자수실 면사/울사 혼합 150색상 세트,스마트스토어,,,판매중지,전시중,342340,55000,55000,,,N,N,N,,,,,1.0%,0,0,0,0,0,,,,오늘출발,"평일 16시00분까지 결제 완료된 주문

",기본 배송비 묶음그룹,조건부 무료,선결제,3000,3000,6000,N,Y,-,12180900318,,,,,,,가구/인테리어,수예,수예용품/부자재,,자체제작,자체브랜드,,,,N,N,N,,,,http://shop1.phinf.naver.net/20170902_223/es84214_15043319449805vRAV_JPEG/27639104595454846_-1408164904.jpg,,,,Y,2017-09-02 14:59:16,2026-02-10 15:40:49,
,2155715923,,스팃스 하트 막대 보빈 자수실 정리용,스마트스토어,,,판매중,전시중,3423018,1300,1300,,,N,N,N,,,,,1.0%,0,0,0,0,0,,,,오늘출발,"평일 16시00분까지 결제 완료된 주문

",기본 배송비 묶음그룹,조건부 무료,선결제,3000,3000,6000,N,Y,-,12180897664,,,,,,,가구/인테리어,수예,수예용품/부자재,,스팃스,스팃스,,,,N,N,N,,,,http://shop1.phinf.naver.net/20170902_241/es84214_1504331841987QItU2_JPEG/27639035623738025_-241563571.jpg,,,,Y,2017-09-02 14:57:58,2026-06-17 19:03:49,
,2155709159,,스팃스 57 070 크로바 자수 바늘 7~10호,스마트스토어,,,판매중,전시중,34235,4800,4800,,,N,N,N,,,,,1.0%,0,0,0,0,0,,,,오늘출발,"평일 16시00분까지 결제 완료된 주문

",기본 배송비 묶음그룹,조건부 무료,선결제,3000,3000,6000,N,Y,-,12180884861,,,,,,,가구/인테리어,수예,수예용품/부자재,,크로바,크로바,,,,N,N,N,,,,https://shop-phinf.pstatic.net/20170902_16/es84214_15043316027977cjbd_JPEG/27638762417383474_-1656230593.jpg,,,,Y,2017-09-02 14:54:25,2026-02-13 19:10:41,
,2147017266,,스팃스 57 535 크로바 링형 실 커터기,스마트스토어,,,판매중,전시중,23424,7200,7200,,,N,N,N,,,,,1.0%,0,0,0,0,0,,,,오늘출발,"평일 16시00분까지 결제 완료된 주문

",기본 배송비 묶음그룹,조건부 무료,선결제,3000,3000,6000,N,Y,-,12148097596,,,,,,,가구/인테리어,수예,수예용품/부자재,,크로바,크로바,,,,N,N,N,,,,https://shop-phinf.pstatic.net/20170829_262/es84214_1504000116772fhA9V_JPEG/27307296407126304_1023866080.jpg,,,,Y,2017-08-29 18:48:48,2026-06-17 19:05:13,
,2147003327,,스팃스 25 316 크로바 자동 줄자,스마트스토어,,,판매중,전시중,342427,10400,10400,,,N,N,N,,,,,1.0%,0,0,0,0,0,,,,오늘출발,"평일 16시00분까지 결제 완료된 주문

",기본 배송비 묶음그룹,조건부 무료,선결제,3000,3000,6000,N,Y,-,12148071441,,,,,,,가구/인테리어,수예,수예용품/부자재,,크로바,크로바,270,,,N,N,N,,,,https://shop-phinf.pstatic.net/20170829_281/es84214_1503999648365Lf8mE_JPEG/27306828006291197_-518552693.jpg,,,,Y,2017-08-29 18:40:57,2026-02-13 19:10:41,
,2146986161,,스팃스 24 428 크로바 투웨이 수성펜 보라 수성+지우개펜,스마트스토어,,,판매중,전시중,432409,4900,4900,,,N,N,N,,,,,1.0%,0,0,0,0,0,,,,오늘출발,"평일 16시00분까지 결제 완료된 주문

",기본 배송비 묶음그룹,조건부 무료,선결제,3000,3000,6000,N,Y,-,12148045446,,,,,,,가구/인테리어,수예,수예용품/부자재,,크로바,크로바,,,,N,N,N,,,,https://shop-phinf.pstatic.net/20170829_156/es84214_150399909711572sGJ_JPEG/27306256737908655_716390773.jpg,,,,Y,2017-08-29 18:31:49,2026-06-17 19:06:41,
,2131287771,,(일본자수서적) 자수 기초 스티치 105,스마트스토어,,,판매중지,전시중,4323,12300,12300,,,N,N,N,,,,,1.0%,0,0,0,0,0,,,,오늘출발,"평일 16시00분까지 결제 완료된 주문

",기본 배송비 묶음그룹,조건부 무료,선결제,2500,2500,5000,N,N,-,80872370204,,,,,,,도서,건강/취미,취미/레저,뜨개질/퀼트/십자수,,,,,,N,N,N,,,,http://shop1.phinf.naver.net/20170820_150/es84214_15032299796463C2Ii_JPEG/26537159286805327_-1558756223.jpg,,,,Y,2017-08-20 20:53:28,2022-03-02 16:15:34,
,2131280176,,(일본자수서적) 10가지 스티치로 만드는 자수 액세서리,스마트스토어,,,판매중지,전시중,423342,13800,13800,,,N,N,N,,,,,1.0%,0,0,0,0,0,,,,오늘출발,"평일 16시00분까지 결제 완료된 주문

",기본 배송비 묶음그룹,조건부 무료,선결제,2500,2500,5000,N,N,-,80888320851,,,,,,,도서,건강/취미,취미/레저,뜨개질/퀼트/십자수,,,,,,N,N,N,,,,http://shop1.phinf.naver.net/20170820_257/es84214_1503229688298C1yI5_JPEG/26536847916857822_-1309724111.jpg,,,,Y,2017-08-20 20:48:39,2022-12-23 09:02:09,
,2131264369,,(일본자수서적) 아오키 카즈코의 여행의 자수3-코츠월드(Cotswolds)와 호수지방의 여행,스마트스토어,,,판매중지,전시중,524,23200,23200,,,N,N,N,,,,,1.0%,0,0,0,0,0,,,,오늘출발,"평일 16시00분까지 결제 완료된 주문

",기본 배송비 묶음그룹,조건부 무료,선결제,2500,2500,5000,N,N,-,80888325733,,,,,,,도서,건강/취미,취미/레저,뜨개질/퀼트/십자수,,,,,,N,N,N,,,,http://shop1.phinf.naver.net/20170820_145/es84214_1503229053220zUrrU_JPEG/26536232862623420_1595481513.jpg,,,,Y,2017-08-20 20:40:06,2022-12-23 09:02:09,
,2131245314,,(일본 자수서적) 파리 지엔느의 자수,스마트스토어,,,판매중지,전시중,34234,18300,18300,,,N,N,N,,,,,1.0%,0,0,0,0,0,,,,오늘출발,"평일 16시00분까지 결제 완료된 주문

",기본 배송비 묶음그룹,조건부 무료,선결제,2500,2500,5000,N,N,-,80888330509,,,,,,,도서,건강/취미,취미/레저,뜨개질/퀼트/십자수,,,,,,N,N,N,,,,http://shop1.phinf.naver.net/20170820_132/es84214_1503228456192OdHsM_JPEG/26535615811968904_-493201675.jpg,,,,Y,2017-08-20 20:28:08,2022-03-29 15:30:42,
,2131237022,,(일본잡지) 핸드메이드 수첩 Vol. 08 -정원에 관련된 핸드메이드,스마트스토어,,,판매중지,전시중,3424,28900,28900,,,N,N,N,,,,,1.0%,0,0,0,0,0,,,,오늘출발,"평일 16시00분까지 결제 완료된 주문

",기본 배송비 묶음그룹,조건부 무료,선결제,2500,2500,5000,N,N,-,80888332522,,,,,,,도서,건강/취미,취미/레저,뜨개질/퀼트/십자수,,,,,,N,N,N,,,,http://shop1.phinf.naver.net/20170820_20/es84214_1503228013281Mk3DI_JPEG/26535206923411093_1914721511.jpg,,,,Y,2017-08-20 20:20:39,2022-04-11 15:32:08,
,2131232231,,(일본자수서적) 아오키 카즈코의 스티치 라이프,스마트스토어,,,판매중지,전시중,4543,20400,20400,,,N,N,N,,,,,1.0%,0,0,0,0,0,,,,오늘출발,"평일 16시00분까지 결제 완료된 주문

",기본 배송비 묶음그룹,조건부 무료,선결제,2500,2500,5000,N,N,-,80888333551,,,,,,,도서,건강/취미,취미/레저,뜨개질/퀼트/십자수,,,,,,N,N,N,,,,http://shop1.phinf.naver.net/20170820_256/es84214_1503227554039KxdWu_JPEG/26533854666124716_1813113595.jpg,,,,Y,2017-08-20 20:14:47,2022-12-23 09:02:09,
,2131224007,,(일본자수서적) 부케-자수 꽃다발,스마트스토어,,,판매중지,전시중,4323,32000,32000,,,N,N,N,,,,,1.0%,0,0,0,0,0,,,,오늘출발,"평일 16시00분까지 결제 완료된 주문

",기본 배송비 묶음그룹,조건부 무료,선결제,2500,2500,5000,N,N,-,80888334467,,,,,,,도서,건강/취미,취미/레저,뜨개질/퀼트/십자수,,,,,,N,N,N,,,,http://shop1.phinf.naver.net/20170820_31/es84214_1503227041666YlqWU_JPEG/26534201283561106_963620244.jpg,,,,Y,2017-08-20 20:04:28,2022-12-23 09:02:09,
,2131207467,,(일본자수서적) 자수 레슨 BOOK,스마트스토어,,,판매중지,전시중,4234,18100,18100,,,N,N,N,,,,,1.0%,0,0,0,0,0,,,,오늘출발,"평일 16시00분까지 결제 완료된 주문

",기본 배송비 묶음그룹,조건부 무료,선결제,2500,2500,5000,N,N,-,80888336598,,,,,,,도서,건강/취미,취미/레저,뜨개질/퀼트/십자수,,,,,,N,N,N,,,,http://shop1.phinf.naver.net/20170820_80/es84214_1503226073230K6axl_JPEG/26533266872647842_1373709457.jpg,,,,Y,2017-08-20 19:49:16,2022-12-23 09:02:09,
,2131201651,,[일본 자수서적] STITCH LESSON,스마트스토어,,,판매중지,전시중,34243,20400,20400,,,N,N,N,,,,,1.0%,0,0,0,0,0,,,,오늘출발,"평일 16시00분까지 결제 완료된 주문

",기본 배송비 묶음그룹,조건부 무료,선결제,2500,2500,5000,N,N,-,80888336946,,,,,,,도서,건강/취미,취미/레저,뜨개질/퀼트/십자수,,,,,,N,N,N,,,,http://shop1.phinf.naver.net/20170820_182/es84214_1503225877210bGQRH_JPEG/26532177834569395_362826529.jpg,,,,Y,2017-08-20 19:44:42,2019-07-31 11:31:59,
,2131183244,,(일본자수서적) 작은 리본 자수,스마트스토어,,,판매중지,전시중,3423,18000,18000,,,N,N,N,,,,,1.0%,0,0,0,0,0,,,,오늘출발,"평일 16시00분까지 결제 완료된 주문

",기본 배송비 묶음그룹,조건부 무료,선결제,2500,2500,5000,N,N,-,80888339136,,,,,,,도서,건강/취미,취미/레저,뜨개질/퀼트/십자수,,,,,,N,N,N,,,,http://shop1.phinf.naver.net/20170820_247/es84214_1503225041152AiRc4_JPEG/26531005777182974_-728366142.jpg,,,,Y,2017-08-20 19:31:49,2019-07-01 10:35:36,
,2131175578,,(일본자수서적) 사쿠라이 카즈에의 자수 도안집,스마트스토어,,,판매중지,전시중,43242,17000,17000,,,N,N,N,,,,,1.0%,0,0,0,0,0,,,,오늘출발,"평일 16시00분까지 결제 완료된 주문

",기본 배송비 묶음그룹,조건부 무료,선결제,2500,2500,5000,N,N,-,80888340115,,,,,,,도서,건강/취미,취미/레저,뜨개질/퀼트/십자수,,,,,,N,N,N,,,,http://shop1.phinf.naver.net/20170820_36/es84214_1503224697896azCju_JPEG/26530998523660082_-751160249.jpg,,,,Y,2017-08-20 19:25:43,2021-03-08 13:09:53,
,2131163685,,(일본자수서적) 북유럽 풍의 귀여운 천과 생활 잡화 - 핸드 메이드 레시피 포함,스마트스토어,,,판매중지,전시중,43243,18600,18600,,,N,N,N,,,,,1.0%,0,0,0,0,0,,,,오늘출발,"평일 16시00분까지 결제 완료된 주문

",기본 배송비 묶음그룹,조건부 무료,선결제,2500,2500,5000,N,N,-,80888342410,,,,,,,도서,건강/취미,취미/레저,뜨개질/퀼트/십자수,,,,,,N,N,N,,,,http://shop1.phinf.naver.net/20170820_205/es84214_1503224215589hCtg1_JPEG/26531409227517688_-26144871.jpg,,,,Y,2017-08-20 19:16:57,2019-06-07 10:17:33,
,2131148593,,(일본자수서적) 간단하고 귀여운 파리모양 자수500,스마트스토어,,,판매중지,전시중,2342,20400,20400,,,N,N,N,,,,,1.0%,0,0,0,0,0,,,,오늘출발,"평일 16시00분까지 결제 완료된 주문

",기본 배송비 묶음그룹,조건부 무료,선결제,2500,2500,5000,N,N,-,80888346475,,,,,,,도서,건강/취미,취미/레저,뜨개질/퀼트/십자수,,,,,,N,N,N,,,,http://shop1.phinf.naver.net/20170820_105/es84214_1503223566482DAKUV_JPEG/26530760124887707_-471777863.jpg,,,,Y,2017-08-20 19:06:28,2022-12-23 09:02:09,
,2131139747,,(일본 자수서적) 스티치 idees-VOL.25,스마트스토어,,,판매중지,전시중,4321,14600,14600,,,N,N,N,,,,,1.0%,0,0,0,0,0,,,,오늘출발,"평일 16시00분까지 결제 완료된 주문

",기본 배송비 묶음그룹,조건부 무료,선결제,2500,2500,5000,N,N,-,80888347998,,,,,,,도서,건강/취미,취미/레저,뜨개질/퀼트/십자수,,,,,,N,N,N,,,,http://shop1.phinf.naver.net/20170820_111/es84214_1503223167278upSO5_JPEG/26529131904502423_499839936.jpg,,,,Y,2017-08-20 18:59:56,2021-03-03 14:53:35,
,2131124215,,(일본자수서적) 입체자수로 장식하는 아름다운 꽃들과 액세서리,스마트스토어,,,판매중지,전시중,432341,21300,21300,,,N,N,N,,,,,1.0%,0,0,0,0,0,,,,오늘출발,"평일 16시00분까지 결제 완료된 주문

",기본 배송비 묶음그룹,조건부 무료,선결제,2500,2500,5000,N,N,-,80888350909,,,,,,,도서,건강/취미,취미/레저,뜨개질/퀼트/십자수,,,,,,N,N,N,,,,http://shop1.phinf.naver.net/20170820_143/es84214_15032224908755BwFQ_JPEG/26528791502288656_-555772690.jpg,,,,Y,2017-08-20 18:49:03,2022-12-23 09:02:09,
,2131086159,,(일본자수서적) 프랑스 자수와 도안151 메르헨 꽃과 귀여운 친구들,스마트스토어,,,판매중지,전시중,4233,29200,29200,,,N,N,N,,,,,1.0%,0,0,0,0,0,,,,오늘출발,"평일 16시00분까지 결제 완료된 주문

",기본 배송비 묶음그룹,조건부 무료,선결제,2500,2500,5000,N,N,-,80888354650,,,,,,,도서,건강/취미,취미/레저,뜨개질/퀼트/십자수,,,,,,N,N,N,,,,http://shop1.phinf.naver.net/20170820_95/es84214_1503220818518L48ID_JPEG/26528012158999428_1281945850.jpg,,,,Y,2017-08-20 18:21:25,2022-03-16 15:13:19,
,2131072533,,(일본자수서적) 볼록함이 귀여운 입체 자수,스마트스토어,,,판매중지,전시중,3422,14300,14300,,,N,N,N,,,,,1.0%,0,0,0,0,0,,,,오늘출발,"평일 16시00분까지 결제 완료된 주문

",기본 배송비 묶음그룹,조건부 무료,선결제,2500,2500,5000,N,N,-,80888356677,,,,,,,도서,건강/취미,취미/레저,뜨개질/퀼트/십자수,,,,,,N,N,N,,,,http://shop1.phinf.naver.net/20170820_258/es84214_1503219828000mBFgu_JPEG/26526128628132842_-233784018.jpg,,,,Y,2017-08-20 18:04:45,2022-12-23 09:02:09,
,2131027232,,자수저거 원 포인트 자수 도안집,스마트스토어,,,판매중,전시중,342422,13400,13400,,,N,N,N,,,,,1.0%,0,0,0,0,0,,,,오늘출발,"평일 16시00분까지 결제 완료된 주문

",기본 배송비 묶음그룹,조건부 무료,선결제,3000,3000,6000,N,N,-,80888360260,,,,,,,도서,건강/취미,취미/레저,뜨개질/퀼트/십자수,,,,,,N,N,N,,,,http://shop1.phinf.naver.net/20170820_274/es84214_1503217705291y6aBi_JPEG/26524005920020427_-844833295.jpg,,,,Y,2017-08-20 17:30:28,2026-02-13 19:10:41,
,2094985815,,스팃스 22 131 크로바 열 접착 테이프 5mm,스마트스토어,,,판매중,전시중,234236,8900,8900,,,N,N,N,,,,,1.0%,0,0,0,0,0,,,,오늘출발,"평일 16시00분까지 결제 완료된 주문

",기본 배송비 묶음그룹,조건부 무료,선결제,3000,3000,6000,N,Y,-,11974562034,,,,,,,가구/인테리어,수예,수예용품/부자재,,,,,,,N,N,N,,,,http://shop1.phinf.naver.net/20170801_60/es84214_1501557339008NWqIp_JPEG/24864532556173159_-1438351398.jpg,,,,Y,2017-08-01 12:16:03,2026-06-17 19:08:14,
,2094970773,,스팃스 22 132 크로바 열 접착 테이프 10mm,스마트스토어,,,판매중,전시중,342427,8900,8900,,,N,N,N,,,,,1.0%,0,0,0,0,0,,,,오늘출발,"평일 16시00분까지 결제 완료된 주문

",기본 배송비 묶음그룹,조건부 무료,선결제,3000,3000,6000,N,Y,-,11974531097,,,,,,,가구/인테리어,수예,수예용품/부자재,,,,,,,N,N,N,,,,http://shop1.phinf.naver.net/20170801_109/es84214_15015568408060R6Mm_JPEG/24864020447908830_769817925.jpg,,,,Y,2017-08-01 12:07:47,2026-02-13 19:10:41,
,2079447206,,스팃스 DMC 자수실 롤 메탈릭,스마트스토어,,,판매중,전시중,342396,5200,5200,,,Y,N,N,,,,,1.0%,0,0,0,0,0,,,,오늘출발,"평일 16시00분까지 결제 완료된 주문

",기본 배송비 묶음그룹,조건부 무료,선결제,3000,3000,6000,N,Y,-,11925639244,,,,,,,가구/인테리어,수예,자수,실/바늘,DMC,DMC,11194,,,N,N,N,,,,https://shop-phinf.pstatic.net/20170723_273/es84214_1500806357646AEplb_JPEG/24112658272667101_-1182791514.JPG,,,,Y,2017-07-23 19:41:19,2026-06-17 19:09:51,
,2079431527,,스팃스 DMC 자수실 라이트 이팩트사 금사 은사 쥬얼리이펙트 총36색,스마트스토어,,,판매중,전시중,452968,3200,3200,,,Y,N,N,,,,,1.0%,0,0,0,0,0,,,,오늘출발,"평일 16시00분까지 결제 완료된 주문

",기본 배송비 묶음그룹,조건부 무료,선결제,3000,3000,6000,N,Y,-,11925586423,,,,,,,가구/인테리어,수예,자수,실/바늘,DMC,DMC,11194,,,N,N,N,,,,https://shop-phinf.pstatic.net/20170723_255/es84214_1500803256577ECWja_JPEG/24110450219179957_-733654827.JPG,,,,Y,2017-07-23 18:47:57,2026-02-13 19:10:41,
,2059036188,,스팃스 DMC 자수실 복합사 18색 택1,스마트스토어,,,판매중,전시중,5433654,1100,1100,,,Y,N,N,,,,,1.0%,0,0,0,0,0,,,,오늘출발,"평일 16시00분까지 결제 완료된 주문

",기본 배송비 묶음그룹,조건부 무료,선결제,3000,3000,6000,N,Y,-,11857754369,,,,,,,가구/인테리어,수예,자수,실/바늘,DMC,DMC,11194,,,N,N,N,,,,https://shop-phinf.pstatic.net/20180718_62/es84214_1531902115403Nwz2s_JPEG/55209275021831543_835687608.JPG,,,,Y,2017-07-12 09:36:30,2026-02-13 19:10:41,
,2049689506,,크로바 초크펜 프랑스자수 퀼트용 (파랑),스마트스토어,,,판매중지,전시중,643450,3800,3800,,,N,N,N,,,,,1.0%,0,0,0,0,0,,,,오늘출발,"평일 16시00분까지 결제 완료된 주문

",기본 배송비 묶음그룹,조건부 무료,선결제,2500,2500,5000,N,Y,-,11830307174,,,,,,,가구/인테리어,수예,수예용품/부자재,,,,,,,N,N,N,,,,http://shop1.phinf.naver.net/20170707_114/es84214_1499395018177uaoiy_JPEG/22700982802967814_72918118.jpg,,,,Y,2017-07-07 11:37:16,2021-10-14 14:32:38,
,2049686905,,크로바 초크펜 프랑스자수 퀼트용 (노랑),스마트스토어,,,판매중지,전시중,3798,3800,3800,,,N,N,N,,,,,1.0%,0,0,0,0,0,,,,오늘출발,"평일 16시00분까지 결제 완료된 주문

",기본 배송비 묶음그룹,조건부 무료,선결제,3000,3000,6000,N,Y,-,11830304091,,,,,,,가구/인테리어,수예,수예용품/부자재,,,,,,,N,N,N,,,,http://shop1.phinf.naver.net/20170707_98/es84214_14993949388957olFh_JPEG/22700903520558263_723825197.jpg,,,,Y,2017-07-07 11:35:54,2023-11-14 10:32:53,
,2049683354,,크로바 초크펜 프랑스자수 퀼트용 (화이트),스마트스토어,,,판매중지,전시중,34242,3800,3800,,,N,N,N,,,,,1.0%,0,0,0,0,0,,,,오늘출발,"평일 16시00분까지 결제 완료된 주문

",기본 배송비 묶음그룹,조건부 무료,선결제,2500,2500,5000,N,Y,-,11830301355,,,,,,,가구/인테리어,수예,수예용품/부자재,,,,,,,N,N,N,,,,http://shop1.phinf.naver.net/20170707_162/es84214_1499394811334Ygwk0_JPEG/22700775960316646_765574446.jpg,,,,Y,2017-07-07 11:33:55,2020-04-27 12:38:26,
,2049679598,,크로바 초크펜 프랑스자수 퀼트용 (핑크),스마트스토어,,,판매중지,전시중,45234,3800,3800,,,N,N,N,,,,,1.0%,0,0,0,0,0,,,,오늘출발,"평일 16시00분까지 결제 완료된 주문

",기본 배송비 묶음그룹,조건부 무료,선결제,3000,3000,6000,N,Y,-,11830297908,,,,,,,가구/인테리어,수예,수예용품/부자재,,,,,,,N,N,N,,,,http://shop1.phinf.naver.net/20170707_49/es84214_1499394706866YvNzQ_JPEG/22700671490566954_-975454397.jpg,,,,Y,2017-07-07 11:32:06,2023-11-14 10:32:53,
,2047326949,,스팃스 35 001 크로바 끈끼우개 고무줄 끼우개,스마트스토어,,,판매중,전시중,432422,3700,3700,,,N,N,N,,,,,1.0%,0,0,0,0,0,,,,오늘출발,"평일 16시00분까지 결제 완료된 주문

",기본 배송비 묶음그룹,조건부 무료,선결제,3000,3000,6000,N,Y,-,11821545892,,,,,,,가구/인테리어,수예,수예용품/부자재,,크로바,크로바,,,,N,N,N,,,,https://shop-phinf.pstatic.net/20170705_175/es84214_14992652908119yMNB_JPEG/22572450433758036_-1808068579.jpg,,,,Y,2017-07-05 23:35:09,2026-06-17 19:11:57,
,2047325806,,스팃스 58 401 크로바 수예용 본드,스마트스토어,,,판매중,전시중,3641,4500,4500,,,N,N,N,,,,,1.0%,0,0,0,0,0,,,,오늘출발,"평일 16시00분까지 결제 완료된 주문

",기본 배송비 묶음그룹,조건부 무료,선결제,3000,3000,6000,N,Y,-,11821544758,,,,,,,가구/인테리어,수예,수예용품/부자재,,크로바,크로바,,,,N,N,N,,,,https://shop-phinf.pstatic.net/20240626_84/1719380674170k3orV_JPEG/6839191049092843_1094049823.jpg,,,,Y,2017-07-05 23:33:15,2026-06-17 19:12:40,
,2047322829,,스팃스 24 066 크로바 열 전사펜 레드,스마트스토어,,,판매중,전시중,432411,4500,4500,,,N,N,N,,,,,1.0%,0,0,0,0,0,,,,오늘출발,"평일 16시00분까지 결제 완료된 주문

",기본 배송비 묶음그룹,조건부 무료,선결제,3000,3000,6000,N,Y,-,11821541753,,,,,,,가구/인테리어,수예,수예용품/부자재,,,,,,,N,N,N,,,,http://shop1.phinf.naver.net/20170705_273/es84214_1499264744620WXmRt_JPEG/22571904240565597_2135884755.jpg,,,,Y,2017-07-05 23:26:04,2026-06-17 19:13:22,
,2047319070,,스팃스 24 430 크로바 투웨이 수성펜 핑크 수성+지우개펜,스마트스토어,,,판매중,전시중,4323392,4900,4900,,,N,N,N,,,,,1.0%,0,0,0,0,0,,,,오늘출발,"평일 16시00분까지 결제 완료된 주문

",기본 배송비 묶음그룹,조건부 무료,선결제,3000,3000,6000,N,Y,-,11821538413,,,,,,,가구/인테리어,수예,수예용품/부자재,,크로바,크로바,,,,N,N,N,,,,https://shop-phinf.pstatic.net/20170705_134/es84214_1499263748139NWxaK_JPEG/22570048767777572_-1018847376.jpg,,,,Y,2017-07-05 23:09:39,2026-06-17 19:14:07,
,2047315490,,스팃스 24 429 크로바 투웨이 수성펜 파랑 수성+지우개펜,스마트스토어,,,판매중,전시중,432419,4900,4900,,,N,N,N,,,,,1.0%,0,0,0,0,0,,,,오늘출발,"평일 16시00분까지 결제 완료된 주문

",기본 배송비 묶음그룹,조건부 무료,선결제,3000,3000,6000,N,Y,-,11821534802,,,,,,,가구/인테리어,수예,수예용품/부자재,,크로바,크로바,,,,N,N,N,,,,https://shop-phinf.pstatic.net/20170705_274/es84214_14992628671206xjeI_JPEG/22568831657865491_-1052372814.jpg,,,,Y,2017-07-05 22:55:15,2026-06-17 19:14:50,
,2047264632,,스팃스 36 222 NCS 240일본 크로바 재단가위 24cm ,스마트스토어,,,판매중지,전시중,42339,93500,93500,,,N,N,N,,,,,1.0%,0,0,0,0,0,,,,오늘출발,"평일 16시00분까지 결제 완료된 주문

",기본 배송비 묶음그룹,조건부 무료,선결제,3000,3000,6000,N,Y,-,11821461751,,,,,,,가구/인테리어,수예,수예용품/부자재,,크로바,크로바,,,,N,N,N,,,,https://shop-phinf.pstatic.net/20170705_295/es84214_1499253617207dfXyF_JPEG/22559581831113495_-1173137807.jpg,,,,Y,2017-07-05 20:20:56,2026-03-17 16:49:33,
,2047212814,,라벤더 프랑스자수도안 커트지 프린트 원단,스마트스토어,,,판매중지,전시중,324226,7600,7600,,,N,N,N,,,,,1.0%,0,0,0,0,0,,,,오늘출발,"평일 16시00분까지 결제 완료된 주문

",기본 배송비 묶음그룹,조건부 무료,선결제,2500,2500,5000,N,Y,-,11821040537,,,,,,,가구/인테리어,수예,원단,,자체제작,자체브랜드,,,,N,N,N,,,,http://shop1.phinf.naver.net/20170705_225/es84214_14992464547290SsBO_JPEG/22552755345383968_1623274171.jpg,,,,Y,2017-07-05 18:21:03,2026-02-10 15:40:49,
,2038390937,,스팃스 존제임스 크루엘 자수바늘 22호~26호jjcc002,스마트스토어,,,판매중,전시중,34239,4900,4900,,,N,N,N,,,,,1.0%,0,0,0,0,0,,,,오늘출발,"평일 16시00분까지 결제 완료된 주문

",기본 배송비 묶음그룹,조건부 무료,선결제,3000,3000,6000,N,Y,-,11781897383,,,,,,,가구/인테리어,수예,자수,실/바늘,,,,,,N,N,N,,,,https://shop-phinf.pstatic.net/20170628_251/es84214_1498644991470VzyfY_JPEG/21952185112497658_-510385944.jpg,,,,Y,2017-06-28 19:16:49,2026-06-17 19:15:32,
,2038387970,,스팃스 존제임스 크루엘 바늘 셔닐바늘 18호~22호 jjcc001,스마트스토어,,,판매중,전시중,342402,4900,4900,,,N,N,N,,,,,1.0%,0,0,0,0,0,,,,오늘출발,"평일 16시00분까지 결제 완료된 주문

",기본 배송비 묶음그룹,조건부 무료,선결제,3000,3000,6000,N,Y,-,11781894965,,,,,,,가구/인테리어,수예,자수,실/바늘,,,,,,N,N,N,,,,http://shop1.phinf.naver.net/20170628_190/es84214_1498644894641JVULr_JPEG/21952088284116067_-1630519027.jpg,,,,Y,2017-06-28 19:15:16,2026-06-17 19:16:16,
,2038385008,,스팃스 존제임스 자수바늘 7호~10호 jjcc005,스마트스토어,,,판매중,전시중,342408,4900,4900,,,N,N,N,,,,,1.0%,0,0,0,0,0,,,,오늘출발,"평일 16시00분까지 결제 완료된 주문

",기본 배송비 묶음그룹,조건부 무료,선결제,3000,3000,6000,N,Y,-,11781892093,,,,,,,가구/인테리어,수예,자수,실/바늘,,,,,,N,N,N,,,,http://shop1.phinf.naver.net/20170628_104/es84214_1498644776100aS4X1_JPEG/21951955741668357_931105264.jpg,,,,Y,2017-06-28 19:13:29,2026-06-17 19:16:58,
,2038382232,,스팃스 존제임스 자수바늘 3호~7호 jjcc004,스마트스토어,,,판매중,전시중,34231,4900,4900,,,N,N,N,,,,,1.0%,0,0,0,0,0,,,,오늘출발,"평일 16시00분까지 결제 완료된 주문

",기본 배송비 묶음그룹,조건부 무료,선결제,3000,3000,6000,N,Y,-,12062285614,,,,,,,가구/인테리어,수예,자수,실/바늘,,,,,,N,N,N,,,,http://shop1.phinf.naver.net/20170628_47/es84214_1498644668224JIynq_JPEG/21951847865213285_-1374787407.jpg,,,,Y,2017-06-28 19:11:47,2026-06-17 19:17:41,
,2038378549,,스팃스 존제임스 중급 바늘세트 jjcc022,스마트스토어,,,판매중,전시중,342423,4900,4900,,,N,N,N,,,,,1.0%,0,0,0,0,0,,,,오늘출발,"평일 16시00분까지 결제 완료된 주문

",기본 배송비 묶음그룹,조건부 무료,선결제,3000,3000,6000,N,Y,-,11781877236,,,,,,,가구/인테리어,수예,자수,실/바늘,,,,,,N,N,N,,,,http://shop1.phinf.naver.net/20170628_110/es84214_1498644511535vEsuj_JPEG/21950812160474107_-55022902.jpg,,,,Y,2017-06-28 19:09:43,2026-06-17 19:18:24,
,2029200538,,스팃스 보빈함포함 면사 자수실 105색 세트,스마트스토어,,,판매중,전시중,3242425,49500,49500,,,N,N,N,,,,,1.0%,0,0,0,0,0,,,,오늘출발,"평일 16시00분까지 결제 완료된 주문

",기본 배송비 묶음그룹,조건부 무료,선결제,3000,3000,6000,N,Y,-,11746837902,,,,,,,가구/인테리어,수예,자수,실/바늘,스팃스,스팃스,,,,N,N,N,,,,http://shop1.phinf.naver.net/20170621_105/es84214_1498010760875v5ray_JPEG/21317061498633507_-1729565370.jpg,,,,Y,2017-06-21 11:07:05,2026-06-17 19:19:09,
,2028303695,,스팃스 고급형 스텐레이스 곡선형 핀셋 12cm,스마트스토어,,,판매중,전시중,23377,1000,1000,,,N,N,N,,,,,1.0%,0,0,0,0,0,,,,오늘출발,"평일 16시00분까지 결제 완료된 주문

",기본 배송비 묶음그룹,조건부 무료,선결제,3000,3000,6000,N,Y,-,11742729988,,,,,,,가구/인테리어,수예,수예용품/부자재,,스팃스,스팃스,,,,N,N,N,,,,http://shop1.phinf.naver.net/20170620_51/es84214_14979647447276wl9i_JPEG/21271045354988752_1039629255.JPG,,,,Y,2017-06-20 22:19:23,2026-06-17 19:19:52,
,2028302916,,스팃스 고급형 스텐레이스 일자형 핀셋 12cm,스마트스토어,,,판매중,전시중,34218,1000,1000,,,N,N,N,,,,,1.0%,0,0,0,0,0,,,,오늘출발,"평일 16시00분까지 결제 완료된 주문

",기본 배송비 묶음그룹,조건부 무료,선결제,3000,3000,6000,N,Y,-,11742729260,,,,,,,가구/인테리어,수예,수예용품/부자재,,스팃스,스팃스,,,,N,N,N,,,,http://shop1.phinf.naver.net/20170620_96/es84214_1497964645256tzroo_JPEG/21270945883587096_-1903902710.JPG,,,,Y,2017-06-20 22:17:46,2026-06-17 19:20:37,
,2028295743,,크로바 1.6배 & 2배 확대경 세트,스마트스토어,,,판매중지,전시중,32420,136000,136000,,,N,N,N,,,,,1.0%,0,0,0,0,0,,,,오늘출발,"평일 16시00분까지 결제 완료된 주문

",기본 배송비 묶음그룹,조건부 무료,선결제,3000,3000,6000,N,Y,-,11742722197,,,,,,,가구/인테리어,수예,수예용품/부자재,,,,,,,N,N,N,,,,http://shop1.phinf.naver.net/20170620_123/es84214_149796380479216c4H_JPEG/21269769415411393_1919622839.jpg,,,,Y,2017-06-20 22:03:47,2024-03-28 14:31:48,
,2028294773,,크로바 1.6배 확대경,스마트스토어,,,판매중지,전시중,453453,127000,127000,,,N,N,N,,,,,1.0%,0,0,0,0,0,,,,오늘출발,"평일 16시00분까지 결제 완료된 주문

",기본 배송비 묶음그룹,조건부 무료,선결제,2500,2500,5000,N,Y,-,11742721207,,,,,,,가구/인테리어,수예,수예용품/부자재,,,,,,,N,N,N,,,,http://shop1.phinf.naver.net/20170620_71/es84214_14979636934607ACJN_JPEG/21270873100893336_-866171805.jpg,,,,Y,2017-06-20 22:01:54,2022-09-15 11:23:50,
,2028227916,,스팃스 E6000 투명 다용도 접착제 30ml 치약본드 강력본드 공예 수리용,스마트스토어,,,판매중,전시중,45093,4600,4600,,,N,N,N,,,,,1.0%,0,0,0,0,0,,,,오늘출발,"평일 16시00분까지 결제 완료된 주문

",기본 배송비 묶음그룹,조건부 무료,선결제,3000,3000,6000,N,Y,-,11742654710,,,,,,,가구/인테리어,수예,수예용품/부자재,,스팃스,스팃스,,,,N,N,Y,,,,http://shop1.phinf.naver.net/20260326_125/1774512703595J9DrN_PNG/27227641728846780_1634580004.png,,,,Y,2017-06-20 21:19:11,2026-06-17 19:21:23,
,2028224687,,E6000 투명 다용도 접착제 치약본드 9ml,스마트스토어,,,판매금지,전시중,342315,2200,2200,,,N,N,N,,,,,1.0%,0,0,0,0,0,,,,오늘출발,"평일 16시00분까지 결제 완료된 주문

",기본 배송비 묶음그룹,조건부 무료,선결제,3000,3000,6000,N,Y,-,13176393550,,,,,,,가구/인테리어,수예,수예용품/부자재,,,,,,,N,N,Y,,,,http://shop1.phinf.naver.net/20170620_194/es84214_1497961010420tmCAF_JPEG/21268190062459659_-2116550572.jpg,,,,Y,2017-06-20 21:17:13,2024-05-09 09:37:34,
,2028161989,,스팃스 휴대용 투명아크릴정리함 10칸,스마트스토어,,,판매중,전시중,34230,3500,3500,,,N,N,N,,,,,1.0%,0,0,0,0,0,,,,오늘출발,"평일 16시00분까지 결제 완료된 주문

",기본 배송비 묶음그룹,조건부 무료,선결제,3000,3000,6000,N,Y,-,13022120531,,,,,,,생활/건강,수납/정리용품,정리함,소품정리함,스팃스,스팃스,,,,N,N,N,,,,http://shop1.phinf.naver.net/20170620_120/es84214_14979588299873QbqR_JPEG/21266009620624874_-1053523937.JPG,,,,Y,2017-06-20 20:41:17,2026-06-17 19:22:09,
,2027340446,,허밍플라워 인테리어 원단 커트지 145x90,스마트스토어,,,판매중지,전시중,34242,18500,18500,,,N,N,N,,,,,1.0%,0,0,0,0,0,,,,오늘출발,"평일 16시00분까지 결제 완료된 주문

",기본 배송비 묶음그룹,조건부 무료,선결제,2500,2500,5000,N,Y,-,11740729328,,,,,,,가구/인테리어,수예,원단,,자체제작,자체브랜드,,,,N,N,N,,,,http://shop1.phinf.naver.net/20170620_255/es84214_1497930648500WWcrX_JPEG/21236949121826520_-293371048.jpg,,,,Y,2017-06-20 12:51:12,2026-02-10 15:40:49,
,2024326365,,스팃스 DMC 바늘  자수용 바늘세트 3~9호,스마트스토어,,,판매중,전시중,54345333,5500,5500,,,N,N,N,,,,,1.0%,0,0,0,0,0,,,,오늘출발,"평일 16시00분까지 결제 완료된 주문

",기본 배송비 묶음그룹,조건부 무료,선결제,3000,3000,6000,N,Y,-,11725925558,,,,,,,가구/인테리어,수예,자수,실/바늘,DMC,DMC,11194,,,N,N,N,,,,http://shop1.phinf.naver.net/20230908_71/1694149927776iHOAs_JPEG/9658818583347368_1673967815.jpg,,,,Y,2017-06-17 15:23:49,2026-06-17 19:22:58,
,2024293268,,스팃스 패브릭하우스 원단 커트지 110x60,스마트스토어,,,판매중,전시중,8693,8700,8700,,,N,N,N,,,,,1.0%,0,0,0,0,0,,,,오늘출발,"평일 16시00분까지 결제 완료된 주문

",기본 배송비 묶음그룹,조건부 무료,선결제,3000,3000,6000,N,Y,-,11725803011,,,,,,,가구/인테리어,수예,원단,,스팃스,스팃스,,,,N,N,N,,,,http://shop1.phinf.naver.net/20170617_79/es84214_1497676560977e7Srt_JPEG/20982861602619960_1302598369.jpg,,,,Y,2017-06-17 14:17:13,2026-02-20 12:56:04,
,2014957538,,스팃스 DMC 자수실 면사 new 베리에이션 23색상 택1,스마트스토어,,,판매중,전시중,9943700,1900,1900,,,Y,Y,N,,,,,1.0%,0,0,0,0,0,,,,오늘출발,"평일 16시00분까지 결제 완료된 주문

",기본 배송비 묶음그룹,조건부 무료,선결제,3000,3000,6000,N,Y,-,11680048797,,,,,,,가구/인테리어,수예,자수,실/바늘,DMC,DMC,11194,,,N,N,N,,,,http://shop1.phinf.naver.net/20170609_39/es84214_1497007221326NeCt5_JPEG/20314380947276485_-610917351.JPG,,,,Y,2017-06-09 20:23:17,2026-02-13 19:10:41,
,2010259731,,스팃스 24 140 크로바 챠코페이퍼 단면 회색,스마트스토어,,,판매중,전시중,432420,7500,7500,,,N,N,N,,,,,1.0%,0,0,0,0,0,,,,오늘출발,"평일 16시00분까지 결제 완료된 주문

",기본 배송비 묶음그룹,조건부 무료,선결제,3000,3000,6000,N,Y,-,11647970568,,,,,,,가구/인테리어,수예,수예용품/부자재,,크로바,크로바,,,,N,N,N,,,,https://shop-phinf.pstatic.net/20170603_43/es84214_1496468840724pUITH_JPEG/19776020367259003_-1103646477.jpg,,,,Y,2017-06-03 14:47:39,2026-06-17 19:25:15,
,2010259149,,스팃스 21 131 크로바 N자 송곳 화이트 둥근형,스마트스토어,,,판매중,전시중,342420,11500,11500,,,N,N,N,,,,,1.0%,0,0,0,0,0,,,,오늘출발,"평일 16시00분까지 결제 완료된 주문

",기본 배송비 묶음그룹,조건부 무료,선결제,3000,3000,6000,N,Y,-,11647970002,,,,,,,가구/인테리어,수예,수예용품/부자재,,크로바,크로바,270,,,N,N,N,,,,https://shop-phinf.pstatic.net/20170603_263/es84214_1496468764963d8Xxt_GIF/19775944601686831_-1900178518.gif,,,,Y,2017-06-03 14:46:24,2026-06-17 19:26:02,
,2010258187,,스팃스 21 231 크로바 N자 송곳 레드 소잉용,스마트스토어,,,판매중,전시중,342341,11500,11500,,,N,N,N,,,,,1.0%,0,0,0,0,0,,,,오늘출발,"평일 16시00분까지 결제 완료된 주문

",기본 배송비 묶음그룹,조건부 무료,선결제,3000,3000,6000,N,Y,-,11647966995,,,,,,,가구/인테리어,수예,수예용품/부자재,,크로바,크로바,,,,N,N,N,,,,https://shop-phinf.pstatic.net/20170603_231/es84214_1496468601855B734X_JPEG/19775781498302926_-762768946.jpg,,,,Y,2017-06-03 14:44:29,2026-06-17 19:26:52,
,2008420059,,라벤더 자수도안 프린트 커트지 원단,스마트스토어,,,판매중지,전시중,324222,7600,7600,,,N,N,N,,,,,1.0%,0,0,0,0,0,,,,오늘출발,"평일 16시00분까지 결제 완료된 주문

",기본 배송비 묶음그룹,조건부 무료,선결제,2500,2500,5000,N,Y,-,11634347562,,,,,,,가구/인테리어,수예,원단,,자체제작,자체브랜드,,,,N,N,N,,,,http://shop1.phinf.naver.net/20170601_283/es84214_1496287724889GOxEB_JPEG/19593689513847275_-391468236.jpg,,,,Y,2017-06-01 12:29:57,2026-02-10 15:40:49,
,2005393315,,스팃스 DMC 자수실 25번 면사 new 베리에이션 23색 세트,스마트스토어,,,판매중,전시중,34225,43700,43700,,,N,N,N,,,,,1.0%,0,0,0,0,0,,,,오늘출발,"평일 16시00분까지 결제 완료된 주문

",기본 배송비 묶음그룹,조건부 무료,선결제,3000,3000,6000,N,Y,-,11614170409,,,,,,,가구/인테리어,수예,자수,실/바늘,DMC,DMC,11194,,,N,N,N,,,,https://shop-phinf.pstatic.net/20170528_224/es84214_1495954767711l3ciJ_JPEG/19261927330733558_2081807411.jpg,,,,Y,2017-05-28 15:59:59,2026-06-17 19:27:42,
,2005388755,,스팃스 DMC 자수실 25번 면사 베리에이션 30색 세트,스마트스토어,,,판매중,전시중,643521,56500,56500,,,N,N,N,,,,,1.0%,0,0,0,0,0,,,,오늘출발,"평일 16시00분까지 결제 완료된 주문

",기본 배송비 묶음그룹,조건부 무료,선결제,3000,3000,6000,N,Y,-,11614141184,,,,,,,가구/인테리어,수예,자수,실/바늘,DMC,DMC,11194,,,N,N,N,,,,https://shop-phinf.pstatic.net/20170528_138/es84214_1495952539881Hq1Pj_JPEG/19258840506097472_490891664.jpg,,,,Y,2017-05-28 15:23:08,2026-06-17 19:28:34,
,2005381650,,스팃스 DMC 자수실 25번 면사 베리에이션 60색 세트,스마트스토어,,,판매중,전시중,5435349,113000,113000,,,N,N,N,,,,,1.0%,0,0,0,0,0,,,,오늘출발,"평일 16시00분까지 결제 완료된 주문

",기본 배송비 묶음그룹,조건부 무료,선결제,3000,3000,6000,N,Y,-,11614092345,,,,,,,가구/인테리어,수예,자수,실/바늘,DMC,DMC,11194,,,N,N,N,,,,https://shop-phinf.pstatic.net/20170528_98/es84214_14959506785188LWY3_JPEG/19257838137548217_1212268998.jpg,,,,Y,2017-05-28 14:51:45,2026-06-17 19:29:27,
,2005369211,,스팃스 DMC 자수실 25번 면사 베리에이션 60색 택1,스마트스토어,,,판매중,전시중,233793,1900,1900,,,Y,N,N,,,,,1.0%,0,0,0,0,0,,,,오늘출발,"평일 16시00분까지 결제 완료된 주문

",기본 배송비 묶음그룹,조건부 무료,선결제,3000,3000,6000,N,Y,-,11614028887,,,,,,,가구/인테리어,수예,자수,실/바늘,DMC,DMC,11194,,,N,N,N,,,,https://shop-phinf.pstatic.net/20170528_126/es84214_14959474773862vYDM_JPEG/19253777923733430_-1109807922.jpg,,,,Y,2017-05-28 14:00:43,2026-06-17 19:30:27,
,2003386630,,스팃스 38 122 크로바 바느질 소잉 도구 세트,스마트스토어,,,판매중,전시중,542339,7200,7200,,,N,N,N,,,,,1.0%,0,0,0,0,0,,,,오늘출발,"평일 16시00분까지 결제 완료된 주문

",기본 배송비 묶음그룹,조건부 무료,선결제,3000,3000,6000,N,Y,-,11603536822,,,,,,,가구/인테리어,수예,수예용품/부자재,,크로바,크로바,,,,N,N,N,,,,https://shop-phinf.pstatic.net/20170526_12/es84214_14957646782382ghNI_JPEG/19070978777429914_1792432718.jpg,,,,Y,2017-05-26 11:16:05,2026-06-17 19:31:20,
,2003383724,,스팃스 21 082 크로바 도안 먹지펜 트윈철필,스마트스토어,,,판매중,전시중,432250,7800,7800,,,N,N,N,,,,,1.0%,0,0,0,0,0,,,,오늘출발,"평일 16시00분까지 결제 완료된 주문

",기본 배송비 묶음그룹,조건부 무료,선결제,3000,3000,6000,N,Y,-,11603534108,,,,,,,가구/인테리어,수예,수예용품/부자재,,크로바,크로바,,,,N,N,N,,,,https://shop-phinf.pstatic.net/20170526_199/es84214_14957642481389VFnT_JPEG/19071407759646634_-1974600103.jpg,,,,Y,2017-05-26 11:07:20,2026-06-17 19:32:12,
,2003380049,,스팃스 57 198 크로바 태팅셔틀 인디고블루,스마트스토어,,,판매중,전시중,34242,5300,5300,,,N,N,N,,,,,1.0%,0,0,0,0,0,,,,오늘출발,"평일 16시00분까지 결제 완료된 주문

",기본 배송비 묶음그룹,조건부 무료,선결제,3000,3000,6000,N,Y,-,11603521605,,,,,,,가구/인테리어,수예,수예용품/부자재,,,,,,,N,N,N,,,,http://shop1.phinf.naver.net/20170526_239/es84214_1495763898405MgeXm_JPEG/19069863031280366_410832886.jpg,,,,Y,2017-05-26 10:58:45,2026-06-17 19:33:05,
,2003377173,,크로바 3색 초크,스마트스토어,,,판매중지,전시중,3424321,3700,3700,,,N,N,N,,,,,1.0%,0,0,0,0,0,,,,오늘출발,"평일 16시00분까지 결제 완료된 주문

",기본 배송비 묶음그룹,조건부 무료,선결제,2500,2500,5000,N,Y,-,11603485895,,,,,,,가구/인테리어,수예,수예용품/부자재,,,,,,,N,N,N,,,,http://shop1.phinf.naver.net/20170526_200/es84214_14957635620465TB2c_JPEG/19070755688193714_-1573987064.jpg,,,,Y,2017-05-26 10:52:48,2021-04-22 13:56:41,
,2003373586,,스팃스 10 517 크로바 자동실꿰기 노랑,스마트스토어,,,판매중,전시중,42334228,14500,14500,,,N,N,N,,,,,1.0%,0,0,0,0,0,,,,오늘출발,"평일 16시00분까지 결제 완료된 주문

",기본 배송비 묶음그룹,조건부 무료,선결제,3000,3000,6000,N,Y,-,11603466001,,,,,,,가구/인테리어,수예,수예용품/부자재,,크로바,크로바,,,,N,N,N,,,,https://shop-phinf.pstatic.net/20170526_49/es84214_14957630470257PLnv_JPEG/19070226579279084_1813750802.jpg,,,,Y,2017-05-26 10:44:13,2026-06-17 19:34:01,
,760795430,,수입) 메리 알파벳 프린트 원단 110x38,스마트스토어,,,판매중지,전시중,234237,13000,13000,,,N,N,N,,,,,1.0%,0,0,0,0,0,,,,오늘출발,"평일 16시00분까지 결제 완료된 주문

",기본 배송비 묶음그룹,조건부 무료,선결제,2500,2500,5000,N,Y,-,11540365861,,,,,,,가구/인테리어,수예,원단,,자체제작,자체브랜드,,,,N,N,N,,,,http://shop1.phinf.naver.net/20170518_17/es84214_1495103672733Y3dD6_JPEG/19368461286623266_1213949308.JPG,,,,Y,2017-05-18 19:35:27,2026-02-10 15:40:49,
,760784253,,스팃스 DMC 자수실 25번 면사 십자수실 50색 세트,스마트스토어,,,판매중,전시중,23039,55000,55000,,,N,N,N,,,,,1.0%,0,0,0,0,0,,,,오늘출발,"평일 16시00분까지 결제 완료된 주문

",기본 배송비 묶음그룹,조건부 무료,선결제,3000,3000,6000,N,Y,-,11540333891,,,,,,,가구/인테리어,수예,자수,실/바늘,DMC,DMC,11194,,,N,N,N,,,,http://shop1.phinf.naver.net/20170518_199/es84214_14951031744710i0JS_JPEG/19449476221752694_-453367421.jpg,,,,Y,2017-05-18 19:27:38,2026-06-17 19:34:55,
,760765234,,스팃스 DMC 자수실 25번 면사 십자수실 100색 세트,스마트스토어,,,판매중,전시중,324060,110000,110000,,,N,N,N,,,,,1.0%,0,0,0,0,0,,,,오늘출발,"평일 16시00분까지 결제 완료된 주문

",기본 배송비 묶음그룹,조건부 무료,선결제,3000,3000,6000,N,Y,-,11540242508,,,,,,,가구/인테리어,수예,자수,실/바늘,DMC,DMC,11194,,,N,N,N,,,,https://shop-phinf.pstatic.net/20170518_188/es84214_1495102391768PbVL1_JPEG/100SET.jpg,,,,Y,2017-05-18 19:14:43,2026-06-17 19:35:51,
,759196353,,사각패치 북유럽스타일 원단 110x90,스마트스토어,,,판매중지,전시중,324243,8400,8400,,,N,N,N,,,,,1.0%,0,0,0,0,0,,,,오늘출발,"평일 16시00분까지 결제 완료된 주문

",기본 배송비 묶음그룹,조건부 무료,선결제,2500,2500,5000,N,Y,-,11531224805,,,,,,,가구/인테리어,수예,원단,,자체제작,자체브랜드,,,,N,N,N,,,,http://shop1.phinf.naver.net/20170517_3/es84214_14949908792532jePk_JPEG/19255667800116371_367952790.jpg,,,,Y,2017-05-17 12:15:28,2026-02-10 15:40:49,
,759183417,,스팃스 리빙 북유럽스타일 커트지 원단 면100% 110x90 인테리어원단,스마트스토어,,,판매중,전시중,23419,8400,8400,,,N,N,N,,,,,1.0%,0,0,0,0,0,,,,오늘출발,"평일 16시00분까지 결제 완료된 주문

",기본 배송비 묶음그룹,조건부 무료,선결제,3000,3000,6000,N,Y,-,11531189108,,,,,,,가구/인테리어,수예,원단,,스팃스,스팃스,,,,N,N,N,,,,http://shop1.phinf.naver.net/20170517_140/es84214_1494989731261xqRmW_JPEG/11111.jpg,,,,Y,2017-05-17 11:56:03,2026-06-17 19:36:45,
,753812094,,챠코 페이퍼 특대형 100X44cm (파랑),스마트스토어,,,판매중지,전시중,32344,17000,17000,,,N,N,N,,,,,1.0%,0,0,0,0,0,,,,오늘출발,"평일 16시00분까지 결제 완료된 주문

",기본 배송비 묶음그룹,조건부 무료,선결제,2500,2500,5000,N,Y,-,11503299742,,,,,,,가구/인테리어,수예,수예용품/부자재,,자체제작,자체브랜드,,,,N,N,N,,,,http://shop1.phinf.naver.net/20170512_163/es84214_1494557074251Ycg0N_JPEG/1.jpg,,,,Y,2017-05-12 11:45:36,2026-02-10 15:40:49,
,753805234,,챠코 페이퍼 특대형 100X44cm (흰색),스마트스토어,,,판매중지,전시중,43535,17000,17000,,,N,N,N,,,,,1.0%,0,0,0,0,0,,,,오늘출발,"평일 16시00분까지 결제 완료된 주문

",기본 배송비 묶음그룹,조건부 무료,선결제,2500,2500,5000,N,Y,-,11503274777,,,,,,,가구/인테리어,수예,수예용품/부자재,,자체제작,자체브랜드,,,,N,N,N,,,,http://shop1.phinf.naver.net/20170512_252/es84214_1494556418226mHz22_JPEG/2.jpg,,,,Y,2017-05-12 11:34:48,2026-02-10 15:40:49,
,752392399,,블루밍 3종 원단패키지 면100% 세트원단,스마트스토어,,,판매중지,전시중,423337,3500,3500,,,N,N,N,,,,,1.0%,0,0,0,0,0,,,,오늘출발,"평일 16시00분까지 결제 완료된 주문

",기본 배송비 묶음그룹,조건부 무료,선결제,2500,2500,5000,N,Y,-,11491646990,,,,,,,가구/인테리어,수예,원단,,자체제작,자체브랜드,,,,N,N,N,,,,http://shop1.phinf.naver.net/20171027_118/es84214_1509094720034JW5dg_JPEG/32401879652623649_-982921637.JPG,,,,Y,2017-05-10 18:01:16,2026-02-10 15:40:49,
,751121592,,크로바 원단보수용 접착풀 40g,스마트스토어,,,판매중지,전시중,2342427,9800,9800,,,N,N,N,,,,,1.0%,0,0,0,0,0,,,,오늘출발,"평일 16시00분까지 결제 완료된 주문

",기본 배송비 묶음그룹,조건부 무료,선결제,2500,2500,5000,N,Y,-,11486853723,,,,,,,가구/인테리어,수예,수예용품/부자재,,,,,,,N,N,N,,,,http://shop1.phinf.naver.net/20220104_16/1641279762669UY4j4_JPEG/42415658396699267_1889876058.jpg,,,,Y,2017-05-09 18:20:25,2022-01-04 16:03:11,
,751029235,,스팃스 25 052 크로바 방안 시접자 50cm,스마트스토어,,,판매중,전시중,563454,14300,14300,,,N,N,N,,,,,1.0%,0,0,0,0,0,,,,오늘출발,"평일 16시00분까지 결제 완료된 주문

",기본 배송비 묶음그룹,조건부 무료,선결제,3000,3000,6000,N,Y,-,11486628377,,,,,,,가구/인테리어,수예,수예용품/부자재,,,,,,,N,N,N,,,,http://shop1.phinf.naver.net/20170509_240/es84214_1494317384812CTHdw_JPEG/18662277328028416_1534935966.jpg,,,,Y,2017-05-09 17:11:16,2026-06-17 19:37:42,
,750999937,,스팃스 25 054 크로바 방안 시접자 20cm,스마트스토어,,,판매중지,전시중,23423,10400,10400,,,N,N,N,,,,,1.0%,0,0,0,0,0,,,,오늘출발,"평일 16시00분까지 결제 완료된 주문

",기본 배송비 묶음그룹,조건부 무료,선결제,3000,3000,6000,N,Y,-,11486565704,,,,,,,가구/인테리어,수예,수예용품/부자재,,,,,,,N,N,N,,,,http://shop1.phinf.naver.net/20170509_294/es84214_1494315890559ji6pX_JPEG/18580714915596206_2058571605.jpg,,,,Y,2017-05-09 16:53:56,2026-03-26 13:07:55,
,746962253,,스팃스 존제임스 고급자용종합바늘 jjcc023,스마트스토어,,,판매중,전시중,23424,4900,4900,,,N,N,N,,,,,1.0%,0,0,0,0,0,,,,오늘출발,"평일 16시00분까지 결제 완료된 주문

",기본 배송비 묶음그룹,조건부 무료,선결제,3000,3000,6000,N,Y,-,11461375729,,,,,,,가구/인테리어,수예,자수,실/바늘,,,,,,N,N,N,,,,http://shop1.phinf.naver.net/20170504_268/es84214_1493869598217pTRee_JPEG/18134386769669646_-254527089.jpg,,,,Y,2017-05-04 12:47:18,2026-06-17 19:38:36,
,746957812,,스팃스 존제임스 십자수 프랑스 자수바늘 JJCC013,스마트스토어,,,판매중,전시중,324241,4900,4900,,,N,N,N,,,,,1.0%,0,0,0,0,0,,,,오늘출발,"평일 16시00분까지 결제 완료된 주문

",기본 배송비 묶음그룹,조건부 무료,선결제,3000,3000,6000,N,Y,-,11461370105,,,,,,,가구/인테리어,수예,자수,실/바늘,,,,,,N,N,N,,,,http://shop1.phinf.naver.net/20170504_236/es84214_149386906485714Kt4_JPEG/18213302654437212_125097253.jpg,,,,Y,2017-05-04 12:38:43,2026-06-17 19:39:34,
,746954235,,스팃스 존제임스 십자수 프랑스 자수바늘 JJCC014,스마트스토어,,,판매중,전시중,23415,4900,4900,,,N,N,N,,,,,1.0%,0,0,0,0,0,,,,오늘출발,"평일 16시00분까지 결제 완료된 주문

",기본 배송비 묶음그룹,조건부 무료,선결제,3000,3000,6000,N,Y,-,11461366193,,,,,,,가구/인테리어,수예,수예용품/부자재,,,,,,,N,N,N,,,,http://shop1.phinf.naver.net/20170504_107/es84214_1493868675757LwjqY_JPEG/18212913556413932_754291715.jpg,,,,Y,2017-05-04 12:32:12,2026-06-17 19:40:30,
,745723347,,스팃스 61 421 clover 크로바 알파벳 자수키트 대문자,스마트스토어,,,판매중,전시중,23424,20800,20800,,,N,N,N,,,,,1.0%,0,0,0,0,0,,,,오늘출발,"평일 16시00분까지 결제 완료된 주문

",기본 배송비 묶음그룹,조건부 무료,선결제,3000,3000,6000,N,Y,-,11455148259,,,,,,,가구/인테리어,수예,수예용품/부자재,,크로바,크로바,,,,N,N,N,,,,https://shop-phinf.pstatic.net/20170502_188/es84214_14937194433589rSIl_JPEG/17984267709715504_-694822208.jpg,,,,Y,2017-05-02 19:05:53,2026-06-17 19:41:27,
,745720508,,clover 크로바 알파벳 자수키트 (필기체),스마트스토어,,,판매중지,전시중,32341,20800,20800,,,N,N,N,,,,,1.0%,0,0,0,0,0,,,,오늘출발,"평일 16시00분까지 결제 완료된 주문

",기본 배송비 묶음그룹,조건부 무료,선결제,3000,3000,6000,N,Y,-,11455141814,,,,,,,가구/인테리어,수예,수예용품/부자재,,,,,,,N,N,N,,,,http://shop1.phinf.naver.net/20170502_40/es84214_1493719280664T5nSV_JPEG/18064173171776304_-1687748651.jpg,,,,Y,2017-05-02 19:02:40,2025-11-07 12:37:55,
,745442073,,스팃스 57 484 크로바 원단용 연필 노랑,스마트스토어,,,판매중,전시중,432339,3600,3600,,,N,N,N,,,,,1.0%,0,0,0,0,0,,,,오늘출발,"평일 16시00분까지 결제 완료된 주문

",기본 배송비 묶음그룹,조건부 무료,선결제,3000,3000,6000,N,Y,-,11454219317,,,,,,,가구/인테리어,수예,수예용품/부자재,,,,,,,N,N,N,,,,http://shop1.phinf.naver.net/20170502_256/es84214_14937038193228YHBK_JPEG/18046794814173880_399945117.jpg,,,,Y,2017-05-02 14:44:13,2026-06-17 19:42:23,
,745431516,,스팃스 57 483  크로바 원단용 연필 은색,스마트스토어,,,판매중,전시중,3423412,3600,3600,,,N,N,N,,,,,1.0%,0,0,0,0,0,,,,오늘출발,"평일 16시00분까지 결제 완료된 주문

",기본 배송비 묶음그룹,조건부 무료,선결제,3000,3000,6000,N,Y,-,11454195263,,,,,,,가구/인테리어,수예,수예용품/부자재,,,,,,,N,N,N,,,,http://shop1.phinf.naver.net/20170502_171/es84214_1493702955085nI2ji_JPEG/18046636740557915_447373177.jpg,,,,Y,2017-05-02 14:30:53,2026-02-13 19:10:41,
,741672079,,스팃스 15칸 휴대용 알약케이스 소품 악세사리 정리 보관함,스마트스토어,,,판매중,전시중,23400,1500,1500,,,N,N,N,,,,,1.0%,0,0,0,0,0,,,,오늘출발,"평일 16시00분까지 결제 완료된 주문

",기본 배송비 묶음그룹,조건부 무료,선결제,3000,3000,6000,N,Y,-,11439451269,,,,,,,생활/건강,수납/정리용품,정리함,소품정리함,스팃스,스팃스,,,,N,N,N,,,,http://shop1.phinf.naver.net/20170428_190/es84214_1493349930643LyXWm_JPEG/17693612300512677_2068672994.JPG,,,,Y,2017-04-28 12:26:39,2026-06-17 19:44:17,
,738310880,,sew love give 프린트커트지 110cm x 60cm - 오렌지,스마트스토어,,,판매중지,전시중,54345,6700,6700,,,N,N,N,,,,,1.0%,0,0,0,0,0,,,,오늘출발,"평일 16시00분까지 결제 완료된 주문

",기본 배송비 묶음그룹,조건부 무료,선결제,2500,2500,5000,N,Y,-,11427586272,,,,,,,가구/인테리어,수예,원단,,자체제작,자체브랜드,,,,N,N,N,,,,http://shop1.phinf.naver.net/20170426_185/es84214_14931794938951ACfF_JPEG/17444273224024820_1713477205.jpg,,,,Y,2017-04-26 13:05:28,2026-02-10 15:40:49,
,738310139,,sew love give 프린트커트지 110cm x 60cm - 블루,스마트스토어,,,판매중지,전시중,23424,6700,6700,,,N,N,N,,,,,1.0%,0,0,0,0,0,,,,오늘출발,"평일 16시00분까지 결제 완료된 주문

",기본 배송비 묶음그룹,조건부 무료,선결제,2500,2500,5000,N,Y,-,11427585298,,,,,,,가구/인테리어,수예,원단,,자체제작,자체브랜드,,,,N,N,N,,,,http://shop1.phinf.naver.net/20170426_74/es84214_1493179370345F9VmN_JPEG/17444149675322292_-1863911195.jpg,,,,Y,2017-04-26 13:03:52,2026-02-10 15:40:49,
,738303314,,sew love give 프린트커트지 110cm x 60cm - 레드,스마트스토어,,,판매중지,전시중,546545,6700,6700,,,N,N,N,,,,,1.0%,0,0,0,0,0,,,,오늘출발,"평일 16시00분까지 결제 완료된 주문

",기본 배송비 묶음그룹,조건부 무료,선결제,2500,2500,5000,N,Y,-,11427547683,,,,,,,가구/인테리어,수예,원단,,자체제작,자체브랜드,,,,N,N,N,,,,http://shop1.phinf.naver.net/20170426_177/es84214_1493178681469tmi1X_JPEG/17523573975160918_913040286.jpg,,,,Y,2017-04-26 12:52:10,2026-02-10 15:40:49,
,737522148,,플라워가든 프랑스자수원단 도안프린트 커트지 (110cmx90cm),스마트스토어,,,판매중지,전시중,23419,12000,12000,,,N,N,N,,,,,1.0%,0,0,0,0,0,,,,오늘출발,"평일 16시00분까지 결제 완료된 주문

",기본 배송비 묶음그룹,조건부 무료,선결제,2500,2500,5000,N,Y,-,11421919395,,,,,,,가구/인테리어,수예,원단,,자체제작,자체브랜드,,,,N,N,N,,,,http://shop1.phinf.naver.net/20170425_126/es84214_1493113098718TG8S9_JPEG/1.jpg,,,,Y,2017-04-25 18:39:16,2026-02-10 15:40:49,
,736174550,,스팃스 57 568 크로바 자수용 실 끼우개 실꿰기,스마트스토어,,,판매중,전시중,234185,9700,9700,,,N,N,N,,,,,1.0%,0,0,0,0,0,,,,오늘출발,"평일 16시00분까지 결제 완료된 주문

",기본 배송비 묶음그룹,조건부 무료,선결제,3000,3000,6000,N,Y,-,11416557145,,,,,,,가구/인테리어,수예,수예용품/부자재,,크로바,크로바,,,,N,N,N,,,,https://shop-phinf.pstatic.net/20170424_221/es84214_1493029591968wzNJX_JPEG/17294361376554015_-497760111.jpg,,,,Y,2017-04-24 19:27:30,2026-06-17 19:45:18,
,736170039,,스팃스 24 141 크로바 챠코페이퍼 단면 화이트,스마트스토어,,,판매중,전시중,23419,6500,6500,,,N,N,N,,,,,1.0%,0,0,0,0,0,,,,오늘출발,"평일 16시00분까지 결제 완료된 주문

",기본 배송비 묶음그룹,조건부 무료,선결제,3000,3000,6000,N,Y,-,11416552680,,,,,,,가구/인테리어,수예,수예용품/부자재,,,,,,,N,N,N,,,,http://shop1.phinf.naver.net/20170424_56/es84214_1493029448245rkG4f_JPEG/17294217659738331_-781270809.jpg,,,,Y,2017-04-24 19:24:52,2026-06-17 19:46:13,
,736167139,,스팃스 24 142 크로바 챠코페이퍼 단면 파랑,스마트스토어,,,판매중,전시중,2342400,6500,6500,,,N,N,N,,,,,1.0%,0,0,0,0,0,,,,오늘출발,"평일 16시00분까지 결제 완료된 주문

",기본 배송비 묶음그룹,조건부 무료,선결제,3000,3000,6000,N,Y,-,11416515671,,,,,,,가구/인테리어,수예,수예용품/부자재,,크로바,크로바,,,,N,N,N,,,,https://shop-phinf.pstatic.net/20170424_1/es84214_1493029332897jWSxU_JPEG/17294102309688329_-1851993621.jpg,,,,Y,2017-04-24 19:23:14,2026-06-17 19:47:10,
,736161491,,스팃스 24 143 크로바 챠코페이퍼 단면 노랑,스마트스토어,,,판매중,전시중,2342429,6500,6500,,,N,N,N,,,,,1.0%,0,0,0,0,0,,,,오늘출발,"평일 16시00분까지 결제 완료된 주문

",기본 배송비 묶음그룹,조건부 무료,선결제,3000,3000,6000,N,Y,-,11416509739,,,,,,,가구/인테리어,수예,수예용품/부자재,,,,,,,N,N,N,,,,http://shop1.phinf.naver.net/20170424_83/es84214_1493029147063htCNV_JPEG/17293935615705134_788680261.jpg,,,,Y,2017-04-24 19:20:10,2026-06-17 19:48:07,
,736158164,,스팃스 24 144 크로바 챠코페이퍼 단면  빨강,스마트스토어,,,판매중,전시중,232442,6500,6500,,,N,N,N,,,,,1.0%,0,0,0,0,0,,,,오늘출발,"평일 16시00분까지 결제 완료된 주문

",기본 배송비 묶음그룹,조건부 무료,선결제,3000,3000,6000,N,Y,-,11416506558,,,,,,,가구/인테리어,수예,수예용품/부자재,,크로바,크로바,,,,N,N,N,,,,https://shop-phinf.pstatic.net/20170424_103/es84214_1493028864745Dta9q_JPEG/17293653296542148_1326080378.jpg,,,,Y,2017-04-24 19:18:08,2026-06-17 19:49:07,
,736140534,,스팃스 24 063 크로바 수용성 초크펜  핑크,스마트스토어,,,판매중,전시중,234196,3600,3600,,,N,N,N,,,,,1.0%,0,0,0,0,0,,,,오늘출발,"평일 16시00분까지 결제 완료된 주문

",기본 배송비 묶음그룹,조건부 무료,선결제,3000,3000,6000,N,Y,-,11416489986,,,,,,,가구/인테리어,수예,수예용품/부자재,,,,,,,N,N,N,,,,http://shop1.phinf.naver.net/20170424_16/es84214_1493028419992CjD6C_JPEG/6.jpg,,,,Y,2017-04-24 19:07:45,2026-06-17 19:50:03,
,736136912,,스팃스 24 062 크로바 수용성 초크펜 블루,스마트스토어,,,판매중,전시중,23409,3600,3600,,,N,N,N,,,,,1.0%,0,0,0,0,0,,,,오늘출발,"평일 16시00분까지 결제 완료된 주문

",기본 배송비 묶음그룹,조건부 무료,선결제,3000,3000,6000,N,Y,-,11416475941,,,,,,,가구/인테리어,수예,수예용품/부자재,,,,,,,N,N,N,,,,http://shop1.phinf.naver.net/20170424_57/es84214_1493028298474SI4Q1_JPEG/7.jpg,,,,Y,2017-04-24 19:05:50,2026-06-17 19:51:01,
,736128815,,스팃스 24 061 크로바 수용성 초크펜  흰색,스마트스토어,,,판매중,전시중,342424,3600,3600,,,N,N,N,,,,,1.0%,0,0,0,0,0,,,,오늘출발,"평일 16시00분까지 결제 완료된 주문

",기본 배송비 묶음그룹,조건부 무료,선결제,3000,3000,6000,N,Y,-,11416463449,,,,,,,가구/인테리어,수예,수예용품/부자재,,,,,,,N,N,N,,,,http://shop1.phinf.naver.net/20170424_118/es84214_14930279982504i7jn_JPEG/5.jpg,,,,Y,2017-04-24 19:01:32,2026-06-17 19:52:19,
,730068188,,수입 코스모) 로맨틱 와이드플라워 블루,스마트스토어,,,판매중지,전시중,34323,10800,10800,,,N,N,N,,,,,1.0%,0,0,0,0,0,,,,오늘출발,"평일 16시00분까지 결제 완료된 주문

",기본 배송비 묶음그룹,조건부 무료,선결제,2500,2500,5000,N,Y,-,11391533966,,,,,,,가구/인테리어,수예,원단,,,,,,,N,N,N,,,,http://shop1.phinf.naver.net/20170420_281/es84214_1492659095314YCahK_JPEG/4.jpg,,,,Y,2017-04-20 12:32:18,2019-02-28 19:40:21,
,730067682,,수입 코스모) 로맨틱 와이드플라워 그린,스마트스토어,,,판매중지,전시중,23424,10800,10800,,,N,N,N,,,,,1.0%,0,0,0,0,0,,,,오늘출발,"평일 16시00분까지 결제 완료된 주문

",기본 배송비 묶음그룹,조건부 무료,선결제,2500,2500,5000,N,Y,-,11391533456,,,,,,,가구/인테리어,수예,원단,,,,,,,N,N,N,,,,http://shop1.phinf.naver.net/20170420_56/es84214_14926589760468P1yk_JPEG/3.jpg,,,,Y,2017-04-20 12:30:31,2019-02-28 19:40:21,
,730065717,,수입 코스모) 로맨틱 와이드플라워 레드,스마트스토어,,,판매중지,전시중,23424,10800,10800,,,N,N,N,,,,,1.0%,0,0,0,0,0,,,,오늘출발,"평일 16시00분까지 결제 완료된 주문

",기본 배송비 묶음그룹,조건부 무료,선결제,2500,2500,5000,N,Y,-,11391530823,,,,,,,가구/인테리어,수예,원단,,,,,,,N,N,N,,,,http://shop1.phinf.naver.net/20170420_262/es84214_1492658863373WEG1Y_JPEG/1.jpg,,,,Y,2017-04-20 12:28:28,2019-02-28 19:40:21,
,730064794,,수입 코스모) 로맨틱 와이드플라워 퍼플,스마트스토어,,,판매중지,전시중,324324,10800,10800,,,N,N,N,,,,,1.0%,0,0,0,0,0,,,,오늘출발,"평일 16시00분까지 결제 완료된 주문

",기본 배송비 묶음그룹,조건부 무료,선결제,2500,2500,5000,N,Y,-,11391507511,,,,,,,가구/인테리어,수예,원단,,,,,,,N,N,N,,,,http://shop1.phinf.naver.net/20170420_126/es84214_1492658734826jLVQa_JPEG/2.jpg,,,,Y,2017-04-20 12:26:39,2019-02-28 19:40:21,
,729148328,,스팃스 57 413 크로바 니들패치 기본도구,스마트스토어,,,판매중,전시중,23421,14300,14300,,,N,N,N,,,,,1.0%,0,0,0,0,0,,,,오늘출발,"평일 16시00분까지 결제 완료된 주문

",기본 배송비 묶음그룹,조건부 무료,선결제,3000,3000,6000,N,Y,-,11386649133,,,,,,,가구/인테리어,수예,수예용품/부자재,,,,,,,N,N,N,,,,http://shop1.phinf.naver.net/20170419_278/es84214_1492594021135clLeG_JPEG/16938258925980676_-1391908201.jpg,,,,Y,2017-04-19 18:27:52,2026-06-17 19:53:23,
,729144415,,스팃스 57 406 크로바 니들패치 자수용수틀 12Cm,스마트스토어,,,판매중,전시중,233422,14300,14300,,,N,N,N,,,,,1.0%,0,0,0,0,0,,,,오늘출발,"평일 16시00분까지 결제 완료된 주문

",기본 배송비 묶음그룹,조건부 무료,선결제,3000,3000,6000,N,Y,-,11386632019,,,,,,,가구/인테리어,수예,수예용품/부자재,,,,,,,N,N,N,,,,http://shop1.phinf.naver.net/20180226_239/es84214_1519632199943tGJ5g_JPEG/42939379586529064_-337396498.jpg,,,,Y,2017-04-19 18:26:09,2026-06-17 19:54:23,
,726564369,,스팃스 57 197 크로바 태팅셔틀 레드,스마트스토어,,,판매중,전시중,23413,5200,5200,,,N,N,N,,,,,1.0%,0,0,0,0,0,,,,오늘출발,"평일 16시00분까지 결제 완료된 주문

",기본 배송비 묶음그룹,조건부 무료,선결제,3000,3000,6000,N,Y,-,11374245274,,,,,,,가구/인테리어,수예,수예용품/부자재,,,,,,,N,N,N,,,,http://shop1.phinf.naver.net/20170417_185/es84214_1492423623829iNlse_JPEG/16688403166573492_-1852998625.jpg,,,,Y,2017-04-17 19:07:52,2026-06-17 19:55:23,
,726554323,,스팃스 57 820 크로바 태팅셔틀 플로럴,스마트스토어,,,판매중,전시중,234240,17000,17000,,,N,N,N,,,,,1.0%,0,0,0,0,0,,,,오늘출발,"평일 16시00분까지 결제 완료된 주문

",기본 배송비 묶음그룹,조건부 무료,선결제,3000,3000,6000,N,Y,-,11374219137,,,,,,,가구/인테리어,수예,수예용품/부자재,,,,,,,N,N,N,,,,http://shop1.phinf.naver.net/20170417_130/es84214_1492423117072MG2zt_JPEG/16687949341127017_-1195966326.jpg,,,,Y,2017-04-17 18:59:16,2026-06-17 19:56:22,
,726552981,,스팃스 57 833 크로바 태팅셔틀 컬러,스마트스토어,,,판매중,전시중,23424,17000,17000,,,N,N,N,,,,,1.0%,0,0,0,0,0,,,,오늘출발,"평일 16시00분까지 결제 완료된 주문

",기본 배송비 묶음그룹,조건부 무료,선결제,3000,3000,6000,N,Y,-,11374217892,,,,,,,가구/인테리어,수예,수예용품/부자재,,,,,,,N,N,N,,,,http://shop1.phinf.naver.net/20170417_159/es84214_1492422992156qKPCp_JPEG/16687761566055105_-1043987735.jpg,,,,Y,2017-04-17 18:58:00,2026-06-17 19:57:22,
,726497911,,스팃스 55 252 크로바 두꺼운 실끼우기 털실끼우기,스마트스토어,,,판매중,전시중,2342297,5900,5900,,,N,N,N,,,,,1.0%,0,0,0,0,0,,,,오늘출발,"평일 16시00분까지 결제 완료된 주문

",기본 배송비 묶음그룹,조건부 무료,선결제,3000,3000,6000,N,Y,-,11374029683,,,,,,,가구/인테리어,수예,수예용품/부자재,,크로바,크로바,,,,N,N,N,,,,https://shop-phinf.pstatic.net/20170417_289/es84214_1492419937081l6790_JPEG/16763618736460518_967478321.jpg,,,,Y,2017-04-17 18:06:27,2026-06-17 19:58:22,
,724032582,,스팃스 36 662 크로바 캡 재단가위 17cm 화이트,스마트스토어,,,판매중,전시중,324242,34000,34000,,,N,N,N,,,,,1.0%,0,0,0,0,0,,,,오늘출발,"평일 16시00분까지 결제 완료된 주문

",기본 배송비 묶음그룹,조건부 무료,선결제,3000,3000,6000,N,Y,-,11353537877,,,,,,,가구/인테리어,수예,수예용품/부자재,,,,,,,N,N,N,,,,http://shop1.phinf.naver.net/20170413_218/es84214_1492076887246DxPR8_JPEG/1.jpg,,,,Y,2017-04-13 18:48:59,2026-06-17 19:59:24,
,724031337,,스팃스 36 661 크로바 캡 재단가위 17cm 핑크,스마트스토어,,,판매중,전시중,234238,34000,34000,,,N,N,N,,,,,1.0%,0,0,0,0,0,,,,오늘출발,"평일 16시00분까지 결제 완료된 주문

",기본 배송비 묶음그룹,조건부 무료,선결제,3000,3000,6000,N,Y,-,11353531663,,,,,,,가구/인테리어,수예,수예용품/부자재,,크로바,크로바,,,,N,N,N,,,,https://shop-phinf.pstatic.net/20170413_208/es84214_1492076739971A7USu_JPEG/2.jpg,,,,Y,2017-04-13 18:46:34,2026-06-17 20:00:28,
,723755388,,스팃스 57 907 크로바 로제트 메이커 파츠세트 S,스마트스토어,,,판매중,전시중,23424,6500,6500,,,N,N,N,,,,,1.0%,0,0,0,0,0,,,,오늘출발,"평일 16시00분까지 결제 완료된 주문

",기본 배송비 묶음그룹,조건부 무료,선결제,3000,3000,6000,N,Y,-,11351481848,,,,,,,가구/인테리어,수예,수예용품/부자재,,크로바,크로바,,,,N,N,N,,,,https://shop-phinf.pstatic.net/20170413_224/es84214_1492050408610PjB0T_JPEG/16393384098296782_-1560106453.jpg,,,,Y,2017-04-13 11:27:15,2026-06-17 20:01:33,
,723754385,,스팃스 57 908 크로바 로제트 메이커 파츠세트 L,스마트스토어,,,판매중,전시중,23422,8500,8500,,,N,N,N,,,,,1.0%,0,0,0,0,0,,,,오늘출발,"평일 16시00분까지 결제 완료된 주문

",기본 배송비 묶음그룹,조건부 무료,선결제,3000,3000,6000,N,Y,-,11351480187,,,,,,,가구/인테리어,수예,수예용품/부자재,,크로바,크로바,,,,N,N,N,,,,https://shop-phinf.pstatic.net/20170413_185/es84214_1492050326784biVLc_JPEG/16315151140769648_196997880.jpg,,,,Y,2017-04-13 11:26:04,2026-06-17 20:02:35,
,723753118,,57-905 크로바 로제트 메이커 S,스마트스토어,,,판매중,전시중,99999,9800,9800,,,N,N,N,,,,,1.0%,0,0,0,0,0,,,,오늘출발,"평일 16시00분까지 결제 완료된 주문

",기본 배송비 묶음그룹,조건부 무료,선결제,3000,3000,6000,N,Y,-,11351478315,,,,,,,가구/인테리어,수예,수예용품/부자재,,크로바,크로바,,,,N,N,N,,,,https://shop-phinf.pstatic.net/20170413_33/es84214_1492050224315wh71t_JPEG/16315012866518314_-783485156.jpg,,,,Y,2017-04-13 11:24:32,2026-06-17 20:29:10,
,723752133,,57-906 크로바 로제트 메이커 L,스마트스토어,,,판매중,전시중,234240,11700,11700,,,N,N,N,,,,,1.0%,0,0,0,0,0,,,,오늘출발,"평일 16시00분까지 결제 완료된 주문

",기본 배송비 묶음그룹,조건부 무료,선결제,3000,3000,6000,N,Y,-,11351475882,,,,,,,가구/인테리어,수예,수예용품/부자재,,,,,,,N,N,N,,,,http://shop1.phinf.naver.net/20170413_83/es84214_1492050085685xF3f9_JPEG/16314917952332693_761604069.jpg,,,,Y,2017-04-13 11:22:30,2026-06-17 20:29:25,
,715331423,,스팃스 실버 재단가위 26.5cm,스마트스토어,,,판매중,전시중,234230,18000,18000,,,N,N,N,,,,,1.0%,0,0,0,0,0,,,,오늘출발,"평일 16시00분까지 결제 완료된 주문

",기본 배송비 묶음그룹,조건부 무료,선결제,3000,3000,6000,N,Y,-,12588989853,,,,,,,가구/인테리어,수예,수예용품/부자재,,스팃스,스팃스,,,,N,N,N,,,,http://shop1.phinf.naver.net/20170407_251/mindllestore_1491554688875jd0mg_JPEG/15898926676883687_1347437966.jpg,,,,Y,2017-04-07 17:47:08,2026-06-17 20:29:40,
,702377447,,스팃스 엔틱블루 15x15cm 20종 패치워크 패브릭 원단패키지,스마트스토어,,,판매중,전시중,23419,4500,4500,,,N,N,N,,,,,1.0%,0,0,0,0,0,,,,오늘출발,"평일 16시00분까지 결제 완료된 주문

",기본 배송비 묶음그룹,조건부 무료,선결제,3000,3000,6000,N,Y,-,11277755305,,,,,,,가구/인테리어,수예,원단,,스팃스,스팃스,,,,N,N,N,,,,http://shop1.phinf.naver.net/20170331_120/es84214_1490955761577cJdIP_JPEG/15299999372087007_-244589371.JPG,,,,Y,2017-03-31 19:24:17,2026-02-20 12:56:04,
,702264234,,스팃스 5색 프랑스자수 원단용 먹지 트레이싱 페이퍼 도안용 먹지,스마트스토어,,,판매중,전시중,234122,2900,2900,,,N,N,N,,,,,1.0%,0,0,0,0,0,,,,오늘출발,"평일 16시00분까지 결제 완료된 주문

",기본 배송비 묶음그룹,조건부 무료,선결제,3000,3000,6000,N,Y,-,11277220799,,,,,,,가구/인테리어,수예,수예용품/부자재,,스팃스,스팃스,,,,N,N,N,,,,http://shop1.phinf.naver.net/20231117_227/1700185606121O6FnS_JPEG/2792086937398828_59132835.jpg,,,,Y,2017-03-31 18:06:07,2026-06-17 20:30:14,
,694431657,,크로바 DIY 핀쿠션 (브라운),스마트스토어,,,판매중지,전시중,23422,12500,12500,,,N,N,N,,,,,1.0%,0,0,0,0,0,,,,오늘출발,"평일 16시00분까지 결제 완료된 주문

",기본 배송비 묶음그룹,조건부 무료,선결제,2500,2500,5000,N,Y,-,11246901137,,,,,,,가구/인테리어,수예,수예용품/부자재,,자체제작,자체브랜드,,,,N,N,N,,,,http://shop1.phinf.naver.net/20170325_109/es84214_1490423201369czUVe_JPEG/14766883024608293_-840131893.jpg,,,,Y,2017-03-25 15:27:35,2026-02-10 15:40:49,
,694418534,,크로바 DIY 핀쿠션 (화이트),스마트스토어,,,판매중지,전시중,23421,12500,12500,,,N,N,N,,,,,1.0%,0,0,0,0,0,,,,오늘출발,"평일 16시00분까지 결제 완료된 주문

",기본 배송비 묶음그룹,조건부 무료,선결제,2500,2500,5000,N,Y,-,11246863617,,,,,,,가구/인테리어,수예,수예용품/부자재,,자체제작,자체브랜드,,,,N,N,N,,,,http://shop1.phinf.naver.net/20170325_95/es84214_1490422414807IkbFc_JPEG/14687194144350332_-1768938801.jpg,,,,Y,2017-03-25 15:14:48,2026-02-10 15:40:49,
,694417237,,스팃스 22 743 크로바 미니 시침 클립 10개입,스마트스토어,,,판매중,전시중,23417,7200,7200,,,N,N,N,,,,,1.0%,0,0,0,0,0,,,,오늘출발,"평일 16시00분까지 결제 완료된 주문

",기본 배송비 묶음그룹,조건부 무료,선결제,3000,3000,6000,N,Y,-,11246856176,,,,,,,가구/인테리어,수예,수예용품/부자재,,크로바,크로바,270,,,N,N,N,,,,https://shop-phinf.pstatic.net/20170325_236/es84214_1490421667495mPD30_JPEG/14686456048823148_293519372.jpg,,,,Y,2017-03-25 15:08:22,2026-02-13 19:22:10,
,691350332,,스팃스 36 395 크로바 쪽가위 10.5cm 블랙,스마트스토어,,,판매중,전시중,234229,12300,12300,,,N,N,N,,,,,1.0%,0,0,0,0,0,,,,오늘출발,"평일 16시00분까지 결제 완료된 주문

",기본 배송비 묶음그룹,조건부 무료,선결제,3000,3000,6000,N,Y,-,11228652219,,,,,,,가구/인테리어,수예,수예용품/부자재,,,,,,,N,N,N,,,,http://shop1.phinf.naver.net/20170322_47/es84214_1490154448811szL1D_JPEG/1.jpg,,,,Y,2017-03-22 12:48:28,2026-02-13 19:22:10,
,691344870,,스팃스 36 668 크로바 자수가위 11.5cm 휜날115,스마트스토어,,,판매중,전시중,2342418,26000,26000,,,N,N,N,,,,,1.0%,0,0,0,0,0,,,,오늘출발,"평일 16시00분까지 결제 완료된 주문

",기본 배송비 묶음그룹,조건부 무료,선결제,3000,3000,6000,N,Y,-,11228640454,,,,,,,가구/인테리어,수예,수예용품/부자재,,크로바,크로바,270,,,N,N,N,,,,https://shop-phinf.pstatic.net/20170322_286/es84214_1490154230837iICx1_JPEG/1234.jpg,,,,Y,2017-03-22 12:44:44,2026-02-13 19:22:10,
,691305871,,스팃스 57 93 일본 크로바 고무 골무 LL 18mm,스마트스토어,,,판매중,전시중,23412,5200,5200,,,N,N,N,,,,,1.0%,0,0,0,0,0,,,,오늘출발,"평일 16시00분까지 결제 완료된 주문

",기본 배송비 묶음그룹,조건부 무료,선결제,3000,3000,6000,N,Y,-,11228534434,,,,,,,가구/인테리어,수예,수예용품/부자재,,,,,,,N,N,N,,,,http://shop1.phinf.naver.net/20170322_92/es84214_14901522098843RVu9_JPEG/14498511638591321_1699397453.jpg,,,,Y,2017-03-22 12:18:01,2026-06-17 20:31:18,
,691290443,,스팃스 57 392 일본 크로바 고무 골무 L 16mm,스마트스토어,,,판매중,전시중,23424197,5200,5200,,,N,N,N,,,,,1.0%,0,0,0,0,0,,,,오늘출발,"평일 16시00분까지 결제 완료된 주문

",기본 배송비 묶음그룹,조건부 무료,선결제,3000,3000,6000,N,Y,-,11228491493,,,,,,,가구/인테리어,수예,수예용품/부자재,,크로바,크로바,270,,,N,N,N,,,,https://shop-phinf.pstatic.net/20170322_163/es84214_1490151478286yTeAf_JPEG/1234.jpg,,,,Y,2017-03-22 11:59:06,2026-06-17 20:31:34,
,691282349,,스팃스 57 341 clover 일본 크로바 통가죽 골무 L,스마트스토어,,,판매중,전시중,2342339,11000,11000,,,N,N,N,,,,,1.0%,0,0,0,0,0,,,,오늘출발,"평일 16시00분까지 결제 완료된 주문

",기본 배송비 묶음그룹,조건부 무료,선결제,3000,3000,6000,N,Y,-,11228438693,,,,,,,가구/인테리어,수예,수예용품/부자재,,,,,,,N,N,N,,,,http://shop1.phinf.naver.net/20170322_198/es84214_1490150702872ERcw4_JPEG/14415491421042679_413011895.jpg,,,,Y,2017-03-22 11:45:59,2026-02-13 19:22:10,
,691281022,,스팃스 57 340 clover 일본 크로바 통가죽 골무 M,스마트스토어,,,판매중,전시중,234233,11000,11000,,,N,N,N,,,,,1.0%,0,0,0,0,0,,,,오늘출발,"평일 16시00분까지 결제 완료된 주문

",기본 배송비 묶음그룹,조건부 무료,선결제,3000,3000,6000,N,Y,-,11228437355,,,,,,,가구/인테리어,수예,수예용품/부자재,,,,,,,N,N,N,,,,http://shop1.phinf.naver.net/20170322_193/es84214_1490150601065HhWwv_JPEG/14493576553238766_962584764.jpg,,,,Y,2017-03-22 11:44:20,2026-02-13 19:22:10,
,689236371,,스팃스 보빈함 포함 80색 자수실 세트 프랑스자수 십자수실 정리함 DIY,스마트스토어,보빈함포함 80색 자수실세트 프랑스자수/십자수용,,판매중,전시중,234169,18700,18700,,,N,N,N,,,,,1.0%,0,0,0,0,0,,,,오늘출발,"평일 16시00분까지 결제 완료된 주문

",기본 배송비 묶음그룹,조건부 무료,선결제,3000,3000,6000,N,Y,-,11222362474,,,,,,,가구/인테리어,수예,자수,실/바늘,스팃스,스팃스,,,,N,N,N,,,,https://shop-phinf.pstatic.net/20170321_186/es84214_14900679779117GvNw_JPEG/14332747320536035_1421753667.JPG,,,2017-03-21 12:55:20,Y,2017-03-21 12:47:06,2026-06-17 20:32:26,
,689234054,,보빈함포함) 42색 자수실세트 프랑스자수/십자수용,스마트스토어,,,판매중지,전시중,423326,9900,9900,,,N,N,N,,,,,1.0%,0,0,0,0,0,,,,오늘출발,"평일 16시00분까지 결제 완료된 주문

",기본 배송비 묶음그룹,조건부 무료,선결제,2500,2500,5000,N,Y,-,11725154651,,,,,,,가구/인테리어,수예,자수,실/바늘,자체제작,자체브랜드,,,,N,N,N,,,,http://shop1.phinf.naver.net/20200522_32/1590126648426WjSTD_PNG/27486482959847199_2074893762.png,,,,Y,2017-03-21 12:42:13,2026-02-10 15:40:49,
,685846110,,스팃스 원목 우드 타원형 수틀 21cmx13cm,스마트스토어,,,판매중,전시중,23326,8500,8500,,,N,N,N,,,,,1.0%,0,0,0,0,0,,,,오늘출발,"평일 16시00분까지 결제 완료된 주문

",기본 배송비 묶음그룹,조건부 무료,선결제,3000,3000,6000,N,Y,-,11204566645,,,,,,,가구/인테리어,수예,수예용품/부자재,,스팃스,스팃스,,,,N,N,N,,,,http://shop1.phinf.naver.net/20180404_109/es84214_15228297405377WWr9_JPEG/46136900153133547_1619068636.jpg,,,,Y,2017-03-17 11:28:45,2026-06-17 20:32:41,
,685839583,,스팃스 원목 우드 타원형 수틀 16cmx10cm,스마트스토어,,,판매중,전시중,23412,7000,7000,,,N,N,N,,,,,1.0%,0,0,0,0,0,,,,오늘출발,"평일 16시00분까지 결제 완료된 주문

",기본 배송비 묶음그룹,조건부 무료,선결제,3000,3000,6000,N,Y,-,11204559581,,,,,,,가구/인테리어,수예,수예용품/부자재,,스팃스,스팃스,,,,N,N,N,,,,http://shop1.phinf.naver.net/20180404_174/es84214_1522829801033dwsfx_JPEG/46136960652652560_1708608995.jpg,,,,Y,2017-03-17 11:25:07,2026-06-17 20:32:57,
,684018044,,워싱광목린넨(브라운) 프랑스자수 5종 원단패키지 30x34cm,스마트스토어,,,판매중지,전시중,43221,5900,5900,,,N,N,N,,,,,1.0%,0,0,0,0,0,,,,오늘출발,"평일 16시00분까지 결제 완료된 주문

",기본 배송비 묶음그룹,조건부 무료,선결제,2500,2500,5000,N,Y,-,11195441162,,,,,,,가구/인테리어,수예,원단,,자체제작,자체브랜드,,,,N,N,N,,,,http://shop1.phinf.naver.net/20170315_129/es84214_1489575000301gTHyz_JPEG/111.jpg,,,,Y,2017-03-15 19:50:48,2026-02-10 15:40:49,
,683391720,,자석 바늘홀더&바늘보관함,스마트스토어,,,판매중지,전시중,45444,8000,8000,,,N,N,N,,,,,1.0%,0,0,0,0,0,,,,오늘출발,"평일 16시00분까지 결제 완료된 주문

",기본 배송비 묶음그룹,조건부 무료,선결제,2500,2500,5000,N,Y,-,11193498088,,,,,,,가구/인테리어,수예,수예용품/부자재,,자체제작,자체브랜드,,,,N,N,N,,,,http://shop1.phinf.naver.net/20170315_114/es84214_1489546019383IkzT0_JPEG/13889701043447097_-1490009348.JPG,,,,Y,2017-03-15 11:47:44,2026-02-10 15:40:49,
,680983685,,23-052 크로바 clover 고슴도치 핀쿠션&바늘클리너,스마트스토어,,,판매중지,전시중,234232,14000,14000,,,N,N,N,,,,,1.0%,0,0,0,0,0,,,,오늘출발,"평일 16시00분까지 결제 완료된 주문

",기본 배송비 묶음그룹,조건부 무료,선결제,3000,3000,6000,N,Y,-,11186768785,,,,,,,가구/인테리어,수예,수예용품/부자재,,,,,,,N,N,N,,,,http://shop1.phinf.naver.net/20170314_245/es84214_1489459826287F3vy0_JPEG/13724605624324424_-2142984667.jpg,,,,Y,2017-03-14 11:51:28,2025-06-04 15:20:18,
,675698488,,스팃스 57 681 크로바 원단용 지우개,스마트스토어,,,판매중,전시중,23411,4600,4600,,,N,N,N,,,,,1.0%,0,0,0,0,0,,,,오늘출발,"평일 16시00분까지 결제 완료된 주문

",기본 배송비 묶음그룹,조건부 무료,선결제,3000,3000,6000,N,Y,-,11153946299,,,,,,,가구/인테리어,수예,수예용품/부자재,,크로바,크로바,,,,N,N,N,,,,https://shop-phinf.pstatic.net/20170307_291/es84214_1488853279735FbN1w_JPEG/13118068288449930_-1142726966.jpg,,,,Y,2017-03-07 11:22:36,2026-06-17 20:33:12,
,675690957,,스팃스 15 001 크로바 실 끼우기 1세트 실 끼우는 도구,스마트스토어,,,판매중,전시중,23344,3700,3700,,,N,N,N,,,,,1.0%,0,0,0,0,0,,,,오늘출발,"평일 16시00분까지 결제 완료된 주문

",기본 배송비 묶음그룹,조건부 무료,선결제,3000,3000,6000,N,Y,-,11153897668,,,,,,,가구/인테리어,수예,수예용품/부자재,,크로바,크로바,270,,,N,N,N,,,,https://shop-phinf.pstatic.net/20170307_210/es84214_1488852410605u2K1w_JPEG/13196092266192212_-1432696021.jpg,,,,Y,2017-03-07 11:07:48,2026-06-17 20:33:28,
,675689436,,스팃스 15 011 크로바 수동실꿰기,스마트스토어,,,판매중,전시중,23407,5800,5800,,,N,N,N,,,,,1.0%,0,0,0,0,0,,,,오늘출발,"평일 16시00분까지 결제 완료된 주문

",기본 배송비 묶음그룹,조건부 무료,선결제,3000,3000,6000,N,Y,-,11153887002,,,,,,,가구/인테리어,수예,수예용품/부자재,,,,,,,N,N,N,,,,http://shop1.phinf.naver.net/20170307_134/es84214_14888520076237Ey00_JPEG/13116831979700595_-115577855.jpg,,,,Y,2017-03-07 11:01:31,2026-06-17 20:33:43,
,675687387,,리프페이즐리 1마 패브릭 원단 면100% 20수,스마트스토어,,,판매중지,전시중,32423,5600,5600,,,N,N,N,,,,,1.0%,0,0,0,0,0,,,,오늘출발,"평일 16시00분까지 결제 완료된 주문

",기본 배송비 묶음그룹,조건부 무료,선결제,3000,3000,6000,N,Y,-,11153885228,,,,,,,가구/인테리어,수예,원단,,자체제작,자체브랜드,,,,N,N,N,,,,http://shop1.phinf.naver.net/20170307_102/es84214_1488851689030JtRfN_JPEG/13116468365319214_144095171.jpg,,,,Y,2017-03-07 10:55:38,2026-02-10 15:40:49,
,674034649,,스팃스 완제품 꽃다발 자수 커트지 인테리어 원단 패브릭액자,스마트스토어,,,판매중,전시중,23400,4700,4700,,,N,N,N,,,,,1.0%,0,0,0,0,0,,,,오늘출발,"평일 16시00분까지 결제 완료된 주문

",기본 배송비 묶음그룹,조건부 무료,선결제,3000,3000,6000,N,Y,-,11145412604,,,,,,,가구/인테리어,수예,원단,,스팃스,스팃스,,,,N,N,N,,,,http://shop1.phinf.naver.net/20180127_189/es84214_1517043063242BWtx3_JPEG/265618879333310_-1080167860.jpg,,,,Y,2017-03-05 17:04:14,2026-02-20 12:56:04,
,674032187,,스팃스 57 560 크로바 원목 우드 대형 원형 수틀 38cm,스마트스토어,,,판매중,전시중,23420,57000,57000,,,N,N,N,,,,,1.0%,0,0,0,0,0,,,,오늘출발,"평일 16시00분까지 결제 완료된 주문

",기본 배송비 묶음그룹,조건부 무료,선결제,3000,3000,6000,N,Y,-,11145396187,,,,,,,가구/인테리어,수예,수예용품/부자재,,,,,,,N,N,N,,,,http://shop1.phinf.naver.net/20170305_131/es84214_1488700196003d6OlT_JPEG/2.jpg,,,,Y,2017-03-05 16:51:52,2026-02-13 19:22:10,
,674007755,,스팃스 시침핀 50개세트,스마트스토어,,,판매중,전시중,154465,1500,1500,,,N,N,N,,,,,1.0%,0,0,0,0,0,,,,오늘출발,"평일 16시00분까지 결제 완료된 주문

",기본 배송비 묶음그룹,조건부 무료,선결제,3000,3000,6000,N,Y,-,11145339863,,,,,,,가구/인테리어,수예,수예용품/부자재,,스팃스,스팃스,,,,N,N,N,,,,https://shop-phinf.pstatic.net/20170305_141/es84214_1488696761697Ojr3V_JPEG/13043063455423497_158740145.jpg,,,,Y,2017-03-05 15:53:40,2026-06-17 20:34:29,
,671466545,,스팃스 존제임스 자수바늘 10호,스마트스토어,,,판매중,전시중,23391,4300,4300,,,N,N,N,,,,,1.0%,0,0,0,0,0,,,,오늘출발,"평일 16시00분까지 결제 완료된 주문

",기본 배송비 묶음그룹,조건부 무료,선결제,3000,3000,6000,N,Y,-,11137819587,,,,,,,가구/인테리어,수예,수예용품/부자재,,,,,,,N,N,N,,,,http://shop1.phinf.naver.net/20170303_18/es84214_1488550403873LU20V_JPEG/12815173279096375_13876139.jpg,,,,Y,2017-03-03 23:14:12,2026-06-17 20:34:44,
,671412418,,영국 존제임스 손바늘 (3~9호),스마트스토어,,,품절,전시중,0,3300,3300,,,N,N,N,,,,,1.0%,0,0,0,0,0,,,,오늘출발,"평일 16시00분까지 결제 완료된 주문

",기본 배송비 묶음그룹,조건부 무료,선결제,2500,2500,5000,N,Y,-,12521146817,,,,,,,가구/인테리어,수예,수예용품/부자재,,,,,,,N,N,N,,,,http://shop1.phinf.naver.net/20170303_9/es84214_1488548987596FqgBc_JPEG/015003000000000081.jpg,,,,Y,2017-03-03 22:50:58,2020-07-01 10:15:27,
,671348780,,크로바 로터리 커팅매트 300,스마트스토어,,,판매중지,전시중,23424,49000,49000,,,N,N,N,,,,,1.0%,0,0,0,0,0,,,,오늘출발,"평일 16시00분까지 결제 완료된 주문

",기본 배송비 묶음그룹,조건부 무료,선결제,2500,2500,5000,N,Y,-,11137702560,,,,,,,가구/인테리어,수예,수예용품/부자재,,,,,,,N,N,N,,,,http://shop1.phinf.naver.net/20170303_221/es84214_14885476844196fxKo_JPEG/1.jpg,,,,Y,2017-03-03 22:29:05,2021-11-12 10:14:07,
,671291953,,스팃스 36 226 SR240FT 크로바 재단가위 24cm 톱니날,스마트스토어,,,판매중,전시중,3242342,86800,86800,,,N,N,N,,,,,1.0%,0,0,0,0,0,,,,오늘출발,"평일 16시00분까지 결제 완료된 주문

",기본 배송비 묶음그룹,조건부 무료,선결제,3000,3000,6000,N,Y,-,11137645500,,,,,,,가구/인테리어,수예,수예용품/부자재,,,,,,,N,N,N,,,,http://shop1.phinf.naver.net/20170303_24/es84214_1488546486189Y4FQv_JPEG/12811265525778514_-401855742.jpg,,,,Y,2017-03-03 22:09:32,2026-06-17 20:35:00,
,671251903,,스팃스 58 783 크로바 얀 트위스터,스마트스토어,,,판매중,전시중,23421,17000,17000,,,N,N,N,,,,,1.0%,0,0,0,0,0,,,,오늘출발,"평일 16시00분까지 결제 완료된 주문

",기본 배송비 묶음그룹,조건부 무료,선결제,3000,3000,6000,N,Y,-,11137606010,,,,,,,가구/인테리어,수예,수예용품/부자재,,,,,,,N,N,N,,,,http://shop1.phinf.naver.net/20170303_123/es84214_1488545289227P3Wyg_JPEG/12889527024760723_-760289185.jpg,,,,Y,2017-03-03 21:48:57,2026-06-17 20:35:16,
,671227683,,스팃스 58 782 크로바 태슬 메이커 L,스마트스토어,,,판매중,전시중,23416,12000,12000,,,N,N,N,,,,,1.0%,0,0,0,0,0,,,,오늘출발,"평일 16시00분까지 결제 완료된 주문

",기본 배송비 묶음그룹,조건부 무료,선결제,3000,3000,6000,N,Y,-,11137582209,,,,,,,가구/인테리어,수예,수예용품/부자재,,,,,,,N,N,N,,,,http://shop1.phinf.naver.net/20170303_204/es84214_1488544537478gliaK_JPEG/12889429991622001_-1799420690.jpg,,,,Y,2017-03-03 21:36:31,2026-06-17 20:35:32,
,668887359,,스팃스 면사 자수실 복합사 35색 세트 프랑스자수실 그라데이션 실 십자수실 DIY,스마트스토어,,,판매중지,전시중,23417,25000,25000,,,N,N,N,,,,,1.0%,0,0,0,0,0,,,,오늘출발,"평일 16시00분까지 결제 완료된 주문

",기본 배송비 묶음그룹,조건부 무료,선결제,3000,3000,6000,N,Y,-,11123992821,,,,,,,가구/인테리어,수예,자수,실/바늘,스팃스,스팃스,,,,N,N,N,,,,http://shop1.phinf.naver.net/20170228_220/es84214_1488279654663MVaSJ_JPEG/12544424072762711_-1413038006.JPG,,,,Y,2017-02-28 20:03:07,2026-04-17 13:00:48,
,667910960,,스팃스 퀼팅시접자 50cm,스마트스토어,,,판매중,전시중,23424,6000,6000,,,N,N,N,,,,,1.0%,0,0,0,0,0,,,,오늘출발,"평일 16시00분까지 결제 완료된 주문

",기본 배송비 묶음그룹,조건부 무료,선결제,3000,3000,6000,N,Y,-,11119227264,,,,,,,가구/인테리어,수예,수예용품/부자재,,스팃스,스팃스,,,,N,N,N,,,,http://shop1.phinf.naver.net/20170227_136/es84214_1488199586330Ti48N_JPEG/1423100997.jpg,,,,Y,2017-02-27 21:49:19,2026-06-17 20:35:47,
,667904523,,크로바  폼폼메이커 - 중 ,스마트스토어,,,판매중지,전시중,23402,7200,7200,,,N,N,N,,,,,1.0%,0,0,0,0,0,,,,오늘출발,"평일 16시00분까지 결제 완료된 주문

",기본 배송비 묶음그룹,조건부 무료,선결제,2500,2500,5000,N,Y,-,11119221801,,,,,,,가구/인테리어,수예,수예용품/부자재,,,,,,,N,N,N,,,,http://shop1.phinf.naver.net/20170227_179/es84214_14881979670676kEN6_JPEG/12542859580409142_281092944.jpg,,,,Y,2017-02-27 21:20:20,2020-08-11 10:38:19,
,667901919,,스팃스 58 774 크로바 폼폼메이커 대,스마트스토어,58-774 크로바 폼폼메이커 - 대,,판매중,전시중,23424,7800,7800,,,N,N,N,,,,,1.0%,0,0,0,0,0,,,,오늘출발,"평일 16시00분까지 결제 완료된 주문

",기본 배송비 묶음그룹,조건부 무료,선결제,3000,3000,6000,N,Y,-,11119220270,,,,,,,가구/인테리어,수예,수예용품/부자재,,크로바,크로바,,,,N,N,N,,,,https://shop-phinf.pstatic.net/20170227_241/es84214_14881971888939oPLk_JPEG/12540870552039330_-1671478724.jpg,,,,Y,2017-02-27 21:10:46,2026-06-17 20:36:03,
,666876278,,스팃스 24 065 크로바 수용성 초크펜 3종,스마트스토어,,,판매중,전시중,324225,11000,11000,,,N,N,N,,,,,1.0%,0,0,0,0,0,,,,오늘출발,"평일 16시00분까지 결제 완료된 주문

",기본 배송비 묶음그룹,조건부 무료,선결제,3000,3000,6000,N,Y,-,11113667839,,,,,,,가구/인테리어,수예,수예용품/부자재,,,,,,,N,N,N,,,,http://shop1.phinf.naver.net/20170225_295/es84214_1488030843168258Lp_JPEG/12295622506249519_-1004968698.JPG,,,,Y,2017-02-25 22:55:52,2026-06-17 20:36:19,
,664226874,,스팃스 평화 캡 재단가위 21cm,스마트스토어,,,판매중,전시중,123393,8700,8700,,,N,N,N,,,,,1.0%,0,0,0,0,0,,,,오늘출발,"평일 16시00분까지 결제 완료된 주문

",기본 배송비 묶음그룹,조건부 무료,선결제,3000,3000,6000,N,Y,-,11095923744,,,,,,,가구/인테리어,수예,수예용품/부자재,,스팃스,스팃스,,,,N,N,N,,,,http://shop1.phinf.naver.net/20170222_144/es84214_14877300951149yFcU_JPEG/550.jpg,,,,Y,2017-02-22 11:22:27,2026-06-17 20:36:34,
,664169211,,스팃스 실리콘 칼라고무골무 5사이즈 택1 색상랜덤,스마트스토어,,,판매중,전시중,49972,1000,1000,,,Y,N,N,,,,,1.0%,0,0,0,0,0,,,,오늘출발,"평일 16시00분까지 결제 완료된 주문

",기본 배송비 묶음그룹,조건부 무료,선결제,3000,3000,6000,N,Y,-,11095823583,,,,,,,가구/인테리어,수예,수예용품/부자재,,스팃스,스팃스,,,,N,N,N,,,,https://shop-phinf.pstatic.net/20170222_249/es84214_1487726473093WalXJ_JPEG/4.jpg,,,,Y,2017-02-22 10:59:38,2026-06-17 20:36:50,
,663399485,,크로바 요요플레이트 하트 L,스마트스토어,,,판매중지,전시중,234234,7100,7100,,,N,N,N,,,,,1.0%,0,0,0,0,0,,,,오늘출발,"평일 16시00분까지 결제 완료된 주문

",기본 배송비 묶음그룹,조건부 무료,선결제,2500,2500,5000,N,Y,-,11090335646,,,,,,,가구/인테리어,수예,수예용품/부자재,,자체제작,자체브랜드,,,,N,N,N,,,,http://shop1.phinf.naver.net/20170221_234/es84214_1487642864731GxW5s_JPEG/11907644064499742_-69601604.jpg,,,,Y,2017-02-21 11:08:21,2026-02-10 15:40:49,
,663369185,,스팃스 58 933 크로바 요요플레이트 하트 S,스마트스토어,,,판매중,전시중,34244,7100,7100,,,N,N,N,,,,,1.0%,0,0,0,0,0,,,,오늘출발,"평일 16시00분까지 결제 완료된 주문

",기본 배송비 묶음그룹,조건부 무료,선결제,3000,3000,6000,N,Y,-,11090301393,,,,,,,가구/인테리어,수예,수예용품/부자재,,,,,,,N,N,N,,,,http://shop1.phinf.naver.net/20170221_44/es84214_1487642384027XJccs_JPEG/11986065687515192_-119193318.jpg,,,,Y,2017-02-21 11:00:32,2026-06-17 20:37:05,
,663344130,,스팃스 58 795 크로바 요요플레이트 LL,스마트스토어,,,판매중,전시중,23423,7100,7100,,,N,N,N,,,,,1.0%,0,0,0,0,0,,,,오늘출발,"평일 16시00분까지 결제 완료된 주문

",기본 배송비 묶음그룹,조건부 무료,선결제,3000,3000,6000,N,Y,-,11090248927,,,,,,,가구/인테리어,수예,수예용품/부자재,,,,,,,N,N,N,,,,http://shop1.phinf.naver.net/20170221_80/es84214_1487641557639DJqim_JPEG/4.jpg,,,,Y,2017-02-21 10:46:44,2026-06-17 20:37:21,
,663339830,,스팃스 58 796 크로바 요요플레이트 L,스마트스토어,,,판매중,전시중,23423,7100,7100,,,N,N,N,,,,,1.0%,0,0,0,0,0,,,,오늘출발,"평일 16시00분까지 결제 완료된 주문

",기본 배송비 묶음그룹,조건부 무료,선결제,3000,3000,6000,N,Y,-,11090239595,,,,,,,가구/인테리어,수예,수예용품/부자재,,,,,,,N,N,N,,,,http://shop1.phinf.naver.net/20170221_272/es84214_1487641148147kO1Nl_JPEG/3.jpg,,,,Y,2017-02-21 10:39:53,2026-06-17 20:37:36,
,663338155,,스팃스 58 797 크로바 요요플레이트 s,스마트스토어,,,판매중,전시중,23420,7100,7100,,,N,N,N,,,,,1.0%,0,0,0,0,0,,,,오늘출발,"평일 16시00분까지 결제 완료된 주문

",기본 배송비 묶음그룹,조건부 무료,선결제,3000,3000,6000,N,Y,-,11090238456,,,,,,,가구/인테리어,수예,수예용품/부자재,,,,,,,N,N,N,,,,http://shop1.phinf.naver.net/20170221_229/es84214_14876408367146r9HK_JPEG/2.jpg,,,,Y,2017-02-21 10:34:55,2026-06-17 20:37:52,
,663335417,,스팃스 58 798 크로바 요요플레이트 SS,스마트스토어,,,판매중,전시중,23421,6500,6500,,,N,N,N,,,,,1.0%,0,0,0,0,0,,,,오늘출발,"평일 16시00분까지 결제 완료된 주문

",기본 배송비 묶음그룹,조건부 무료,선결제,3000,3000,6000,N,Y,-,11090232330,,,,,,,가구/인테리어,수예,수예용품/부자재,,크로바,크로바,,,,N,N,N,,,,https://shop-phinf.pstatic.net/20170221_138/es84214_1487639974599pVvdp_JPEG/2.jpg,,,,Y,2017-02-21 10:26:40,2026-06-17 20:38:08,
,662890806,,스팃스 입체자수 울사 리필 자수실 5 택1,스마트스토어,,,판매중지,전시중,23311,1200,1200,,,Y,N,N,,,,,1.0%,0,0,0,0,0,,,,오늘출발,"평일 16시00분까지 결제 완료된 주문

",기본 배송비 묶음그룹,조건부 무료,선결제,3000,3000,6000,N,Y,-,11087069998,,,,,,,가구/인테리어,수예,자수,실/바늘,스팃스,스팃스,,,,N,N,N,,,,http://shop1.phinf.naver.net/20170220_16/es84214_1487600644275MxFwU_JPEG/11944325926352847_-2104810883.JPG,,,,Y,2017-02-20 23:29:05,2026-03-04 15:11:31,
,662862716,,스팃스 입체자수 울사 리필 자수실 4 택1,스마트스토어,,,판매중지,전시중,4344197,1000,1000,,,Y,N,N,,,,,1.0%,0,0,0,0,0,,,,오늘출발,"평일 16시00분까지 결제 완료된 주문

",기본 배송비 묶음그룹,조건부 무료,선결제,3000,3000,6000,N,Y,-,11087041833,,,,,,,가구/인테리어,수예,자수,실/바늘,스팃스,스팃스,,,,N,N,N,,,,http://shop1.phinf.naver.net/20170222_156/es84214_148776263541593h9C_JPEG/12027459770901368_-183677658.JPG,,,,Y,2017-02-20 23:18:06,2026-03-04 15:11:31,
,662853882,,스팃스 입체자수 울사 리필 자수실 3 택1,스마트스토어,,,판매중지,전시중,234179,1000,1000,,,Y,N,N,,,,,1.0%,0,0,0,0,0,,,,오늘출발,"평일 16시00분까지 결제 완료된 주문

",기본 배송비 묶음그룹,조건부 무료,선결제,3000,3000,6000,N,Y,-,11087032675,,,,,,,가구/인테리어,수예,자수,실/바늘,스팃스,스팃스,,,,N,N,N,,,,http://shop1.phinf.naver.net/20170220_102/es84214_1487600003957QdYgD_JPEG/11944241756272750_-1101372595.JPG,,,,Y,2017-02-20 23:14:43,2026-03-04 15:11:31,
,662845864,,스팃스 입체자수 울사 리필 자수실 2 택1,스마트스토어,,,판매중지,전시중,23343,1000,1000,,,Y,N,N,,,,,1.0%,0,0,0,0,0,,,,오늘출발,"평일 16시00분까지 결제 완료된 주문

",기본 배송비 묶음그룹,조건부 무료,선결제,3000,3000,6000,N,Y,-,11087024698,,,,,,,가구/인테리어,수예,자수,실/바늘,스팃스,스팃스,,,,N,N,N,,,,http://shop1.phinf.naver.net/20170220_252/es84214_1487599762574jScHr_JPEG/11864551128049437_-1172401226.JPG,,,,Y,2017-02-20 23:11:22,2026-03-04 15:11:31,
,662838151,,스팃스 입체자수 울사 리필 자수실 1 택1,스마트스토어,,,판매중지,전시중,32369,1000,1000,,,Y,N,N,,,,,1.0%,0,0,0,0,0,,,,오늘출발,"평일 16시00분까지 결제 완료된 주문

",기본 배송비 묶음그룹,조건부 무료,선결제,3000,3000,6000,N,Y,-,11087016885,,,,,,,가구/인테리어,수예,자수,실/바늘,스팃스,스팃스,,,,N,N,N,,,,http://shop1.phinf.naver.net/20170220_274/es84214_1487599416829kFsov_JPEG/11864196163137527_-785925073.JPG,,,,Y,2017-02-20 23:07:17,2026-03-04 15:11:31,
,661342683,,크로바 요요플레이트 꽃 L,스마트스토어,,,판매중지,전시중,23424,7100,7100,,,N,N,N,,,,,1.0%,0,0,0,0,0,,,,오늘출발,"평일 16시00분까지 결제 완료된 주문

",기본 배송비 묶음그룹,조건부 무료,선결제,2500,2500,5000,N,Y,-,11084188460,,,,,,,가구/인테리어,수예,수예용품/부자재,,,,,,,N,N,N,,,,http://shop1.phinf.naver.net/20170220_9/slacme_1487555164170qaUfM_JPEG/11819952721752887_-1569388851.jpg,,,,Y,2017-02-20 10:47:05,2021-09-08 10:25:40,
,661339121,,스팃스 58 939 크로바 요요 플레이트 꽃 S,스마트스토어,,,판매중,전시중,324234,7100,7100,,,N,N,N,,,,,1.0%,0,0,0,0,0,,,,오늘출발,"평일 16시00분까지 결제 완료된 주문

",기본 배송비 묶음그룹,조건부 무료,선결제,3000,3000,6000,N,Y,-,11084181123,,,,,,,가구/인테리어,수예,수예용품/부자재,,,,,,,N,N,N,,,,http://shop1.phinf.naver.net/20170220_135/es84214_1487554443642AYjK1_JPEG/11819267996036244_-732901361.jpg,,,,Y,2017-02-20 10:37:13,2026-06-17 20:38:24,
,661336045,,스팃스 57 685 크로바 실 전용 왁스,스마트스토어,,,판매중,전시중,23406,7800,7800,,,N,N,N,,,,,1.0%,0,0,0,0,0,,,,오늘출발,"평일 16시00분까지 결제 완료된 주문

",기본 배송비 묶음그룹,조건부 무료,선결제,3000,3000,6000,N,Y,-,11084177762,,,,,,,가구/인테리어,수예,수예용품/부자재,,,,,,,N,N,N,,,,http://shop1.phinf.naver.net/20170220_292/es84214_1487553803007THpW5_JPEG/11898695521732663_-1287306607.jpg,,,,Y,2017-02-20 10:24:48,2026-06-17 20:38:40,
,661042989,,스팃스 58 781 크로바 태슬 메이커 S,스마트스토어,,,판매중,전시중,4237,10400,10400,,,N,N,N,,,,,1.0%,0,0,0,0,0,,,,오늘출발,"평일 16시00분까지 결제 완료된 주문

",기본 배송비 묶음그룹,조건부 무료,선결제,3000,3000,6000,N,Y,-,11081862201,,,,,,,가구/인테리어,수예,수예용품/부자재,,,,,,,N,N,N,,,,http://shop1.phinf.naver.net/20170219_265/es84214_1487482279464na8q8_JPEG/11825254957537386_271887464.jpg,,,,Y,2017-02-19 14:40:58,2026-06-17 20:38:56,
,661035596,,스팃스 58 790 크로바 폼폼메이커 점보사이즈  특대,스마트스토어,,,판매중,전시중,23422,11700,11700,,,N,N,N,,,,,1.0%,0,0,0,0,0,,,,오늘출발,"평일 16시00분까지 결제 완료된 주문

",기본 배송비 묶음그룹,조건부 무료,선결제,3000,3000,6000,N,Y,-,11081855066,,,,,,,가구/인테리어,수예,수예용품/부자재,,,,,,,N,N,N,,,,http://shop1.phinf.naver.net/20240626_42/1719379989070cFgrx_JPEG/50180590023199205_906802043.jpg,,,,Y,2017-02-19 14:21:08,2026-06-17 20:39:12,
,660773310,,스팃스 58 775 크로바 슈퍼 폼폼메이커,스마트스토어,,,판매중,전시중,23418,13100,13100,,,N,N,N,,,,,1.0%,0,0,0,0,0,,,,오늘출발,"평일 16시00분까지 결제 완료된 주문

",기본 배송비 묶음그룹,조건부 무료,선결제,3000,3000,6000,N,Y,-,11078988357,,,,,,,가구/인테리어,수예,수예용품/부자재,,,,,,,N,N,N,,,,http://shop1.phinf.naver.net/20170218_207/es84214_1487385246277Cx3Hf_JPEG/11731548031828233_-638150008.jpg,,,,Y,2017-02-18 11:35:20,2026-06-17 21:39:57,
,658094895,,스팃스 독일 앵커 자수실 60색 세트,스마트스토어,,,판매중,전시중,23417,48000,48000,,,N,N,N,,,,,1.0%,0,0,0,0,0,,,,오늘출발,"평일 16시00분까지 결제 완료된 주문

",기본 배송비 묶음그룹,조건부 무료,선결제,3000,3000,6000,N,Y,-,11069180426,,,,,,,가구/인테리어,수예,자수,실/바늘,,,,,,N,N,N,,,,http://shop1.phinf.naver.net/20170216_190/es84214_1487213485697CSCTG_JPEG/11557723493914445_-1976293.jpg,,,,Y,2017-02-16 11:52:46,2026-06-17 21:40:13,
,656997507,,면사 자수실24색+보빈함 세트,스마트스토어,,,판매중지,전시중,23418,9800,9800,,,N,N,N,,,,,1.0%,0,0,0,0,0,,,,오늘출발,"평일 16시00분까지 결제 완료된 주문

",기본 배송비 묶음그룹,조건부 무료,선결제,3000,3000,6000,N,Y,-,11063704838,,,,,,,가구/인테리어,수예,자수,실/바늘,자체제작,자체브랜드,,,,N,N,N,,,,http://shop1.phinf.naver.net/20190524_27/es84214_1558663553395QNgwi_JPEG/81970713009296787_186694072.jpg,,,,Y,2017-02-15 12:29:40,2026-02-10 15:40:49,
,655222907,,57-899 크로바 원단용 수성 양면테이프,스마트스토어,,,판매중지,전시중,23420,12000,12000,,,N,N,N,,,,,1.0%,0,0,0,0,0,,,,오늘출발,"평일 16시00분까지 결제 완료된 주문

",기본 배송비 묶음그룹,조건부 무료,선결제,3000,3000,6000,N,Y,-,11052055479,,,,,,,가구/인테리어,수예,수예용품/부자재,,,,,,,N,N,N,,,,http://shop1.phinf.naver.net/20170213_4/es84214_1486911922535zFuru_JPEG/11255604195206030_1120820012.jpg,,,,Y,2017-02-13 00:07:06,2025-11-17 10:47:52,
,655220875,,57-514 일본 크로바 원단용 접착풀,스마트스토어,,,판매중지,전시중,23417,4600,4600,,,N,N,N,,,,,1.0%,0,0,0,0,0,,,,오늘출발,"평일 16시00분까지 결제 완료된 주문

",기본 배송비 묶음그룹,조건부 무료,선결제,3000,3000,6000,N,Y,-,11052053410,,,,,,,가구/인테리어,수예,수예용품/부자재,,,,,,,N,N,N,,,,http://shop1.phinf.naver.net/20170212_201/es84214_1486911218808b6rjS_JPEG/11255456605862609_-2043536780.jpg,,,,Y,2017-02-12 23:55:07,2024-08-19 14:23:00,
,655218207,,스팃스 57 931 일본 크로바 고무 골무S 14mm,스마트스토어,,,판매중,전시중,23385,5200,5200,,,N,N,N,,,,,1.0%,0,0,0,0,0,,,,오늘출발,"평일 16시00분까지 결제 완료된 주문

",기본 배송비 묶음그룹,조건부 무료,선결제,3000,3000,6000,N,Y,-,11052050552,,,,,,,가구/인테리어,수예,수예용품/부자재,,,,,,,N,N,N,,,,http://shop1.phinf.naver.net/20170212_177/es84214_1486910393323Fijsh_JPEG/88.jpg,,,,Y,2017-02-12 23:40:55,2026-06-17 21:40:28,
,654312592,,원단용 핑킹가위 9인치,스마트스토어,,,판매중지,전시중,1234240,18000,18000,,,N,N,N,,,,,1.0%,0,0,0,0,0,,,,오늘출발,"평일 16시00분까지 결제 완료된 주문

",기본 배송비 묶음그룹,조건부 무료,선결제,2500,2500,5000,N,Y,-,12588990049,,,,,,,가구/인테리어,수예,수예용품/부자재,,자체제작,자체브랜드,,,,N,N,N,,,,http://shop1.phinf.naver.net/20170210_243/es84214_14866989936222oa6S_JPEG/11043886136700496_-1981940325.JPG,,,,Y,2017-02-10 12:58:05,2026-02-10 15:40:49,
,652610105,,스팃스 프랑스자수 도안용 먹지 전용 펜,스마트스토어,,,판매중,전시중,234039,2500,2500,,,N,N,N,,,,,1.0%,0,0,0,0,0,,,,오늘출발,"평일 16시00분까지 결제 완료된 주문

",기본 배송비 묶음그룹,조건부 무료,선결제,3000,3000,6000,N,Y,-,11035740216,,,,,,,가구/인테리어,수예,수예용품/부자재,,스팃스,스팃스,,,,N,N,N,,,,http://shop1.phinf.naver.net/20170526_8/es84214_1495761914544fBX5z_JPEG/19068215079783830_464295886.JPG,,,,Y,2017-02-08 21:37:04,2026-06-17 21:40:44,
,652586605,,스팃스 독일 앵커 자수실세트5 프랑스자수 야생화자수,스마트스토어,,,판매중,전시중,23417,9600,9600,,,N,N,N,,,,,1.0%,0,0,0,0,0,,,,오늘출발,"평일 16시00분까지 결제 완료된 주문

",기본 배송비 묶음그룹,조건부 무료,선결제,3000,3000,6000,N,Y,-,11035716816,,,,,,,가구/인테리어,수예,자수,실/바늘,,,,,,N,N,N,,,,http://shop1.phinf.naver.net/20170208_107/es84214_1486554825868Q4OsT_JPEG/6.jpg,,,,Y,2017-02-08 20:55:17,2026-06-17 21:41:00,
,652583414,,스팃스 독일 앵커 자수실세트4 프랑스자수 십자수실,스마트스토어,독일 앵커 자수실세트(4)/프랑스자수 십자수실,,판매중,전시중,23419,9600,9600,,,N,N,N,,,,,1.0%,0,0,0,0,0,,,,오늘출발,"평일 16시00분까지 결제 완료된 주문

",기본 배송비 묶음그룹,조건부 무료,선결제,3000,3000,6000,N,Y,-,11035713625,,,,,,,가구/인테리어,수예,자수,실/바늘,,,,,,N,N,N,,,,https://shop-phinf.pstatic.net/20170208_10/es84214_1486554345666YkIfm_JPEG/10898027325452633_-212450524.jpg,,,,Y,2017-02-08 20:47:02,2026-06-17 21:41:16,
,652574006,,스팃스 독일 앵커 자수실세트3 프랑스자수 십자수실,스마트스토어,독일 앵커 자수실세트(3)/프랑스자수 십자수실,,판매중,전시중,234229,9600,9600,,,N,N,N,,,,,1.0%,0,0,0,0,0,,,,오늘출발,"평일 16시00분까지 결제 완료된 주문

",기본 배송비 묶음그룹,조건부 무료,선결제,3000,3000,6000,N,Y,-,11035695063,,,,,,,가구/인테리어,수예,자수,실/바늘,,,,,,N,N,N,,,,https://shop-phinf.pstatic.net/20170208_261/es84214_1486553384979f1NtE_JPEG/10818164314845099_-940838095.jpg,,,,Y,2017-02-08 20:31:12,2026-06-17 21:41:32,
,652542897,,독일 앵커 25번 면사 베리에이션 자수실세트 12색 (2),스마트스토어,,,판매중지,전시중,234242,13200,13200,,,N,N,N,,,,,1.0%,0,0,0,0,0,,,,오늘출발,"평일 16시00분까지 결제 완료된 주문

",기본 배송비 묶음그룹,조건부 무료,선결제,2500,2500,5000,N,Y,-,11035593410,,,,,,,가구/인테리어,수예,자수,실/바늘,,,,,,N,N,N,,,,http://shop1.phinf.naver.net/20170208_225/es84214_14865515674549LNLy_JPEG/10895805252118919_-954306755.jpg,,,,Y,2017-02-08 20:00:34,2019-02-28 19:40:20,
,652527472,,스팃스 독일 앵커 25번 면사 베리에이션 자수실세트 12색 세트,스마트스토어,,,판매중,전시중,234235,14400,14400,,,N,N,N,,,,,1.0%,0,0,0,0,0,,,,오늘출발,"평일 16시00분까지 결제 완료된 주문

",기본 배송비 묶음그룹,조건부 무료,선결제,3000,3000,6000,N,Y,-,11035546739,,,,,,,가구/인테리어,수예,자수,실/바늘,,,,,,N,N,N,,,,http://shop1.phinf.naver.net/20170208_223/es84214_1486550184287uP1rf_JPEG/10893159778351471_455661977.jpg,,,,Y,2017-02-08 19:45:13,2026-06-17 21:41:48,
,652469483,,스팃스 10 518 크로바 자동실꿰기 핑크,스마트스토어,,,판매중,전시중,23396,14500,14500,,,N,N,N,,,,,1.0%,0,0,0,0,0,,,,오늘출발,"평일 16시00분까지 결제 완료된 주문

",기본 배송비 묶음그룹,조건부 무료,선결제,3000,3000,6000,N,Y,-,11035297299,,,,,,,가구/인테리어,수예,수예용품/부자재,,크로바,크로바,,,,N,N,N,,,,https://shop-phinf.pstatic.net/20170208_4/es84214_1486546794390bYewX_JPEG/10811563801916826_1473907831.jpg,,,,Y,2017-02-08 18:41:40,2026-06-17 21:42:04,
,652158916,,스팃스 워싱블루 1/8마 x 3종 패브릭 원단패키지,스마트스토어,,,판매중,전시중,23420,6200,6200,,,N,N,N,,,,,1.0%,0,0,0,0,0,,,,오늘출발,"평일 16시00분까지 결제 완료된 주문

",기본 배송비 묶음그룹,조건부 무료,선결제,3000,3000,6000,N,Y,-,11033974206,,,,,,,가구/인테리어,수예,원단,,스팃스,스팃스,,,,N,N,N,,,,http://shop1.phinf.naver.net/20170208_85/es84214_1486521570747MV23g_JPEG/10786350084229792_1328766754.jpg,,,,Y,2017-02-08 11:40:31,2026-02-20 12:56:04,
,652155867,,스팃스 워싱 블루그레이 1/8마x4종 패브릭 원단패키지,스마트스토어,,,판매중,전시중,2234226,6200,6200,,,N,N,N,,,,,1.0%,0,0,0,0,0,,,,오늘출발,"평일 16시00분까지 결제 완료된 주문

",기본 배송비 묶음그룹,조건부 무료,선결제,3000,3000,6000,N,Y,-,11033971898,,,,,,,가구/인테리어,수예,원단,,스팃스,스팃스,,,,N,N,N,,,,http://shop1.phinf.naver.net/20170208_81/es84214_1486521212008qAuWh_JPEG/1.jpg,,,,Y,2017-02-08 11:34:55,2026-02-20 12:56:04,
,651529535,,스팃스 57 373 크로바 고무골무 L 1세트,스마트스토어,,,판매중,전시중,34510,5800,5800,,,N,N,N,,,,,1.0%,0,0,0,0,0,,,,오늘출발,"평일 16시00분까지 결제 완료된 주문

",기본 배송비 묶음그룹,조건부 무료,선결제,3000,3000,6000,N,Y,-,11026004010,,,,,,,가구/인테리어,수예,수예용품/부자재,,,,,,,N,N,N,,,,http://shop1.phinf.naver.net/20170206_115/es84214_1486393163996xWyey_JPEG/1.jpg,,,,Y,2017-02-07 00:00:27,2026-06-17 21:42:52,
,651526587,,스팃스 57 371 크로바 고무골무 S 1세트,스마트스토어,,,판매중,전시중,234313,5800,5800,,,N,N,N,,,,,1.0%,0,0,0,0,0,,,,오늘출발,"평일 16시00분까지 결제 완료된 주문

",기본 배송비 묶음그룹,조건부 무료,선결제,3000,3000,6000,N,Y,-,11026000188,,,,,,,가구/인테리어,수예,수예용품/부자재,,,,,,,N,N,N,,,,http://shop1.phinf.naver.net/20170207_198/es84214_1486393536587WW3Tc_JPEG/10658315922715538_-61890370.jpg,,,,Y,2017-02-06 23:45:09,2026-06-17 21:43:09,
,650545743,,스팃스 15컷 패치원단 커트지 1마 110x90cm,스마트스토어,,,판매중,전시중,354345,7500,7500,,,N,N,N,,,,,1.0%,0,0,0,0,0,,,,오늘출발,"평일 16시00분까지 결제 완료된 주문

",기본 배송비 묶음그룹,조건부 무료,선결제,3000,3000,6000,N,Y,-,11019446515,,,,,,,가구/인테리어,수예,원단,,스팃스,스팃스,,,,N,N,N,,,,http://shop1.phinf.naver.net/20170204_153/es84214_1486216125423UetIX_JPEG/10559100915025544_9051665.jpg,,,,Y,2017-02-04 23:05:54,2026-06-17 21:43:25,
,650249430,,스팃스 블랙마블 대형 데스크패드 멀티패드 60x44cm,스마트스토어,,,판매중,전시중,2343240,26800,26800,,,N,N,N,,,,,1.0%,0,0,0,0,0,,,,오늘출발,"평일 16시00분까지 결제 완료된 주문

",기본 배송비 묶음그룹,조건부 무료,선결제,3000,3000,6000,N,Y,-,11013952279,,,,,,,생활/건강,문구/사무용품,데스크용품,데스크패드,스팃스,스팃스,,,,N,N,N,,,,http://shop1.phinf.naver.net/20170203_134/es84214_1486114798686MWFeI_JPEG/M.jpg,,,,Y,2017-02-03 18:41:41,2026-06-17 21:43:42,
,650246663,,스팃스 화이트마블 대형 데스크패드 멀티패드 60x44cm,스마트스토어,,,판매중,전시중,234232,26800,26800,,,N,N,Y,,,,,1.0%,0,0,0,0,0,,,,오늘출발,"평일 16시00분까지 결제 완료된 주문

",기본 배송비 묶음그룹,조건부 무료,선결제,3000,3000,6000,N,Y,-,11013944493,,,,,,,생활/건강,문구/사무용품,데스크용품,데스크패드,스팃스,스팃스,,,,N,N,N,,,,https://shop-phinf.pstatic.net/20170203_213/es84214_14861139409200npLR_JPEG/10378765272347737_-1460515700.jpg,,,,Y,2017-02-03 18:33:45,2026-06-17 21:43:59,
,647459071,,스팃스 크래프트와이어 실버 5yd 1.5mm,스마트스토어,,,판매중,전시중,23344,1500,1500,,,N,N,N,,,,,1.0%,0,0,0,0,0,,,,오늘출발,"평일 16시00분까지 결제 완료된 주문

",기본 배송비 묶음그룹,조건부 무료,선결제,3000,3000,6000,N,Y,-,10999728730,,,,,,,가구/인테리어,수예,수예용품/부자재,,스팃스,스팃스,,,,N,N,N,,,,http://shop1.phinf.naver.net/20170201_41/es84214_1485956504465vkjVv_JPEG/10300186126008143_-933781594.JPG,,,,Y,2017-02-01 22:43:13,2026-06-17 21:44:17,
,647454431,,스팃스 18칸 투명아크릴케이스 소품 악세사리 정리 보관함,스마트스토어,,,판매중,전시중,984212,6900,6900,,,N,N,N,,,,,1.0%,0,0,0,0,0,,,,오늘출발,"평일 16시00분까지 결제 완료된 주문

",기본 배송비 묶음그룹,조건부 무료,선결제,3000,3000,6000,N,Y,-,10999724191,,,,,,,가구/인테리어,수예,수예용품/부자재,,스팃스,스팃스,,,,N,N,N,,,,http://shop1.phinf.naver.net/20170430_99/es84214_1493554501884pc6Rk_JPEG/1.jpg,,,,Y,2017-02-01 22:20:17,2026-06-17 21:44:35,
,646528505,,스팃스 36 654 크로바 캡 재단가위 21cm 화이트,스마트스토어,,,판매중,전시중,23423,38000,38000,,,N,N,N,,,,,1.0%,0,0,0,0,0,,,,오늘출발,"평일 16시00분까지 결제 완료된 주문

",기본 배송비 묶음그룹,조건부 무료,선결제,3000,3000,6000,N,Y,-,10994674315,,,,,,,가구/인테리어,수예,수예용품/부자재,,,,,,,N,N,N,,,,http://shop1.phinf.naver.net/20240611_84/1718085888591teQPa_JPEG/119221731300980586_1986354476.jpg,,,,Y,2017-01-31 23:39:48,2026-06-17 21:44:53,
,646506695,,스팃스 57 968 크로바 미니 직조기 위빙룸,스마트스토어,,,판매중,전시중,324318,22000,22000,,,N,N,N,,,,,1.0%,0,0,0,0,0,,,,오늘출발,"평일 16시00분까지 결제 완료된 주문

",기본 배송비 묶음그룹,조건부 무료,선결제,3000,3000,6000,N,Y,-,10994656731,,,,,,,가구/인테리어,수예,수예용품/부자재,,크로바,크로바,,,,N,N,N,,,,https://shop-phinf.pstatic.net/20170131_161/es84214_1485870866785N1SIT_JPEG/1.jpg,,,,Y,2017-01-31 22:55:06,2026-06-17 21:45:11,
,646479211,,스팃스 DMC 바늘 십자수 바늘세트 26호,스마트스토어,,,판매중,전시중,34526,5500,5500,,,N,N,N,,,,,1.0%,0,0,0,0,0,,,,오늘출발,"평일 16시00분까지 결제 완료된 주문

",기본 배송비 묶음그룹,조건부 무료,선결제,3000,3000,6000,N,Y,-,10994631005,,,,,,,가구/인테리어,수예,자수,실/바늘,DMC,DMC,11194,,,N,N,N,,,,http://shop1.phinf.naver.net/20230908_21/1694149799597mr5Nk_JPEG/7357198056789060_906750988.jpg,,,,Y,2017-01-31 22:26:26,2026-06-17 21:45:28,
,646478187,,스팃스 DMC 바늘 십자수 바늘세트 24호,스마트스토어,,,판매중,전시중,34525,5500,5500,,,N,N,N,,,,,1.0%,0,0,0,0,0,,,,오늘출발,"평일 16시00분까지 결제 완료된 주문

",기본 배송비 묶음그룹,조건부 무료,선결제,3000,3000,6000,N,Y,-,10994630264,,,,,,,가구/인테리어,수예,자수,실/바늘,DMC,DMC,11194,,,N,N,N,,,,https://shop-phinf.pstatic.net/20230908_134/1694149836653PdXHD_JPEG/7357235107395114_671354356.jpg,,,,Y,2017-01-31 22:25:23,2026-06-17 21:45:46,
,646472406,,DMC 자수바늘세트 28호,스마트스토어,,,판매중지,전시중,534528,5500,5500,,,N,N,N,,,,,1.0%,0,0,0,0,0,,,,오늘출발,"평일 16시00분까지 결제 완료된 주문

",기본 배송비 묶음그룹,조건부 무료,선결제,2500,2500,5000,N,Y,-,10994624779,,,,,,,가구/인테리어,수예,자수,실/바늘,,,,,,N,N,N,,,,http://shop1.phinf.naver.net/20171227_62/es84214_1514341348102BEMmA_JPEG/37648541744393616_1592289707.jpg,,,,Y,2017-01-31 22:20:33,2021-05-06 09:47:41,
,646450956,,스팃스 DMC 바늘 십자수 바늘세트 22호,스마트스토어,,,판매중,전시중,23419,5500,5500,,,N,N,N,,,,,1.0%,0,0,0,0,0,,,,오늘출발,"평일 16시00분까지 결제 완료된 주문

",기본 배송비 묶음그룹,조건부 무료,선결제,3000,3000,6000,N,Y,-,10994602871,,,,,,,가구/인테리어,수예,자수,실/바늘,DMC,DMC,11194,,,N,N,N,,,,http://shop1.phinf.naver.net/20230908_215/1694149868016bL26f_JPEG/7357266474516075_978474700.jpg,,,,Y,2017-01-31 22:00:22,2026-06-17 21:46:04,
,646144831,,스팃스 22 744 크로바 미니 시침클립 50개입,스마트스토어,,,판매중,전시중,23424,33600,33600,,,N,N,N,,,,,1.0%,0,0,0,0,0,,,,오늘출발,"평일 16시00분까지 결제 완료된 주문

",기본 배송비 묶음그룹,조건부 무료,선결제,3000,3000,6000,N,Y,-,10994057036,,,,,,,가구/인테리어,수예,수예용품/부자재,,크로바,크로바,,,,N,N,N,,,,https://shop-phinf.pstatic.net/20170131_245/es84214_1485853500138yeoCk_JPEG/12.jpg,,,,Y,2017-01-31 18:07:13,2026-06-17 21:46:21,
,644351724,,베러핑크 1마 면100% 패브릭 원단 110x90cm,스마트스토어,,,판매중지,전시중,23422,4800,4800,,,N,N,N,,,,,1.0%,0,0,0,0,0,,,,오늘출발,"평일 16시00분까지 결제 완료된 주문

",기본 배송비 묶음그룹,조건부 무료,선결제,2500,2500,5000,N,Y,-,10986436251,,,,,,,가구/인테리어,수예,원단,,자체제작,자체브랜드,,,,N,N,N,,,,http://shop1.phinf.naver.net/20170128_63/es84214_1485592049754jXzO9_JPEG/9935025248104574_-843884706.JPG,,,,Y,2017-01-28 17:28:58,2026-02-10 15:40:49,
,644349668,,민트가든1마 북유럽스타일 패브릭 원단 110x90cm,스마트스토어,,,판매중지,전시중,23423,6500,6500,,,N,N,N,,,,,1.0%,0,0,0,0,0,,,,오늘출발,"평일 16시00분까지 결제 완료된 주문

",기본 배송비 묶음그룹,조건부 무료,선결제,2500,2500,5000,N,Y,-,10986430674,,,,,,,가구/인테리어,수예,원단,,자체제작,자체브랜드,,,,N,N,N,,,,http://shop1.phinf.naver.net/20170128_77/es84214_1485590532446hk2jd_JPEG/9934770244920534_-927658509.JPG,,,,Y,2017-01-28 17:03:19,2026-02-10 15:40:49,
,644348621,,멀티패턴1마 북유럽스타일 패브릭 원단 110x90cm,스마트스토어,,,판매중지,전시중,23423,6500,6500,,,N,N,N,,,,,1.0%,0,0,0,0,0,,,,오늘출발,"평일 16시00분까지 결제 완료된 주문

",기본 배송비 묶음그룹,조건부 무료,선결제,2500,2500,5000,N,Y,-,10986429597,,,,,,,가구/인테리어,수예,원단,,자체제작,자체브랜드,,,,N,N,N,,,,http://shop1.phinf.naver.net/20170128_115/es84214_1485589883885UTswz_JPEG/9933565544360767_-1603779103.JPG,,,,Y,2017-01-28 16:52:24,2026-02-10 15:40:49,
,644346168,,2색상/앵커 1마 북유럽 프린트 패브릭원단 110x90cm,스마트스토어,,,판매중지,전시중,89666,5600,5600,,,Y,N,N,,,,,1.0%,0,0,0,0,0,,,,오늘출발,"평일 16시00분까지 결제 완료된 주문

",기본 배송비 묶음그룹,조건부 무료,선결제,2500,2500,5000,N,Y,-,10986424487,,,,,,,가구/인테리어,수예,원단,,자체제작,자체브랜드,,,,N,N,N,,,,http://shop1.phinf.naver.net/20170128_229/es84214_1485588153441PX4qC_JPEG/9852985712728669_1990808445.JPG,,,,Y,2017-01-28 16:23:45,2026-02-10 15:40:49,
,644334675,,스팃스 완제품 꽃바구니 야생화 프랑스자수 커트지원단 패브릭액자,스마트스토어,,,판매중,전시중,23380,4700,4700,,,N,N,N,,,,,1.0%,0,0,0,0,0,,,,오늘출발,"평일 16시00분까지 결제 완료된 주문

",기본 배송비 묶음그룹,조건부 무료,선결제,3000,3000,6000,N,Y,-,10986383399,,,,,,,가구/인테리어,수예,원단,,스팃스,스팃스,,,,N,N,N,,,,http://shop1.phinf.naver.net/20180127_172/es84214_1517043136808TS5XO_JPEG/265692444676828_2085143528.jpg,,,,Y,2017-01-28 14:00:14,2026-06-17 21:46:38,
,643945807,,스팃스 미니들국화 야생화자수 완제품 프랑스자수커트지 인테리어소품,스마트스토어,,,판매중,전시중,234301,4700,4700,,,N,N,N,,,,,1.0%,0,0,0,0,0,,,,오늘출발,"평일 16시00분까지 결제 완료된 주문

",기본 배송비 묶음그룹,조건부 무료,선결제,3000,3000,6000,N,Y,-,10982601513,,,,,,,가구/인테리어,수예,자수,완제품,스팃스,스팃스,,,,N,N,N,,,,http://shop1.phinf.naver.net/20180127_105/es84214_1517042940035Svr6E_JPEG/265495633348087_1811210881.jpg,,,,Y,2017-01-27 22:50:43,2026-06-17 21:46:57,
,643933706,,스팃스 들국화 야생화자수 완제품 자수커트지 인테리어 패브릭액자,스마트스토어,,,판매중,전시중,2342400,4700,4700,,,N,N,N,,,,,1.0%,0,0,0,0,0,,,,오늘출발,"평일 16시00분까지 결제 완료된 주문

",기본 배송비 묶음그룹,조건부 무료,선결제,3000,3000,6000,N,Y,-,10982589674,,,,,,,가구/인테리어,수예,자수,완제품,스팃스,스팃스,,,,N,N,N,,,,http://shop1.phinf.naver.net/20180127_236/es84214_1517043004293lwftL_JPEG/265559932809424_-993366789.jpg,,,,Y,2017-01-27 22:30:01,2026-06-17 21:47:16,
,643923585,,스팃스 완제품 자수 커트지 패랭이꽃 프랑스자수 인테리어용,스마트스토어,,,판매중,전시중,23412,5200,5200,,,N,N,N,,,,,1.0%,0,0,0,0,0,,,,오늘출발,"평일 16시00분까지 결제 완료된 주문

",기본 배송비 묶음그룹,조건부 무료,선결제,3000,3000,6000,N,Y,-,10982579737,,,,,,,가구/인테리어,수예,원단,,스팃스,스팃스,,,,N,N,N,,,,http://shop1.phinf.naver.net/20170127_20/es84214_1485521744997j5J3A_JPEG/9866637511034591_-1848409465.JPG,,,,Y,2017-01-27 22:11:19,2026-02-20 12:56:04,
,642291370,,스팃스 11종 대폭 워싱 무지린넨 1마 140x90cm,스마트스토어,,,판매중,전시중,99731,10500,10500,,,Y,N,N,,,,,1.0%,0,0,0,0,0,,,,오늘출발,"평일 16시00분까지 결제 완료된 주문

",기본 배송비 묶음그룹,조건부 무료,선결제,3000,3000,6000,N,Y,-,10972092995,,,,,,,가구/인테리어,수예,원단,,스팃스,스팃스,,,,N,N,N,,,,http://shop1.phinf.naver.net/20170125_74/es84214_1485332609922cwzS6_JPEG/234.jpg,,,2017-01-25 17:35:18,Y,2017-01-25 17:34:32,2026-06-17 21:47:50,
,641516565,,스팃스 린넨원단 1/8마 x 11종패키지 린넨원단패키지 자수원단 프랑스자수원단,스마트스토어,,,판매중,전시중,2342195,17800,17800,,,N,N,N,,,,,1.0%,0,0,0,0,0,,,,오늘출발,"평일 16시00분까지 결제 완료된 주문

",기본 배송비 묶음그룹,조건부 무료,선결제,3000,3000,6000,N,Y,-,10967027988,,,,,,,가구/인테리어,수예,원단,,스팃스,스팃스,,,,N,N,N,,,,http://shop1.phinf.naver.net/20200514_183/1589432744948Ehsyc_JPEG/26794287570843921_1072412698.jpg,,,,Y,2017-01-24 19:16:31,2026-06-17 21:48:09,
,641362482,,스팃스 린지플라워 그린 1마 면100% 110x90cm 패브릭 원단,스마트스토어,,,판매중,전시중,234324,6800,6800,,,N,N,N,,,,,1.0%,0,0,0,0,0,,,,오늘출발,"평일 16시00분까지 결제 완료된 주문

",기본 배송비 묶음그룹,조건부 무료,선결제,3000,3000,6000,N,Y,-,10966453372,,,,,,,가구/인테리어,수예,원단,,스팃스,스팃스,,,,N,N,N,,,,http://shop1.phinf.naver.net/20170124_172/es84214_1485243356988rXwgv_JPEG/9508189250155197_1849234142.jpg,,,,Y,2017-01-24 16:36:45,2026-06-17 21:48:29,
,641247965,,스팃스 린지플라워 핑크 1마 면100% 110x90cm 패브릭 원단,스마트스토어,,,판매중,전시중,23422,6800,6800,,,N,N,N,,,,,1.0%,0,0,0,0,0,,,,오늘출발,"평일 16시00분까지 결제 완료된 주문

",기본 배송비 묶음그룹,조건부 무료,선결제,3000,3000,6000,N,Y,-,10966253161,,,,,,,가구/인테리어,수예,원단,,스팃스,스팃스,,,,N,N,N,,,,http://shop1.phinf.naver.net/20170124_85/es84214_1485243677780EaXGz_JPEG/9508466322060554_342942476.jpg,,,,Y,2017-01-24 15:34:35,2026-06-17 21:48:48,
,640797654,,스팃스 린지플라워 블루 1마 면100% 110x90cm패브릭 원단,스마트스토어,린지플라워(블루) 1마 110x90 패브릭 원단,,품절,전시중,0,6800,6800,,,N,N,N,,,,,1.0%,0,0,0,0,0,,,,오늘출발,"평일 16시00분까지 결제 완료된 주문

",기본 배송비 묶음그룹,조건부 무료,선결제,3000,3000,6000,N,Y,-,10962836349,,,,,,,가구/인테리어,수예,원단,,스팃스,스팃스,,,,N,N,N,,,,https://shop-phinf.pstatic.net/20170123_159/es84214_1485175686111F15EA_JPEG/12345.jpg,,,,Y,2017-01-23 22:15:07,2026-04-20 11:57:13,
,640767263,,스팃스 로즈가든 1마 110x90cm 패브릭 원단,스마트스토어,,,판매중,전시중,103595,6800,6800,,,Y,N,N,,,,,1.0%,0,0,0,0,0,,,,오늘출발,"평일 16시00분까지 결제 완료된 주문

",기본 배송비 묶음그룹,조건부 무료,선결제,3000,3000,6000,N,Y,-,10962806475,,,,,,,가구/인테리어,수예,원단,,스팃스,스팃스,,,,N,N,N,,,,http://shop1.phinf.naver.net/20170123_127/es84214_14851744295274AgT8_JPEG/9518111179888674_93531835.jpg,,,,Y,2017-01-23 21:28:59,2026-06-17 21:49:06,
,640510641,,스팃스 마가렛 1마 면100% 20수 원단,스마트스토어,,,판매중,전시중,93776,5600,5600,,,Y,N,N,,,,,1.0%,0,0,0,0,0,,,,오늘출발,"평일 16시00분까지 결제 완료된 주문

",기본 배송비 묶음그룹,조건부 무료,선결제,3000,3000,6000,N,Y,-,10962076218,,,,,,,가구/인테리어,수예,원단,,스팃스,스팃스,,,,N,N,N,,,,http://shop1.phinf.naver.net/20170123_294/es84214_1485159500305PzgKW_JPEG/9424279639409918_-599285168.JPG,,,,Y,2017-01-23 17:30:16,2026-06-17 21:49:25,
,640088774,,스팃스 면사 자수실 447색 풀세트 프랑스자수실 십자수실 실번호 포함 DIY,스마트스토어,,,판매중,전시중,264424,60000,60000,,,N,Y,N,,,,,1.0%,0,0,0,0,0,,,,오늘출발,"평일 16시00분까지 결제 완료된 주문

",기본 배송비 묶음그룹,조건부 무료,선결제,3000,3000,6000,N,Y,-,10959425109,,,,,,,가구/인테리어,수예,자수,실/바늘,스팃스,스팃스,,,,N,N,N,,,,https://shop-phinf.pstatic.net/20160827_96/es84214_1472307779788FqIlW_JPEG/1953233246983812_-710180085.jpg,,,,Y,2017-01-22 18:21:21,2026-06-17 21:49:45,
,639790525,,스팃스 트라이앵글 북유럽스타일원단 1마 110x90 홈 패브릭,스마트스토어,,,판매중,전시중,23423,6800,6800,,,N,N,N,,,,,1.0%,0,0,0,0,0,,,,오늘출발,"평일 16시00분까지 결제 완료된 주문

",기본 배송비 묶음그룹,조건부 무료,선결제,3000,3000,6000,N,Y,-,10953625059,,,,,,,가구/인테리어,수예,원단,,스팃스,스팃스,,,,N,N,N,,,,http://shop1.phinf.naver.net/20170120_53/es84214_14849208519969FsnD_JPEG/9264533657286913_-485287781.JPG,,,,Y,2017-01-20 23:02:31,2026-06-17 21:50:03,
,639785033,,스팃스 이프 1마 면100% 20수 홈패브릭 원단,스마트스토어,,,판매중,전시중,23424,5600,5600,,,N,N,N,,,,,1.0%,0,0,0,0,0,,,,오늘출발,"평일 16시00분까지 결제 완료된 주문

",기본 배송비 묶음그룹,조건부 무료,선결제,3000,3000,6000,N,Y,-,10953619575,,,,,,,가구/인테리어,수예,원단,,스팃스,스팃스,,,,N,N,N,,,,http://shop1.phinf.naver.net/20170307_247/es84214_1488850568596bfLdN_JPEG/M.jpg,,,,Y,2017-01-20 22:31:39,2026-06-17 21:50:23,
,638778811,,스팃스 57 504 크로바 일본 로터리커터 리필 28mm olfa 호환,스마트스토어,,,판매중,전시중,234227,5100,5100,,,N,N,N,,,,,1.0%,0,0,0,0,0,,,,오늘출발,"평일 16시00분까지 결제 완료된 주문

",기본 배송비 묶음그룹,조건부 무료,선결제,3000,3000,6000,N,Y,-,10951277927,,,,,,,생활/건강,문구/사무용품,문구용품,사무용칼,크로바,크로바,,,,N,N,N,,,,https://shop-phinf.pstatic.net/20170120_245/es84214_1484881458762tKfRo_JPEG/9226351248889721_-54844538.jpg,,,,Y,2017-01-20 12:05:31,2026-06-17 21:50:43,
,638702652,,스팃스 57 503 크로바 일본 로터리커터 리필 45mm olfa 호환,스마트스토어,,,판매중,전시중,234191,6100,6100,,,N,N,N,,,,,1.0%,0,0,0,0,0,,,,오늘출발,"평일 16시00분까지 결제 완료된 주문

",기본 배송비 묶음그룹,조건부 무료,선결제,3000,3000,6000,N,Y,-,10951165826,,,,,,,가구/인테리어,수예,수예용품/부자재,,크로바,크로바,,,,N,N,N,,,,https://shop-phinf.pstatic.net/20170120_70/es84214_1484879946856JwYKF_JPEG/9224839366272345_-260321244.jpg,,,,Y,2017-01-20 11:40:27,2026-06-17 21:51:04,
,636901748,,스팃스 13 213 크로바 니들콤팩트(화이트) 휴대용바늘보관함,스마트스토어,,,판매중,전시중,234229,11000,11000,,,N,N,N,,,,,1.0%,0,0,0,0,0,,,,오늘출발,"평일 16시00분까지 결제 완료된 주문

",기본 배송비 묶음그룹,조건부 무료,선결제,3000,3000,6000,N,Y,-,10946411434,,,,,,,가구/인테리어,수예,자수,실/바늘,크로바,크로바,,,,N,N,N,,,,https://shop-phinf.pstatic.net/20170119_292/es84214_1484815613796vsMJa_JPEG/9159295453910035_-767222036.jpg,,,,Y,2017-01-19 17:48:24,2026-06-17 21:51:25,
,636820345,,clover 크로바 니들콤팩트(레드) 휴대용바늘보관함,스마트스토어,,,판매중지,전시중,2342341,11000,11000,,,N,N,N,,,,,1.0%,0,0,0,0,0,,,,오늘출발,"평일 16시00분까지 결제 완료된 주문

",기본 배송비 묶음그룹,조건부 무료,선결제,3000,3000,6000,N,Y,-,10946292082,,,,,,,가구/인테리어,수예,수예용품/부자재,,,,,,,N,N,N,,,,http://shop1.phinf.naver.net/20170119_244/es84214_1484814233702oJfQw_JPEG/9079065972696516_-103930378.jpg,,,,Y,2017-01-19 17:26:14,2025-10-16 15:39:00,
,636264637,,스팃스 사각 티코스터 아이보리 핸드메이드 코바늘 뜨개도일리,스마트스토어,,,판매중,전시중,234332,3200,3200,,,N,N,N,,,,,1.0%,0,0,0,0,0,,,,오늘출발,"평일 16시00분까지 결제 완료된 주문

",기본 배송비 묶음그룹,조건부 무료,선결제,3000,3000,6000,N,Y,-,12588989761,,,,,,,가구/인테리어,수예,뜨개질,완제품,스팃스,스팃스,,,,N,N,N,,,,http://shop1.phinf.naver.net/20170118_22/es84214_1484704737300c9fB6_JPEG/9047712782082631_230555882.JPG,,,,Y,2017-01-18 11:00:28,2026-06-17 21:51:45,
,636260265,,사각 티코스터(화이트)핸드메이드 코바늘 뜨개도일리,스마트스토어,,,판매중지,전시중,23422,3200,3200,,,N,N,N,,,,,1.0%,0,0,0,0,0,,,,오늘출발,"평일 16시00분까지 결제 완료된 주문

",기본 배송비 묶음그룹,조건부 무료,선결제,3000,3000,6000,N,Y,-,10941325524,,,,,,,가구/인테리어,수예,뜨개질,완제품,자체제작,자체브랜드,,,,N,N,N,,,,http://shop1.phinf.naver.net/20170118_255/es84214_1484703932377YSiAH_JPEG/9048824886622176_-1582122445.JPG,,,,Y,2017-01-18 10:46:20,2026-02-10 15:40:49,
,636183088,,스팃스 마이스위트홈 패브릭 원단 커트지 110 x 80cm,스마트스토어,,,판매중,전시중,234233,9600,9600,,,N,N,N,,,,,1.0%,0,0,0,0,0,,,,오늘출발,"평일 16시00분까지 결제 완료된 주문

",기본 배송비 묶음그룹,조건부 무료,선결제,3000,3000,6000,N,Y,-,11725756176,,,,,,,가구/인테리어,수예,원단,,스팃스,스팃스,,,,N,N,N,,,,http://shop1.phinf.naver.net/20170117_240/es84214_1484657784478G0yQz_JPEG/8922608833612765_-698213449.jpg,,,,Y,2017-01-17 22:04:15,2026-06-17 21:52:04,
,635479653,,스팃스 skc 타원형 플라스틱 컬러 자수틀 L 11.4x22.8cm,스마트스토어,,,판매중,전시중,23424,8500,8500,,,N,N,N,,,,,1.0%,0,0,0,0,0,,,,오늘출발,"평일 16시00분까지 결제 완료된 주문

",기본 배송비 묶음그룹,조건부 무료,선결제,3000,3000,6000,N,Y,-,10934908468,,,,,,,가구/인테리어,수예,수예용품/부자재,,,,,,,N,N,N,,,,http://shop1.phinf.naver.net/20170603_6/es84214_14964717003794WlAH_JPEG/19778880019711807_111403045.JPG,,,,Y,2017-01-16 22:39:49,2026-06-17 21:52:24,
,635476869,,스팃스 skc 타원형 플라스틱 컬러 자수틀 S 7.6x15.2,스마트스토어,,,판매중,전시중,2342341,6500,6500,,,N,N,N,,,,,1.0%,0,0,0,0,0,,,,오늘출발,"평일 16시00분까지 결제 완료된 주문

",기본 배송비 묶음그룹,조건부 무료,선결제,3000,3000,6000,N,Y,-,10934905752,,,,,,,가구/인테리어,수예,수예용품/부자재,,,,,,,N,N,N,,,,http://shop1.phinf.naver.net/20170603_291/es84214_149647180175850FwE_JPEG/19778981400543451_1868474789.JPG,,,,Y,2017-01-16 22:26:26,2026-06-17 21:52:45,
,634476879,,100% 울사 자수실 54색 프랑스자수 실세트,스마트스토어,100% 울사 자수실 54색 프랑스자수 실세트,,판매중지,전시중,2343231,73000,73000,,,N,N,N,,,,,1.0%,0,0,0,0,0,,,,오늘출발,"평일 16시00분까지 결제 완료된 주문

",기본 배송비 묶음그룹,조건부 무료,선결제,3000,3000,6000,N,Y,-,10930730010,,,,,,,가구/인테리어,수예,자수,실/바늘,자체제작,자체브랜드,,,,N,N,N,,,,https://shop-phinf.pstatic.net/20170115_174/es84214_1484474977260HuXdt_JPEG/8739765805785567_-1353430934.jpg,,,,Y,2017-01-15 19:11:25,2026-02-13 19:22:10,
,632231642,,스팃스 레드계열 핸드메이드 뜨개 도일리 티코스터 10cm,스마트스토어,,,판매중,전시중,115978,2000,2000,,,Y,N,N,,,,,1.0%,0,0,0,0,0,,,,오늘출발,"평일 16시00분까지 결제 완료된 주문

",기본 배송비 묶음그룹,조건부 무료,선결제,3000,3000,6000,N,Y,-,10926883885,,,,,,,가구/인테리어,수예,뜨개질,완제품,스팃스,스팃스,,,,N,N,N,,,,http://shop1.phinf.naver.net/20170426_170/es84214_1493173332716p0lKu_JPEG/17516308208003925_-661141298.jpg,,,,Y,2017-01-14 16:56:39,2026-06-17 21:53:04,
,632206310,,스팃스 베이지계열 핸드메이드 뜨개 도일리 티코스터 10cm,스마트스토어,,,판매중,전시중,981810,2000,2000,,,Y,N,N,,,,,1.0%,0,0,0,0,0,,,,오늘출발,"평일 16시00분까지 결제 완료된 주문

",기본 배송비 묶음그룹,조건부 무료,선결제,3000,3000,6000,N,Y,-,10926859376,,,,,,,가구/인테리어,수예,뜨개질,완제품,스팃스,스팃스,,,,N,N,N,,,,http://shop1.phinf.naver.net/20170426_269/es84214_149317339628192YTk_JPEG/17516371766141104_-767311261.jpg,,,,Y,2017-01-14 16:23:45,2026-06-17 21:53:24,
,632186914,,스팃스 빈티지 엔틱 가위 퀼트 미니가위 프랑스자수 diy 부자재,스마트스토어,,,판매중,전시중,34227,11000,11000,,,N,N,N,,,,,1.0%,0,0,0,0,0,,,,오늘출발,"평일 16시00분까지 결제 완료된 주문

",기본 배송비 묶음그룹,조건부 무료,선결제,3000,3000,6000,N,Y,-,10926840315,,,,,,,가구/인테리어,수예,수예용품/부자재,,스팃스,스팃스,,,,N,N,N,,,,http://shop1.phinf.naver.net/20260224_254/1771917833959aEjYt_PNG/106050681034337889_439189395.png,,,,Y,2017-01-14 15:46:26,2026-06-17 21:53:46,
,622455971,,스팃스 엔틱블랙 15x15cm 20종 패치워크 패브릭 원단패키지,스마트스토어,,,판매중,전시중,32417,4500,4500,,,N,N,N,,,,,1.0%,0,0,0,0,0,,,,오늘출발,"평일 16시00분까지 결제 완료된 주문

",기본 배송비 묶음그룹,조건부 무료,선결제,3000,3000,6000,N,Y,-,10906795637,,,,,,,가구/인테리어,수예,원단,,스팃스,스팃스,,,,N,N,N,,,,http://shop1.phinf.naver.net/20170510_9/es84214_1494407534379St0Mw_JPEG/18672366643704744_1694804722.JPG,,,,Y,2017-01-12 12:14:50,2026-02-20 12:56:04,
,622395679,,스팃스 엔틱그린 15x15cm 20종 패치워크 패브릭 원단패키지,스마트스토어,,,판매중,전시중,234228,4500,4500,,,N,N,N,,,,,1.0%,0,0,0,0,0,,,,오늘출발,"평일 16시00분까지 결제 완료된 주문

",기본 배송비 묶음그룹,조건부 무료,선결제,3000,3000,6000,N,Y,-,11212640956,,,,,,,가구/인테리어,수예,원단,,스팃스,스팃스,,,,N,N,N,,,,http://shop1.phinf.naver.net/20170331_148/es84214_14909552417704QYNC_JPEG/15220066124977552_183979137.JPG,,,,Y,2017-01-12 12:06:44,2026-02-20 12:56:04,
,618137160,,스팃스 skc 가죽 골무 바느질 수예용품 부자재,스마트스토어,,,판매중,전시중,96481,4000,4000,,,Y,N,N,,,,,1.0%,0,0,0,0,0,,,,오늘출발,"평일 16시00분까지 결제 완료된 주문

",기본 배송비 묶음그룹,조건부 무료,선결제,3000,3000,6000,N,Y,-,10892654374,,,,,,,가구/인테리어,수예,수예용품/부자재,,,,,,,N,N,N,,,,http://shop1.phinf.naver.net/20230307_271/167815576296677Y8I_JPEG/79291651675681507_1798386118.jpg,,,,Y,2017-01-10 12:16:01,2026-06-17 21:54:46,
,618101778,,매직캔버스(블루) 물에 녹는 수용성 원단 프랑스자수 부자재,스마트스토어,,,판매중지,전시중,345513,3500,3500,,,N,N,N,,,,,1.0%,0,0,0,0,0,,,,오늘출발,"평일 16시00분까지 결제 완료된 주문

",기본 배송비 묶음그룹,조건부 무료,선결제,2500,2500,5000,N,Y,-,10892520262,,,,,,,가구/인테리어,수예,수예용품/부자재,,자체제작,자체브랜드,,,,N,N,N,,,,http://shop1.phinf.naver.net/20170110_250/es84214_1484013614311nqTRv_JPEG/8278393642788233_-1312504862.JPG,,,,Y,2017-01-10 11:05:03,2026-02-10 15:40:49,
,608279937,,일본 크로바 clover 수틀 프랑스자수도안 세트,스마트스토어,,,판매중지,전시중,324432,19500,19500,,,N,N,N,,,,,1.0%,0,0,0,0,0,,,,오늘출발,"평일 16시00분까지 결제 완료된 주문

",기본 배송비 묶음그룹,조건부 무료,선결제,3000,3000,6000,N,Y,-,10853272011,,,,,,,가구/인테리어,수예,자수,패키지,자체제작,자체브랜드,,,,N,N,N,,,,http://shop1.phinf.naver.net/20170101_112/es84214_1483265324674Hpxb8_JPEG/7530113227712137_-687590738.jpg,,,,Y,2017-01-01 19:09:44,2026-02-10 15:40:49,
,606440533,,스프링 1/8마x4종 홈 패브릭 원단패키지,스마트스토어,,,판매중지,전시중,23423,5800,5800,,,N,N,N,,,,,1.0%,0,0,0,0,0,,,,오늘출발,"평일 16시00분까지 결제 완료된 주문

",기본 배송비 묶음그룹,조건부 무료,선결제,2500,2500,5000,N,Y,-,10843142524,,,,,,,가구/인테리어,수예,원단,,자체제작,자체브랜드,,,,N,N,N,,,,http://shop1.phinf.naver.net/20161229_68/es84214_1483003247126QuYYv_JPEG/123.jpg,,,,Y,2016-12-29 18:23:41,2026-02-10 15:40:49,
,606379209,,스팃스 심플코튼 1/8마x24종 면100% 패브릭 원단패키지,스마트스토어,,,판매중,전시중,432434,24000,24000,,,N,N,N,,,,,1.0%,0,0,0,0,0,,,,오늘출발,"평일 16시00분까지 결제 완료된 주문

",기본 배송비 묶음그룹,조건부 무료,선결제,3000,3000,6000,N,Y,-,10842913403,,,,,,,가구/인테리어,수예,원단,,스팃스,스팃스,,,,N,N,N,,,,http://shop1.phinf.naver.net/20161229_155/es84214_14829997425794zuY4_JPEG/7264531130536859_1466430039.jpg,,,,Y,2016-12-29 17:23:58,2026-06-17 21:55:38,
,604610922,,스팃스 무지코튼 오렌지 1/8마x5종 면100% 패브릭 원단패키지,스마트스토어,무지코튼(오렌지) 1/8마x5종 면100% 패브릭 원단패키지,,판매중,전시중,23414,7800,7800,,,N,N,N,,,,,1.0%,0,0,0,0,0,,,,오늘출발,"평일 16시00분까지 결제 완료된 주문

",기본 배송비 묶음그룹,조건부 무료,선결제,3000,3000,6000,N,Y,-,10835264462,,,,,,,가구/인테리어,수예,원단,,스팃스,스팃스,,,,N,N,N,,,,https://shop-phinf.pstatic.net/20161227_86/es84214_1482833216261v8z2d_JPEG/7176897911730267_-1506403431.jpg,,,,Y,2016-12-27 19:08:29,2026-06-17 21:55:58,
,604589040,,스팃스 무지코튼 블루 1/8마x6종 면100% 패브릭 원단패키지,스마트스토어,,,판매중,전시중,23407,7800,7800,,,N,N,N,,,,,1.0%,0,0,0,0,0,,,,오늘출발,"평일 16시00분까지 결제 완료된 주문

",기본 배송비 묶음그룹,조건부 무료,선결제,3000,3000,6000,N,Y,-,10835215727,,,,,,,가구/인테리어,수예,원단,,스팃스,스팃스,,,,N,N,N,,,,http://shop1.phinf.naver.net/20161227_61/es84214_1482832430843N0z1G_JPEG/7097255198251232_-501610838.jpg,,,,Y,2016-12-27 18:55:59,2026-06-17 21:56:19,
,604575586,,스팃스 무지코튼 화이트브라운 1/8마x7종 면100% 원단패키지,스마트스토어,,,판매중,전시중,3554095,8900,8900,,,N,N,N,,,,,1.0%,0,0,0,0,0,,,,오늘출발,"평일 16시00분까지 결제 완료된 주문

",기본 배송비 묶음그룹,조건부 무료,선결제,3000,3000,6000,N,Y,-,10835168716,,,,,,,가구/인테리어,수예,수예용품/부자재,,스팃스,스팃스,,,,N,N,N,,,,http://shop1.phinf.naver.net/20161227_72/es84214_1482831769928RDAc6_JPEG/7096558481060568_-91623449.jpg,,,,Y,2016-12-27 18:49:08,2026-06-17 21:56:41,
,604456454,,칸타타플라워 1/8마x3종 면100% 원단패키지,스마트스토어,,,판매중지,전시중,1,3200,3200,,,N,N,N,,,,,1.0%,0,0,0,0,0,,,,오늘출발,"평일 16시00분까지 결제 완료된 주문

",기본 배송비 묶음그룹,조건부 무료,선결제,3000,3000,6000,N,Y,-,10834878794,,,,,,,가구/인테리어,수예,원단,,자체제작,자체브랜드,,,,N,N,N,,,,http://shop1.phinf.naver.net/20161227_115/es84214_1482828500846Cep9r_JPEG/2.jpg,,,,Y,2016-12-27 17:49:19,2026-02-13 19:23:21,
,600525917,,스팃스 36 191 일본 크로바 재단가위 24cm 블랙,스마트스토어,,,판매중,전시중,7753,53000,53000,,,N,N,N,,,,,1.0%,0,0,0,0,0,,,,오늘출발,"평일 16시00분까지 결제 완료된 주문

",기본 배송비 묶음그룹,조건부 무료,선결제,3000,3000,6000,N,Y,-,10819102087,,,,,,,가구/인테리어,수예,수예용품/부자재,,크로바,크로바,270,,,N,N,N,,,,https://shop-phinf.pstatic.net/20230209_59/1675909939552LlOxJ_JPEG/77045828263752827_1560606740.jpg,,,,Y,2016-12-23 15:13:18,2026-06-17 21:57:02,
,600021789,,스팃스 61 424 크로바 수틀&자수도안 패키지 스카이,스마트스토어,,,판매중,전시중,234244,20800,20800,,,N,N,N,,,,,1.0%,0,0,0,0,0,,,,오늘출발,"평일 16시00분까지 결제 완료된 주문

",기본 배송비 묶음그룹,조건부 무료,선결제,3000,3000,6000,N,Y,-,10815324741,,,,,,,가구/인테리어,수예,자수,패키지,크로바,크로바,,,,N,N,N,,,,https://shop-phinf.pstatic.net/20161222_106/es84214_1482398676678dwIVw_JPEG/6663456011074735_-1931909381.jpg,,,,Y,2016-12-22 18:28:13,2026-06-17 21:57:24,
,599636424,,에리카그린 3종(45x35cm) 린넨 코튼 원단패키지,스마트스토어,,,판매중지,전시중,234232,5400,5400,,,N,N,N,,,,,1.0%,0,0,0,0,0,,,,오늘출발,"평일 16시00분까지 결제 완료된 주문

",기본 배송비 묶음그룹,조건부 무료,선결제,2500,2500,5000,N,Y,-,10812091176,,,,,,,가구/인테리어,수예,원단,,자체제작,자체브랜드,,,,N,N,N,,,,http://shop1.phinf.naver.net/20161222_173/es84214_1482370162827MG4lP_JPEG/6634932189584916_1858917662.jpg,,,,Y,2016-12-22 10:30:10,2026-02-10 15:40:49,
,598622373,,일본 크로바 clover 자수바늘 실꿰기포함 (7-10)호,스마트스토어,,,판매중지,전시중,23429,5200,5200,,,N,N,N,,,,,1.0%,0,0,0,0,0,,,,오늘출발,"평일 16시00분까지 결제 완료된 주문

",기본 배송비 묶음그룹,조건부 무료,선결제,2500,2500,5000,N,Y,-,10810525377,,,,,,,가구/인테리어,수예,수예용품/부자재,,,,,,,N,N,N,,,,http://shop1.phinf.naver.net/20161221_142/es84214_1482306856138V9G3J_JPEG/6651748652945695_1555933185.jpg,,,,Y,2016-12-21 16:55:20,2020-05-12 16:07:05,
,598433491,,스팃스 DMC 번호호환 투명 번호스티커 번호표 ,스마트스토어,,,판매중,전시중,23219,1200,1200,,,N,N,N,,,,,1.0%,0,0,0,0,0,,,,오늘출발,"평일 16시00분까지 결제 완료된 주문

",기본 배송비 묶음그룹,조건부 무료,선결제,3000,3000,6000,N,Y,-,10809676310,,,,,,,가구/인테리어,수예,수예용품/부자재,,스팃스,스팃스,,,,N,N,N,,,,http://shop1.phinf.naver.net/20170908_212/es84214_1504837061375uwCcz_JPEG/28144255016381418_1463999667.JPG,,,,Y,2016-12-21 10:48:42,2026-02-20 12:56:04,
,587942154,,에리카브라운 3종(45x35cm) 린넨 코튼 원단패키지,스마트스토어,,,판매중지,전시중,2342341,5400,5400,,,N,N,N,,,,,1.0%,0,0,0,0,0,,,,오늘출발,"평일 16시00분까지 결제 완료된 주문

",기본 배송비 묶음그룹,조건부 무료,선결제,2500,2500,5000,N,Y,-,10782532208,,,,,,,가구/인테리어,수예,원단,,자체제작,자체브랜드,,,,N,N,N,,,,http://shop1.phinf.naver.net/20161215_64/es84214_1481787177730UyYtT_JPEG/6052010000225816_-1170796937.jpg,,,,Y,2016-12-15 16:33:58,2026-02-10 15:40:49,
,587902837,,에리카블루 3종(45x35cm) 린넨 코튼 원단패키지,스마트스토어,,,품절,전시중,0,5400,5400,,,N,N,N,,,,,1.0%,0,0,0,0,0,,,,오늘출발,"평일 16시00분까지 결제 완료된 주문

",기본 배송비 묶음그룹,조건부 무료,선결제,2500,2500,5000,N,Y,-,10782459996,,,,,,,가구/인테리어,수예,원단,,자체제작,자체브랜드,,,,N,N,N,,,,http://shop1.phinf.naver.net/20161215_294/es84214_14817864373628xqWW_JPEG/6051261719446512_-1860241061.jpg,,,,Y,2016-12-15 16:21:33,2026-02-10 15:40:49,
,587876371,,스팃스 에리카핑크 3종 45x35cm 린넨 코튼 원단패키지,스마트스토어,,,판매중,전시중,23441,5400,5400,,,N,N,N,,,,,1.0%,0,0,0,0,0,,,,오늘출발,"평일 16시00분까지 결제 완료된 주문

",기본 배송비 묶음그룹,조건부 무료,선결제,3000,3000,6000,N,Y,-,10782417640,,,,,,,가구/인테리어,수예,원단,,스팃스,스팃스,,,,N,N,N,,,,http://shop1.phinf.naver.net/20161215_113/es84214_14817858571189ENSx_JPEG/6129538778034719_-1941875039.jpg,,,,Y,2016-12-15 16:14:34,2026-06-17 21:58:06,
,585135651,,스팃스 8사이즈 독일 원목 원형수틀 프랑스자수 자수틀,스마트스토어,,,판매중,전시중,28325360,6000,6000,,,Y,N,N,,,,,1.0%,0,0,0,0,0,,,,오늘출발,"평일 16시00분까지 결제 완료된 주문

",기본 배송비 묶음그룹,조건부 무료,선결제,3000,3000,6000,N,Y,-,10771515513,,,,,,,가구/인테리어,수예,수예용품/부자재,,스팃스,스팃스,,,,N,N,N,,,,https://shop-phinf.pstatic.net/20170110_297/es84214_14840090978675HE1r_JPEG/8273930137631057_1377201625.JPG,,,,Y,2016-12-13 11:13:00,2026-06-17 21:58:28,
,584998775,,스팃스 레트로 비즈 팔찌 만들기 세트 DIY 키트 부자재 포함 어린이 취미,스마트스토어,,,판매중,전시중,3434324,9900,9900,,,N,N,N,,,,,1.0%,0,0,0,0,0,,,,오늘출발,"평일 16시00분까지 결제 완료된 주문

",기본 배송비 묶음그룹,조건부 무료,선결제,3000,3000,6000,N,Y,-,10769271900,,,,,,,출산/육아,교구,학습교구,미술교구,스팃스,스팃스,,,,N,N,N,,,,http://shop1.phinf.naver.net/20161212_83/es84214_1481553398045Y16ST_JPEG/5898290561158322_2022028172.jpg,,,,Y,2016-12-12 23:37:45,2026-06-17 21:58:51,
,584997594,,스팃스 동그라미 비즈 팔찌 만들기 세트 DIY 키트 부자재 포함 어린이 취미,스마트스토어,,,판매중,전시중,34316,9900,9900,,,N,N,N,,,,,1.0%,0,0,0,0,0,,,,오늘출발,"평일 16시00분까지 결제 완료된 주문

",기본 배송비 묶음그룹,조건부 무료,선결제,3000,3000,6000,N,Y,-,10769270653,,,,,,,출산/육아,교구,학습교구,미술교구,스팃스,스팃스,,,,N,N,N,,,,http://shop1.phinf.naver.net/20161212_207/es84214_1481552845150Ua2d3_JPEG/5817624488452806_-614551956.jpg,,,,Y,2016-12-12 23:28:34,2026-06-17 21:59:14,
,574989987,,스팃스 캔디 비즈 팔찌 만들기 세트 DIY 키트 부자재 포함 어린이 취미,스마트스토어,,,판매중,전시중,23422,9900,9900,,,N,N,N,,,,,1.0%,0,0,0,0,0,,,,오늘출발,"평일 16시00분까지 결제 완료된 주문

",기본 배송비 묶음그룹,조건부 무료,선결제,3000,3000,6000,N,Y,-,10746562875,,,,,,,출산/육아,교구,학습교구,미술교구,스팃스,스팃스,,,,N,N,N,,,,http://shop1.phinf.naver.net/20161208_281/es84214_148116381256199cbv_JPEG/5507494217410619_2109696133.jpg,,,,Y,2016-12-08 11:27:31,2026-06-17 21:59:36,
,574977504,,스팃스 자석 바늘홀더 바늘보관함 4cm 색상랜덤 바늘방석 자석바늘보관,스마트스토어,,,판매중,전시중,32302,1800,1800,,,N,N,N,,,,,1.0%,0,0,0,0,0,,,,오늘출발,"평일 16시00분까지 결제 완료된 주문

",기본 배송비 묶음그룹,조건부 무료,선결제,3000,3000,6000,N,Y,-,10746531454,,,,,,,가구/인테리어,수예,수예용품/부자재,,스팃스,스팃스,,,,N,N,N,,,,http://shop1.phinf.naver.net/20161208_242/es84214_1481163560817vVDqE_JPEG/5428385171856419_-669174204.jpg,,,,Y,2016-12-08 11:19:27,2026-06-17 21:59:59,
,572695477,,프랑스자수 원단용 먹지 (트레이싱 페이퍼),스마트스토어,,,판매중지,전시중,2423513,2900,2900,,,N,N,N,,,,,1.0%,0,0,0,0,0,,,,오늘출발,"평일 16시00분까지 결제 완료된 주문

",기본 배송비 묶음그룹,조건부 무료,선결제,3000,3000,6000,N,Y,-,10732744158,,,,,,,가구/인테리어,수예,수예용품/부자재,,자체제작,자체브랜드,,,,N,N,N,,,,http://shop1.phinf.naver.net/20161205_275/es84214_1480925187141lbXrR_JPEG/2123213.jpg,,,,Y,2016-12-05 17:07:13,2026-02-10 15:40:49,
,572686670,,57-039 clover 일본 크로바 프랑스자수 바늘세트(3-9호),스마트스토어,,,판매중,전시중,99998,5400,5400,,,N,N,N,,,,,1.0%,0,0,0,0,0,,,,오늘출발,"평일 16시00분까지 결제 완료된 주문

",기본 배송비 묶음그룹,조건부 무료,선결제,3000,3000,6000,N,Y,-,10732728779,,,,,,,가구/인테리어,수예,자수,실/바늘,,,,,,N,N,N,,,,http://shop1.phinf.naver.net/20161205_144/es84214_1480924579124lzI0z_JPEG/1231.jpg,,,,Y,2016-12-05 16:57:13,2026-04-26 22:25:23,
,570778160,,스팃스 워싱광목린넨 프랑스자수 5종 원단패키지 30x46cm,스마트스토어,,,판매중,전시중,233889,6500,6500,,,N,N,N,,,,,1.0%,0,0,0,0,0,,,,오늘출발,"평일 16시00분까지 결제 완료된 주문

",기본 배송비 묶음그룹,조건부 무료,선결제,3000,3000,6000,N,Y,-,10720920716,,,,,,,가구/인테리어,수예,원단,,스팃스,스팃스,,,,N,N,N,,,,http://shop1.phinf.naver.net/20161202_152/es84214_1480656443012GpPDR_JPEG/4921222344176116_560012451.jpg,,,,Y,2016-12-02 14:30:21,2026-06-17 22:00:42,
,569528811,,스팃스 앵커 베리에이션 자수실세트 24컬러 세트,스마트스토어,,,판매중,전시중,324219,28000,28000,,,N,N,N,,,,,1.0%,0,0,0,0,0,,,,오늘출발,"평일 16시00분까지 결제 완료된 주문

",기본 배송비 묶음그룹,조건부 무료,선결제,3000,3000,6000,N,Y,-,10714904783,,,,,,,가구/인테리어,수예,자수,실/바늘,,,,,,N,N,N,,,,http://shop1.phinf.naver.net/20180724_171/es84214_15324042523581ItEK_JPEG/55710552981221299_874643941.JPG,,,,Y,2016-12-01 12:01:26,2026-02-13 19:43:38,
,569521251,,태피스트리 프랑스자수도안  프린트원단 64x46cm,스마트스토어,,,판매중지,전시중,42341,8900,8900,,,N,N,N,,,,,1.0%,0,0,0,0,0,,,,일반배송,,기본 배송비 묶음그룹,조건부 무료,선결제,2500,2500,5000,N,Y,-,10714861129,,,,,,,가구/인테리어,수예,원단,,자체제작,자체브랜드,,,,N,N,N,,,,http://shop1.phinf.naver.net/20161201_132/es84214_1480560146668ihgfh_JPEG/333.jpg,,,,Y,2016-12-01 11:43:58,2026-02-10 15:40:49,
,569171870,,프랑스자수 십자수 공예용 자수실 40칼라 세트,스마트스토어,,,판매중지,전시중,32374,14800,14800,,,N,N,N,,,,,1.0%,0,0,0,0,0,,,,오늘출발,"평일 16시00분까지 결제 완료된 주문

",기본 배송비 묶음그룹,조건부 무료,선결제,2500,2500,5000,N,Y,-,10711637257,,,,,,,가구/인테리어,수예,자수,실/바늘,자체제작,자체브랜드,,,,N,N,N,,,,http://shop1.phinf.naver.net/20161130_127/es84214_1480509722583yN9Df_JPEG/4774511133383564_-258618565.jpg,,,,Y,2016-11-30 21:43:10,2026-02-10 15:40:49,
,569153049,,스팃스 57 260 clover 일본 크로바플라스틱 컬러수틀 10cm - 옐로우,스마트스토어,,,판매중,전시중,324416,9800,9800,,,N,N,N,,,,,1.0%,0,0,0,0,0,,,,오늘출발,"평일 16시00분까지 결제 완료된 주문

",기본 배송비 묶음그룹,조건부 무료,선결제,3000,3000,6000,N,Y,-,10711619092,,,,,,,가구/인테리어,수예,수예용품/부자재,,,,,,,N,N,N,,,,http://shop1.phinf.naver.net/20161130_10/es84214_1480507390632rWlFC_JPEG/1.jpg,,,,Y,2016-11-30 21:07:33,2026-02-13 19:43:38,
,569144637,,스팃스 57 259 clover 일본 크로바 플라스틱 컬러수틀 10cm - 핑크,스마트스토어,,,판매중,전시중,34398,9800,9800,,,N,N,N,,,,,1.0%,0,0,0,0,0,,,,오늘출발,"평일 16시00분까지 결제 완료된 주문

",기본 배송비 묶음그룹,조건부 무료,선결제,3000,3000,6000,N,Y,-,10711611362,,,,,,,가구/인테리어,수예,수예용품/부자재,,크로바,크로바,,,,N,N,N,,,,https://shop-phinf.pstatic.net/20161130_132/es84214_1480506333813jquOE_JPEG/1.jpg,,,,Y,2016-11-30 20:51:44,2026-02-13 19:43:38,
,569135238,,스팃스 57 258 clover 일본 크로바 플라스틱 컬러 수틀 10cm - 그레이,스마트스토어,,,판매중,전시중,1454836,9800,9800,,,N,N,N,,,,,1.0%,0,0,0,0,0,,,,오늘출발,"평일 16시00분까지 결제 완료된 주문

",기본 배송비 묶음그룹,조건부 무료,선결제,3000,3000,6000,N,Y,-,10711587770,,,,,,,가구/인테리어,수예,수예용품/부자재,,,,,,,N,N,N,,,,http://shop1.phinf.naver.net/20161130_244/es84214_1480505761206bFiRz_JPEG/1.jpg,,,,Y,2016-11-30 20:37:10,2026-02-13 19:43:38,
,569119034,,스팃스 57 262 clover 일본 크로바 플라스틱 컬러수틀 12cm - 화이트,스마트스토어,,,판매중지,전시중,234311,9800,9800,,,N,N,N,,,,,1.0%,0,0,0,0,0,,,,오늘출발,"평일 16시00분까지 결제 완료된 주문

",기본 배송비 묶음그룹,조건부 무료,선결제,3000,3000,6000,N,Y,-,10711498320,,,,,,,가구/인테리어,수예,수예용품/부자재,,,,,,,N,N,N,,,,http://shop1.phinf.naver.net/20161130_184/es84214_1480504572172Wcz8W_JPEG/1.jpg,,,,Y,2016-11-30 20:17:23,2026-05-29 12:34:49,
,569106432,,스팃스 57 263 clover 일본 크로바 플라스틱 컬러 수틀 12cm - 퍼플,스마트스토어,,,판매중,전시중,324413,9800,9800,,,N,N,N,,,,,1.0%,0,0,0,0,0,,,,오늘출발,"평일 16시00분까지 결제 완료된 주문

",기본 배송비 묶음그룹,조건부 무료,선결제,3000,3000,6000,N,Y,-,10711390234,,,,,,,가구/인테리어,수예,수예용품/부자재,,,,,,,N,N,N,,,,http://shop1.phinf.naver.net/20161130_33/es84214_1480503678247zJQ14_JPEG/1.jpg,,,,Y,2016-11-30 20:02:34,2026-02-13 19:43:38,
,569096389,,스팃스 57 264 clover 일본 크로바 플라스틱 컬러수틀 15cm - 브라운,스마트스토어,,,판매중,전시중,32422,9800,9800,,,N,N,N,,,,,1.0%,0,0,0,0,0,,,,오늘출발,"평일 16시00분까지 결제 완료된 주문

",기본 배송비 묶음그룹,조건부 무료,선결제,3000,3000,6000,N,Y,-,10711303944,,,,,,,가구/인테리어,수예,수예용품/부자재,,크로바,크로바,270,,,N,N,N,,,,https://shop-phinf.pstatic.net/20161130_227/es84214_1480502959602EqbFR_JPEG/1.jpg,,,,Y,2016-11-30 19:50:24,2026-02-13 19:43:38,
,569084277,,57-265 clover 일본 크로바 플라스틱 컬러수틀 15cm - 스카이,스마트스토어,,,판매중지,전시중,234221,9800,9800,,,N,N,N,,,,,1.0%,0,0,0,0,0,,,,오늘출발,"평일 16시00분까지 결제 완료된 주문

",기본 배송비 묶음그룹,조건부 무료,선결제,3000,3000,6000,N,Y,-,10711258456,,,,,,,가구/인테리어,수예,수예용품/부자재,,,,,,,N,N,N,,,,http://shop1.phinf.naver.net/20161130_257/es84214_14805020154361yjpv_JPEG/1.jpg,,,,Y,2016-11-30 19:34:46,2025-09-12 15:35:02,
,569062338,,스팃스 57 266 clover 일본 크로바 플라스틱 컬러 수틀 15cm - 코랄,스마트스토어,,,판매중,전시중,432335,9800,9800,,,N,N,N,,,,,1.0%,0,0,0,0,0,,,,오늘출발,"평일 16시00분까지 결제 완료된 주문

",기본 배송비 묶음그룹,조건부 무료,선결제,3000,3000,6000,N,Y,-,10711079550,,,,,,,가구/인테리어,수예,수예용품/부자재,,,,,,,N,N,N,,,,http://shop1.phinf.naver.net/20161130_46/es84214_1480500353514Y3KLJ_JPEG/1.jpg,,,,Y,2016-11-30 19:07:24,2026-02-13 19:43:38,
,563502103,,심플(핑크)/1/2마 면100% 무명코튼천 일본수입원단,스마트스토어,,,판매중지,전시중,234418,5900,5900,,,N,N,N,,,,,1.0%,0,0,0,0,0,,,,오늘출발,"평일 16시00분까지 결제 완료된 주문

",기본 배송비 묶음그룹,조건부 무료,선결제,2500,2500,5000,N,Y,-,13347695125,,,,,,,가구/인테리어,수예,원단,,자체제작,자체브랜드,,,,N,N,N,,,,http://shop1.phinf.naver.net/20161124_290/es84214_1479975291157V7VEe_JPEG/4321592908172903_532949405.jpg,,,,Y,2016-11-24 17:18:49,2026-02-10 15:40:49,
,563467416,,겨울꽃 1/8마x3종 패브릭 원단패키지,스마트스토어,,,판매중지,전시중,1,3900,3900,,,N,N,N,,,,,1.0%,0,0,0,0,0,,,,오늘출발,"평일 16시00분까지 결제 완료된 주문

",기본 배송비 묶음그룹,조건부 무료,선결제,3000,3000,6000,N,Y,-,10683170750,,,,,,,가구/인테리어,수예,원단,,자체제작,자체브랜드,,,,N,N,N,,,,http://shop1.phinf.naver.net/20161124_273/es84214_1479970660363xJjvE_JPEG/4316962114073194_-1927190665.jpg,,,,Y,2016-11-24 15:58:50,2026-02-10 15:40:49,
,560636451,,스팃스 8M 면사 자수실 447색 택1 프랑스자수 십자수 실 낱개 개별 선택,스마트스토어,,,판매중,전시중,514154,300,300,,,Y,N,N,,,,,1.0%,0,0,0,0,0,,,,오늘출발,"평일 16시00분까지 결제 완료된 주문

",기본 배송비 묶음그룹,조건부 무료,선결제,3000,3000,6000,N,Y,-,10666641764,,,,,,,가구/인테리어,수예,자수,실/바늘,스팃스,스팃스,,,,N,N,N,,,,https://shop-phinf.pstatic.net/20181107_263/es84214_1541561338239M2TCx_JPEG/64868517844695618_289208439.JPG,,,2023-03-20 12:47:46,Y,2016-11-20 20:38:36,2026-06-17 22:03:32,
,558088668,,스팃스 8사이즈 skc 플라스틱 칼라 원형 수틀,스마트스토어,,,판매중,전시중,1304616,8500,8500,,,Y,N,N,,,,,1.0%,0,0,0,0,0,,,,오늘출발,"평일 16시00분까지 결제 완료된 주문

",기본 배송비 묶음그룹,조건부 무료,선결제,3000,3000,6000,N,Y,-,10652028942,,,,,,,가구/인테리어,수예,수예용품/부자재,,skc,skc,,,,N,N,N,,,,https://shop-phinf.pstatic.net/20161117_158/es84214_1479377231444pzAaz_JPEG/3642000847494217_-1099972397.jpg,,,,Y,2016-11-17 19:08:42,2026-06-17 22:03:54,
,556809114,,스팃스 프랑스자수 자수실 베이직세트 면사 베리에이션 부자재 풀세트,스마트스토어,,,판매중,전시중,3242318,32000,32000,,,N,N,N,,,,,1.0%,0,0,0,0,0,,,,오늘출발,"평일 16시00분까지 결제 완료된 주문

",기본 배송비 묶음그룹,조건부 무료,선결제,3000,3000,6000,N,Y,-,10645926187,,,,,,,가구/인테리어,수예,자수,실/바늘,스팃스,스팃스,,,,N,N,N,,,,http://shop1.phinf.naver.net/20251127_278/1764225066830SKpPN_JPEG/41715375948399401_172364804.jpg,,,,Y,2016-11-16 11:06:52,2026-06-17 22:04:17,
,556433861,,스팃스 독일 앵커 자수실세트1 프랑스자수 십자수실,스마트스토어,독일 앵커 자수실세트(1)/프랑스자수 십자수실,,판매중,전시중,234319,8400,8400,,,N,N,N,,,,,1.0%,0,0,0,0,0,,,,오늘출발,"평일 16시00분까지 결제 완료된 주문

",기본 배송비 묶음그룹,조건부 무료,선결제,3000,3000,6000,N,Y,-,10642231401,,,,,,,가구/인테리어,수예,자수,실/바늘,,,,,,N,N,N,,,,https://shop-phinf.pstatic.net/20161115_43/es84214_14792046417498vm3h_JPEG/3469466105897236_-376200558.jpg,,,,Y,2016-11-15 19:19:57,2026-06-17 22:04:41,
,556421408,,스팃스 독일 앵커 자수실세트2 프랑스자수 십자수실,스마트스토어,독일 앵커 자수실세트(2)/프랑스자수 십자수실,,판매중,전시중,324227,8400,8400,,,N,N,N,,,,,1.0%,0,0,0,0,0,,,,오늘출발,"평일 16시00분까지 결제 완료된 주문

",기본 배송비 묶음그룹,조건부 무료,선결제,3000,3000,6000,N,Y,-,10642182591,,,,,,,가구/인테리어,수예,자수,실/바늘,,,,,,N,N,N,,,,https://shop-phinf.pstatic.net/20161115_20/es84214_1479204095499hqxfB_JPEG/3468874836705800_1868768290.jpg,,,,Y,2016-11-15 19:03:09,2026-06-17 22:05:03,
,555675363,,스팃스 파스텔심플 1/8마 면100% 6종 원단 패키지,스마트스토어,,,판매중,전시중,234407,9500,9500,,,N,N,N,,,,,1.0%,0,0,0,0,0,,,,오늘출발,"평일 16시00분까지 결제 완료된 주문

",기본 배송비 묶음그룹,조건부 무료,선결제,3000,3000,6000,N,Y,-,10636828033,,,,,,,가구/인테리어,수예,원단,,스팃스,스팃스,,,,N,N,N,,,,http://shop1.phinf.naver.net/20161114_162/es84214_1479115875617hILhY_JPEG/3460768128721274_1503685011.jpg,,,,Y,2016-11-14 18:39:13,2026-06-17 22:05:26,
,555608083,,파스텔핑크 1/8마x8종 면100% 원단패키지,스마트스토어,,,판매중지,전시중,324236,10700,10700,,,N,N,N,,,,,1.0%,0,0,0,0,0,,,,오늘출발,"평일 16시00분까지 결제 완료된 주문

",기본 배송비 묶음그룹,조건부 무료,선결제,3000,3000,6000,N,Y,-,10636618962,,,,,,,가구/인테리어,수예,원단,,자체제작,자체브랜드,,,,N,N,N,,,,http://shop1.phinf.naver.net/20161114_17/es84214_1479112445308wyiF4_JPEG/3377277577690843_1335786821.jpg,,,,Y,2016-11-14 17:48:13,2026-02-10 15:40:49,
,554874764,,블링그린3종 린넨 원단패키지 45cmx35cm,스마트스토어,,,판매중지,전시중,23422,5400,5400,,,N,N,N,,,,,1.0%,0,0,0,0,0,,,,오늘출발,"평일 16시00분까지 결제 완료된 주문

",기본 배송비 묶음그룹,조건부 무료,선결제,2500,2500,5000,N,Y,-,10633329989,,,,,,,가구/인테리어,수예,원단,,자체제작,자체브랜드,,,,N,N,N,,,,http://shop1.phinf.naver.net/20161113_68/es84214_14790090156585BwIp_JPEG/3353908171695569_798039614.jpg,,,,Y,2016-11-13 12:55:09,2026-02-10 15:40:49,
,554579935,,스팃스 5색상 알파벳 이니셜 악세사리 참 장식 팬던트,스마트스토어,,,판매중,전시중,3045073,750,750,,,Y,N,N,,,,,1.0%,0,0,0,0,0,,,,오늘출발,"평일 16시00분까지 결제 완료된 주문

",기본 배송비 묶음그룹,조건부 무료,선결제,3000,3000,6000,N,Y,-,10631313412,,,,,,,패션잡화,주얼리,펜던트,유색보석펜던트,스팃스,스팃스,,,,N,N,N,,,,http://shop1.phinf.naver.net/20161112_211/es84214_1478950918815OnLGY_JPEG/3215698153066665_-118136672.jpg,,,,Y,2016-11-12 20:50:36,2026-06-17 22:05:52,
,550825947,,스팃스 밀크화이트 원단 1마 면 100% 20수 자수 천 미싱 소품 만들기,스마트스토어,,,판매중,전시중,3243038,6700,6700,,,N,N,N,,,,,1.0%,0,0,0,0,0,,,,오늘출발,"평일 16시00분까지 결제 완료된 주문

",기본 배송비 묶음그룹,조건부 무료,선결제,3000,3000,6000,N,Y,-,10619055007,,,,,,,가구/인테리어,수예,원단,,스팃스,스팃스,,,,N,N,N,,,,http://shop1.phinf.naver.net/20190403_180/es84214_1554269035943jzasJ_JPEG/77576195560474271_2131148393.JPG,,,,Y,2016-11-10 18:16:56,2026-06-17 22:06:15,
,547672531,,스팃스 마가렛 패브릭 면100% 1/8마x4종원단패키지,스마트스토어,,,판매중,전시중,23422,4800,4800,,,N,N,N,,,,,1.0%,0,0,0,0,0,,,,오늘출발,"평일 16시00분까지 결제 완료된 주문

",기본 배송비 묶음그룹,조건부 무료,선결제,3000,3000,6000,N,Y,-,10600739136,,,,,,,가구/인테리어,수예,원단,,스팃스,스팃스,,,,N,N,N,,,,http://shop1.phinf.naver.net/20161106_224/es84214_1478427840946rcXsd_JPEG/20.jpg,,,,Y,2016-11-06 19:25:39,2026-06-17 22:06:38,
,544720928,,스팃스 24 145 크로바 챠코페이퍼 5색세트 도안용 먹지,스마트스토어,24-145 크로바 챠코페이퍼 5색세트 (도안용 먹지),,판매중,전시중,23365,6500,6500,,,N,N,N,,,,,1.0%,0,0,0,0,0,,,,오늘출발,"평일 16시00분까지 결제 완료된 주문

",기본 배송비 묶음그룹,조건부 무료,선결제,3000,3000,6000,N,Y,-,10590982601,,,,,,,가구/인테리어,수예,수예용품/부자재,,크로바,크로바,270,,,N,N,N,,,,https://shop-phinf.pstatic.net/20240626_101/17193731827464BqAb_JPEG/730772596057211_409831632.jpg,,,,Y,2016-11-04 16:37:20,2026-06-17 22:07:03,
,544057573,,카모마일 원단 야생화 꽃자수 프랑스자수도안 커트지,스마트스토어,,,품절,전시중,0,7600,7600,,,N,N,N,,,,,1.0%,0,0,0,0,0,,,,오늘출발,"평일 16시00분까지 결제 완료된 주문

",기본 배송비 묶음그룹,조건부 무료,선결제,3000,3000,6000,N,Y,-,10589440761,,,,,,,가구/인테리어,수예,자수,도안,자체제작,자체브랜드,,,,N,N,N,,,,http://shop1.phinf.naver.net/20161104_181/es84214_1478228416018c5TQ5_JPEG/2574717771238785_687304160.jpg,,,,Y,2016-11-04 12:02:14,2026-02-10 15:40:49,
,544053231,,허브가든 야생화 프랑스자수도안 원단 커트지,스마트스토어,,,판매중지,전시중,23406,6500,6500,,,N,N,N,,,,,1.0%,0,0,0,0,0,,,,오늘출발,"평일 16시00분까지 결제 완료된 주문

",기본 배송비 묶음그룹,조건부 무료,선결제,2500,2500,5000,N,Y,-,10589428555,,,,,,,가구/인테리어,수예,원단,,자체제작,자체브랜드,,,,N,N,N,,,,http://shop1.phinf.naver.net/20161104_218/es84214_1478227601899z1rtV_JPEG/2571283554188358_-789365738.jpg,,,,Y,2016-11-04 11:58:54,2026-02-10 15:40:49,
,544009007,,스팃스 알파벳자수 프린트 자수도안 프랑스자수원단 44 x 20.5cm,스마트스토어,,,판매중,전시중,23418,8500,8500,,,N,N,N,,,,,1.0%,0,0,0,0,0,,,,오늘출발,"평일 16시00분까지 결제 완료된 주문

",기본 배송비 묶음그룹,조건부 무료,선결제,3000,3000,5000,N,Y,-,10589293374,,,,,,,가구/인테리어,수예,원단,,스팃스,스팃스,,,,N,N,N,,,,http://shop1.phinf.naver.net/20161104_79/es84214_1478226348336ESa1A_JPEG/2344.jpg,,,,Y,2016-11-04 11:26:55,2026-06-17 22:07:27,
,543492111,,스팃스 엔틱레드 15x15cm 20종 패치워크 패브릭 원단패키지,스마트스토어,,,판매중,전시중,432437,4500,4500,,,N,N,N,,,,,1.0%,0,0,0,0,0,,,,오늘출발,"평일 16시00분까지 결제 완료된 주문

",기본 배송비 묶음그룹,조건부 무료,선결제,3000,3000,5000,N,Y,-,10583525431,,,,,,,가구/인테리어,수예,원단,,스팃스,스팃스,,,,N,N,N,,,,http://shop1.phinf.naver.net/20170331_66/es84214_1490954459222p8sjI_JPEG/15219291490047606_771213630.JPG,,,,Y,2016-11-03 15:22:15,2026-02-20 12:56:04,
,543432673,,스팃스 고급형 스텐레이스 일자형 핀셋 12cm,스마트스토어,,,판매중,전시중,32436,1000,1000,,,N,N,N,,,,,1.0%,0,0,0,0,0,,,,오늘출발,"평일 16시00분까지 결제 완료된 주문

",기본 배송비 묶음그룹,조건부 무료,선결제,3000,3000,5000,N,Y,-,10583341515,,,,,,,가구/인테리어,수예,수예용품/부자재,,스팃스,스팃스,,,,N,N,N,,,,http://shop1.phinf.naver.net/20161103_171/es84214_1478150171791TkNtO_JPEG/2494409590756110_-194140752.jpg,,,,Y,2016-11-03 14:17:25,2026-02-20 12:56:04,
,542917527,,스팃스 파스텔브라운 1/8마x8종 면100% 원단패키지,스마트스토어,파스텔브라운 1/8마x8종 면100% 원단패키지,,판매중,전시중,3432429,10700,10700,,,N,N,N,,,,,1.0%,0,0,0,0,0,,,,오늘출발,"평일 16시00분까지 결제 완료된 주문

",기본 배송비 묶음그룹,조건부 무료,선결제,3000,3000,5000,N,Y,-,10579211897,,,,,,,가구/인테리어,수예,원단,,스팃스,스팃스,,,,N,N,N,,,,https://shop-phinf.pstatic.net/20161102_115/es84214_1478076965341sDyp9_JPEG/2423267095339155_1520004590.jpg,,,,Y,2016-11-02 17:57:05,2026-06-17 22:08:36,
,542902378,,스팃스 파스텔카키 1/8마x8종 면100% 원단패키지 세트원단,스마트스토어,,,판매중,전시중,3424340,10700,10700,,,N,N,N,,,,,1.0%,0,0,0,0,0,,,,오늘출발,"평일 16시00분까지 결제 완료된 주문

",기본 배송비 묶음그룹,조건부 무료,선결제,3000,3000,5000,N,Y,-,10579129377,,,,,,,가구/인테리어,수예,원단,,스팃스,스팃스,,,,N,N,N,,,,http://shop1.phinf.naver.net/20161102_252/goamazon_1478076109483RmOS9_JPEG/2421001988071868_95921803.jpg,,,,Y,2016-11-02 17:46:21,2026-06-17 22:09:01,
,542873967,,파스텔퍼플 1/8마x8종 면100% 원단패키지,스마트스토어,,,판매중지,전시중,2354229,10700,10700,,,N,N,N,,,,,1.0%,0,0,0,0,0,,,,오늘출발,"평일 16시00분까지 결제 완료된 주문

",기본 배송비 묶음그룹,조건부 무료,선결제,3000,3000,5000,N,Y,-,10579086029,,,,,,,가구/인테리어,수예,원단,,자체제작,자체브랜드,,,,N,N,N,,,,http://shop1.phinf.naver.net/20161102_6/goamazon_1478075190616GRpt6_JPEG/2420083129322439_-928802394.jpg,,,,Y,2016-11-02 17:28:17,2026-02-10 15:40:49,
,542826803,,파스텔민트 1/8마x8종 면100% 원단패키지,스마트스토어,,,판매중지,전시중,34224,10700,10700,,,N,N,N,,,,,1.0%,0,0,0,0,0,,,,오늘출발,"평일 16시00분까지 결제 완료된 주문

",기본 배송비 묶음그룹,조건부 무료,선결제,3000,3000,5000,N,Y,-,10578977256,,,,,,,가구/인테리어,수예,원단,,자체제작,자체브랜드,,,,N,N,N,,,,http://shop1.phinf.naver.net/20161102_178/es84214_1478073672461BlOro_JPEG/2416647953084445_-948987411.jpg,,,,Y,2016-11-02 17:02:03,2026-02-10 15:40:49,
,542741200,,스팃스 린넨패키지 멀티색상 1/8마x6종 패브릭 자수용 원단패키지,스마트스토어,,,판매중,전시중,32424309,9200,9200,,,N,N,N,,,,,1.0%,0,0,0,0,0,,,,오늘출발,"평일 16시00분까지 결제 완료된 주문

",기본 배송비 묶음그룹,조건부 무료,선결제,3000,3000,5000,N,Y,-,10578785203,,,,,,,가구/인테리어,수예,원단,,스팃스,스팃스,,,,N,N,N,,,,http://shop1.phinf.naver.net/20170225_251/es84214_148803024787729so2_JPEG/12373223369303303_-1700503529.JPG,,,,Y,2016-11-02 15:48:00,2026-06-22 13:07:17,
,539235247,,스팃스 57 500 크로바 로터리커터 45mm,스마트스토어,,,판매중,전시중,23437,19000,19000,,,N,N,N,,,,,1.0%,0,0,0,0,0,,,,오늘출발,"평일 16시00분까지 결제 완료된 주문

",기본 배송비 묶음그룹,조건부 무료,선결제,3000,3000,5000,N,Y,-,10568001887,,,,,,,가구/인테리어,수예,수예용품/부자재,,크로바,크로바,,,,N,N,N,,,,https://shop-phinf.pstatic.net/20161031_28/es84214_1477902742907mBHsU_JPEG/2246980707743465_1739984293.jpg,,,,Y,2016-10-31 17:33:16,2026-06-17 22:09:50,
,539233210,,스팃스 57 502 크로바 로터리커터 28mm,스마트스토어,,,판매중,전시중,453540,13000,13000,,,N,N,N,,,,,1.0%,0,0,0,0,0,,,,오늘출발,"평일 16시00분까지 결제 완료된 주문

",기본 배송비 묶음그룹,조건부 무료,선결제,3000,3000,5000,N,Y,-,10567999755,,,,,,,가구/인테리어,수예,수예용품/부자재,,크로바,크로바,,,,N,N,N,,,,https://shop-phinf.pstatic.net/20161031_250/es84214_1477902342527tSily_JPEG/2248644284783665_-1454430430.jpg,,,,Y,2016-10-31 17:29:52,2026-06-17 22:10:15,
,539196004,,스팃스 57 339 일본 크로바 통가죽 골무 S,스마트스토어,57-339 일본 크로바 통가죽 골무 S,,판매중,전시중,19324,11000,11000,,,N,N,N,,,,,1.0%,0,0,0,0,0,,,,오늘출발,"평일 16시00분까지 결제 완료된 주문

",기본 배송비 묶음그룹,조건부 무료,선결제,3000,3000,5000,N,Y,-,10567860816,,,,,,,가구/인테리어,수예,수예용품/부자재,,크로바,크로바,,,,N,N,N,,,,https://shop-phinf.pstatic.net/20170322_36/es84214_14901505490793AcNj_JPEG/14415373432203424_386878296.jpg,,,,Y,2016-10-31 16:19:58,2026-06-17 22:10:39,
,538973995,,스팃스 57 528 크로바 수틀 프랑스자수 원목 자수틀 18cm,스마트스토어,,,판매중,전시중,43214,13000,13000,,,N,N,N,,,,,1.0%,0,0,0,0,0,,,,오늘출발,"평일 16시00분까지 결제 완료된 주문

",기본 배송비 묶음그룹,조건부 무료,선결제,3000,3000,5000,N,Y,-,10565203193,,,,,,,가구/인테리어,수예,수예용품/부자재,,크로바,크로바,,,,N,N,N,,,,https://shop-phinf.pstatic.net/20161030_231/es84214_1477833715380OX9TD_JPEG/18.jpg,,,,Y,2016-10-30 22:23:09,2026-06-17 22:11:07,
,538972258,,스팃스 57 525 크로바 수틀 프랑스자수 원목 자수틀 15cm,스마트스토어,,,판매중,전시중,234409,13000,13000,,,N,N,N,,,,,1.0%,0,0,0,0,0,,,,오늘출발,"평일 16시00분까지 결제 완료된 주문

",기본 배송비 묶음그룹,조건부 무료,선결제,3000,3000,5000,N,Y,-,10565201443,,,,,,,가구/인테리어,수예,수예용품/부자재,,크로바,크로바,,,,N,N,N,,,,https://shop-phinf.pstatic.net/20161030_268/es84214_1477832768283kNqwQ_JPEG/2177006083173379_1157517511.jpg,,,,Y,2016-10-30 22:11:59,2026-06-17 22:11:34,
,538970009,,스팃스 57 522 크로바 수틀 프랑스자수 원목 자수틀 12cm,스마트스토어,,,판매중,전시중,235371,12000,12000,,,N,N,N,,,,,1.0%,0,0,0,0,0,,,,오늘출발,"평일 16시00분까지 결제 완료된 주문

",기본 배송비 묶음그룹,조건부 무료,선결제,3000,3000,5000,N,Y,-,10565199097,,,,,,,가구/인테리어,수예,수예용품/부자재,,크로바,크로바,,,,N,N,N,,,,https://shop-phinf.pstatic.net/20161030_95/es84214_1477832254971dDNV1_JPEG/12.jpg,,,,Y,2016-10-30 21:59:40,2026-02-13 19:43:38,
,538966039,,스팃스 57 520 크로바 수틀 프랑스자수 원목 자수틀 10cm,스마트스토어,57-520 크로바 수틀 프랑스자수 원목 자수틀 10cm,,판매중,전시중,34262,12000,12000,,,N,N,N,,,,,1.0%,0,0,0,0,0,,,,오늘출발,"평일 16시00분까지 결제 완료된 주문

",기본 배송비 묶음그룹,조건부 무료,선결제,3000,3000,6000,N,Y,-,10565195311,,,,,,,가구/인테리어,수예,수예용품/부자재,,크로바,크로바,,,,N,N,N,,,,https://shop-phinf.pstatic.net/20161030_281/es84214_14778307725165ISsi_JPEG/10.jpg,,,,Y,2016-10-30 21:35:44,2026-02-13 19:43:38,
,536629543,,John James 존제임스 태피스트리 자수바늘세트 20호,스마트스토어,,,판매중지,전시중,325318,2800,2800,,,N,N,N,,,,,1.0%,0,0,0,0,0,,,,오늘출발,"평일 16시00분까지 결제 완료된 주문

",기본 배송비 묶음그룹,조건부 무료,선결제,2500,2500,5000,N,Y,-,10555425488,,,,,,,가구/인테리어,수예,자수,실/바늘,,,,,,N,N,N,,,,http://shop1.phinf.naver.net/20180226_164/es84214_1519633448565bRDLT_JPEG/42939749190313565_-808161372.jpg,,,,Y,2016-10-28 15:37:46,2019-02-28 19:40:20,
,536559781,,스팃스 John james 영국 존제임스 퀼팅 바늘세트 10호,스마트스토어,,,판매중,전시중,2311,4300,4300,,,N,N,N,,,,,1.0%,0,0,0,0,0,,,,오늘출발,"평일 16시00분까지 결제 완료된 주문

",기본 배송비 묶음그룹,조건부 무료,선결제,3000,3000,5000,N,Y,-,10555301796,,,,,,,가구/인테리어,수예,자수,실/바늘,,,,,,N,N,N,,,,http://shop1.phinf.naver.net/20161219_34/es84214_1482138367621WXXOg_JPEG/6403191972087078_-420263761.jpg,,,,Y,2016-10-28 14:57:40,2026-02-13 19:43:38,
,536533018,,스팃스 메리골드 재단수예용가위 20cm,스마트스토어,,,판매중,전시중,3418,13000,13000,,,N,N,N,,,,,1.0%,0,0,0,0,0,,,,오늘출발,"평일 16시00분까지 결제 완료된 주문

",기본 배송비 묶음그룹,조건부 무료,선결제,3000,3000,5000,N,Y,-,11169603853,,,,,,,가구/인테리어,수예,수예용품/부자재,,스팃스,스팃스,,,,N,N,N,,,,http://shop1.phinf.naver.net/20180906_45/es84214_1536206607396IzH6y_JPEG/59513787039433094_1596161139.JPG,,,,Y,2016-10-28 14:42:45,2026-06-17 22:13:20,
,534785134,,clover 일본 크로바 패턴시트/프랑스자수 부자재,스마트스토어,,,품절,전시중,0,6000,6000,,,N,N,N,,,,,1.0%,0,0,0,0,0,,,,오늘출발,"평일 16시00분까지 결제 완료된 주문

",기본 배송비 묶음그룹,조건부 무료,선결제,2500,2500,5000,N,Y,-,10542553922,,,,,,,가구/인테리어,수예,수예용품/부자재,,,,,,,N,N,N,,,,http://shop1.phinf.naver.net/20161026_281/es84214_1477464758005196m7_JPEG/1807733498023917_-1369175963.jpg,,,,Y,2016-10-26 15:53:56,2020-10-14 10:40:43,
,532449090,,스팃스 57 692 크로바 니들홀더 핑크 바늘보관함,스마트스토어,,,판매중,전시중,23412,15000,15000,,,N,N,N,,,,,1.0%,0,0,0,0,0,,,,오늘출발,"평일 16시00분까지 결제 완료된 주문

",기본 배송비 묶음그룹,조건부 무료,선결제,3000,3000,5000,N,Y,-,10528559886,,,,,,,가구/인테리어,수예,수예용품/부자재,,크로바,크로바,,,,N,N,N,,,,https://shop-phinf.pstatic.net/20210325_8/1616654649755FNO2w_PNG/17790495455309211_988678122.png,,,,Y,2016-10-23 18:20:07,2026-06-17 22:13:49,
,532447001,,스팃스 57 036 크로바 프랑스 자수바늘 3-6호,스마트스토어,,,판매중,전시중,32150,4800,4800,,,N,N,N,,,,,1.0%,0,0,0,0,0,,,,오늘출발,"평일 16시00분까지 결제 완료된 주문

",기본 배송비 묶음그룹,조건부 무료,선결제,3000,3000,5000,N,Y,-,10528548725,,,,,,,가구/인테리어,수예,자수,실/바늘,크로바,크로바,,,,N,N,N,,,,https://shop-phinf.pstatic.net/20240626_236/1719379337795OBVEx_JPEG/9654319650817463_1223180206.jpg,,,,Y,2016-10-23 18:08:21,2026-02-13 19:43:38,
,532444618,,스팃스 24 425 크로바 지우개펜 수성펜,스마트스토어,,,판매중,전시중,23363,3600,3600,,,N,N,N,,,,,1.0%,0,0,0,0,0,,,,오늘출발,"평일 16시00분까지 결제 완료된 주문

",기본 배송비 묶음그룹,조건부 무료,선결제,3000,3000,5000,N,Y,-,10528543894,,,,,,,가구/인테리어,수예,수예용품/부자재,,크로바,크로바,,,,N,N,N,,,,https://shop-phinf.pstatic.net/20170114_140/es84214_1484391223663sqlgF_JPEG/8736116178315584_-1948123001.jpg,,,,Y,2016-10-23 17:54:27,2026-06-17 22:14:43,
,530842546,,스팃스 24색울사E 프랑스자수 야생화 생활 자수실세트,스마트스토어,24색울사E/프랑스자수 야생화 생활 자수실세트,,판매중,전시중,32229,20900,20900,,,N,N,N,,,,,1.0%,0,0,0,0,0,,,,오늘출발,"평일 16시00분까지 결제 완료된 주문

",기본 배송비 묶음그룹,조건부 무료,선결제,3000,3000,5000,N,Y,-,10520290566,,,,,,,가구/인테리어,수예,자수,실/바늘,스팃스,스팃스,,,,N,N,N,,,,https://shop-phinf.pstatic.net/20161021_13/es84214_1477038062184ctBc1_JPEG/E.jpg,,,,Y,2016-10-21 17:26:58,2026-06-17 22:15:37,
,530831071,,스팃스 24색울사D 프랑스자수 야생화 생활 자수실세트,스마트스토어,24색울사D/프랑스자수 야생화 생활 자수실세트,,판매중,전시중,23417,20900,20900,,,N,N,N,,,,,1.0%,0,0,0,0,0,,,,오늘출발,"평일 16시00분까지 결제 완료된 주문

",기본 배송비 묶음그룹,조건부 무료,선결제,3000,3000,5000,N,Y,-,10520242127,,,,,,,가구/인테리어,수예,자수,실/바늘,스팃스,스팃스,,,,N,N,N,,,,https://shop-phinf.pstatic.net/20161021_250/es84214_1477037563732N6Vto_JPEG/D.jpg,,,,Y,2016-10-21 17:19:18,2026-06-17 22:16:06,
,530817382,,24색울사C/프랑스자수 야생화 생활자수 자수실세트,스마트스토어,,,판매중지,전시중,313540,20900,20900,,,N,N,N,,,,,1.0%,0,0,0,0,0,,,,오늘출발,"평일 16시00분까지 결제 완료된 주문

",기본 배송비 묶음그룹,조건부 무료,선결제,3000,3000,5000,N,Y,-,10520211233,,,,,,,가구/인테리어,수예,자수,실/바늘,자체제작,자체브랜드,,,,N,N,N,,,,http://shop1.phinf.naver.net/20161021_289/es84214_147703705914684VcX_JPEG/C.jpg,,,,Y,2016-10-21 17:09:29,2026-02-10 15:40:49,
,530808051,,스팃스 24색울사B 프랑스자수 야생화 생활 자수실세트,스마트스토어,24색울사B/프랑스자수 야생화 생활 자수실세트,,판매중,전시중,23523,20900,20900,,,N,N,N,,,,,1.0%,0,0,0,0,0,,,,오늘출발,"평일 16시00분까지 결제 완료된 주문

",기본 배송비 묶음그룹,조건부 무료,선결제,3000,3000,5000,N,Y,-,10520188648,,,,,,,가구/인테리어,수예,자수,실/바늘,스팃스,스팃스,,,,N,N,N,,,,https://shop-phinf.pstatic.net/20161021_38/es84214_147703664068625gWr_JPEG/B.jpg,,,,Y,2016-10-21 16:58:06,2026-06-17 22:16:35,
,530798377,,스팃스 24색울사A 프랑스자수 야생화 생활 자수실세트,스마트스토어,24색울사A/프랑스자수 야생화 생활 자수실세트,,판매중,전시중,235424,20900,20900,,,N,N,N,,,,,1.0%,0,0,0,0,0,,,,오늘출발,"평일 16시00분까지 결제 완료된 주문

",기본 배송비 묶음그룹,조건부 무료,선결제,3000,3000,5000,N,Y,-,10520143542,,,,,,,가구/인테리어,수예,자수,실/바늘,스팃스,스팃스,,,,N,N,N,,,,https://shop-phinf.pstatic.net/20161021_135/es84214_1477036108393rGEdW_JPEG/A.jpg,,,,Y,2016-10-21 16:49:10,2026-06-17 22:17:05,
,530780639,,울사 베리에이션/프랑스자수 생활 자수실세트,스마트스토어,울사 베리에이션/프랑스자수 생활 자수실세트,,판매중지,전시중,23525,21900,21900,,,N,N,N,,,,,1.0%,0,0,0,0,0,,,,오늘출발,"평일 16시00분까지 결제 완료된 주문

",기본 배송비 묶음그룹,조건부 무료,선결제,3000,3000,5000,N,Y,-,10520105280,,,,,,,가구/인테리어,수예,자수,실/바늘,자체제작,자체브랜드,,,,N,N,N,,,,https://shop-phinf.pstatic.net/20161021_94/es84214_1477035307642IBID2_JPEG/1269960311.jpg,,,,Y,2016-10-21 16:36:49,2026-02-13 19:26:57,
,528821883,,보테가st /가죽 키링 열쇠고리 키홀더줄,스마트스토어,,,판매금지,전시중,34523,4500,4500,,,N,N,N,,,,,1.0%,0,0,0,0,0,,,,오늘출발,"평일 16시00분까지 결제 완료된 주문

",기본 배송비 묶음그룹,조건부 무료,선결제,2500,2500,5000,N,Y,-,10508383676,,,,,,,패션잡화,패션소품,키홀더,,,,,,,N,N,N,,,,http://shop1.phinf.naver.net/20161019_67/es84214_1476868788095nW7oF_JPEG/1336548068l0.jpg,,,,Y,2016-10-19 18:21:21,2022-06-20 15:19:11,
,528713053,,스팃스 핸드폰줄 휴대폰 고리 스트랩 1개 키링 열쇠고리 DIY 부자재 연결줄,스마트스토어,,,판매중,전시중,2324963,100,100,,,N,N,N,,,,,1.0%,0,0,0,0,0,,,,오늘출발,"평일 16시00분까지 결제 완료된 주문

",기본 배송비 묶음그룹,조건부 무료,선결제,3000,3000,6000,N,Y,-,10508156528,,,,,,,패션잡화,패션소품,키홀더,,스팃스,스팃스,,,,N,N,N,,,,https://shop-phinf.pstatic.net/20161019_254/es84214_1476864945363SauTa_JPEG/1336548068l0.jpg,,,,Y,2016-10-19 17:16:49,2026-06-17 22:17:36,
,527212033,,스팃스 베이직린넨 1/8마x6종 프랑스자수 원단패키지,스마트스토어,,,판매중,전시중,22481922,9200,9200,,,N,N,N,,,,,1.0%,0,0,0,0,0,,,,오늘출발,"평일 16시00분까지 결제 완료된 주문

",기본 배송비 묶음그룹,조건부 무료,선결제,3000,3000,5000,N,Y,-,10502029579,,,,,,,가구/인테리어,수예,원단,,스팃스,스팃스,,,,N,N,N,,,,http://shop1.phinf.naver.net/20200514_271/1589432703131rCvNf_JPEG/26794245739896418_315685291.jpg,,,,Y,2016-10-18 15:18:13,2026-06-17 22:18:05,
,527164332,,타르트 1/8마x3종 패브릭 원단패키지,스마트스토어,,,판매중지,전시중,24321,3200,3200,,,N,N,N,,,,,1.0%,0,0,0,0,0,,,,오늘출발,"평일 16시00분까지 결제 완료된 주문

",기본 배송비 묶음그룹,조건부 무료,선결제,2500,2500,5000,N,Y,-,10501940736,,,,,,,가구/인테리어,수예,원단,,자체제작,자체브랜드,,,,N,N,N,,,,http://shop1.phinf.naver.net/20161018_208/es84214_1476769501771zjqqx_JPEG/2423.jpg,,,,Y,2016-10-18 14:47:32,2026-02-10 15:40:49,
,527157148,,트윙클 1/8마x3종 / 면20수 3종 원단패키지,스마트스토어,,,판매중지,전시중,2350,3900,3900,,,N,N,N,,,,,1.0%,0,0,0,0,0,,,,오늘출발,"평일 16시00분까지 결제 완료된 주문

",기본 배송비 묶음그룹,조건부 무료,선결제,2500,2500,5000,N,Y,-,10501924212,,,,,,,가구/인테리어,수예,원단,,자체제작,자체브랜드,,,,N,N,N,,,,http://shop1.phinf.naver.net/20161018_103/es84214_1476767936658lbjP5_JPEG/1114238395664611_-2014839390.jpg,,,,Y,2016-10-18 14:29:28,2026-02-10 15:40:49,
,527113540,,80칼라 면사 자수실세트 프랑스자수 십자수실,스마트스토어,,,판매중지,전시중,32382,18400,18400,,,N,N,N,,,,,1.0%,0,0,0,0,0,,,,오늘출발,"평일 16시00분까지 결제 완료된 주문

",기본 배송비 묶음그룹,조건부 무료,선결제,2500,2500,5000,N,Y,-,10501764477,,,,,,,가구/인테리어,수예,수예용품/부자재,,자체제작,자체브랜드,,,,N,N,N,,,,http://shop1.phinf.naver.net/20161018_49/es84214_1476763350132m8NXy_JPEG/366.jpg,,,,Y,2016-10-18 13:07:07,2026-02-10 15:40:49,
,525310705,,11ct 15x15cm/ 십자수 아이다원단,스마트스토어,,,판매중지,전시중,643227,1500,1500,,,N,N,N,,,,,1.0%,0,0,0,0,0,,,,오늘출발,"평일 16시00분까지 결제 완료된 주문

",기본 배송비 묶음그룹,조건부 무료,선결제,2500,2500,5000,N,Y,-,10491934171,,,,,,,가구/인테리어,수예,원단,,자체제작,자체브랜드,,,,N,N,N,,,,http://shop1.phinf.naver.net/20161016_200/es84214_1476596045102xgJCq_JPEG/939726763464404_-655710463.jpg,,,,Y,2016-10-16 14:34:51,2026-02-10 15:40:49,
,525309958,,메리미/면20수 1/8마 5종원단패키지,스마트스토어,,,판매중지,전시중,34510,7200,7200,,,N,N,N,,,,,1.0%,0,0,0,0,0,,,,오늘출발,"평일 16시00분까지 결제 완료된 주문

",기본 배송비 묶음그룹,조건부 무료,선결제,2500,2500,5000,N,Y,-,10491921999,,,,,,,가구/인테리어,수예,원단,,자체제작,자체브랜드,,,,N,N,N,,,,http://shop1.phinf.naver.net/20161016_71/es84214_1476594822852Kd31I_JPEG/937798343996967_-50709285.jpg,,,,Y,2016-10-16 14:31:14,2026-02-10 15:40:49,
,525305831,,블링블루3종 린넨 원단패키지 45cmx35cm,스마트스토어,,,판매중지,전시중,2425,5400,5400,,,N,N,N,,,,,1.0%,0,0,0,0,0,,,,오늘출발,"평일 16시00분까지 결제 완료된 주문

",기본 배송비 묶음그룹,조건부 무료,선결제,2500,2500,5000,N,Y,-,10491578288,,,,,,,가구/인테리어,수예,원단,,자체제작,자체브랜드,,,,N,N,N,,,,http://shop1.phinf.naver.net/20161016_223/es84214_1476592064735BRlm1_JPEG/935040223425125_1441419538.jpg,,,,Y,2016-10-16 13:31:21,2026-02-10 15:40:49,
,525304836,,스팃스 블링핑크3종 린넨 원단패키지 45cmx35cm,스마트스토어,,,판매중,전시중,3220,5400,5400,,,N,N,N,,,,,1.0%,0,0,0,0,0,,,,오늘출발,"평일 16시00분까지 결제 완료된 주문

",기본 배송비 묶음그룹,조건부 무료,선결제,3000,3000,5000,N,Y,-,10491430178,,,,,,,가구/인테리어,수예,원단,,스팃스,스팃스,,,,N,N,N,,,,http://shop1.phinf.naver.net/20161016_174/es84214_14765912051302LMIi_JPEG/934180620826682_-1283342903.jpg,,,,Y,2016-10-16 13:16:48,2026-06-17 22:18:34,
,523098102,,체크 베어4종/면 원단패키지 (1/8마x4종),스마트스토어,,,품절,전시중,0,4800,4800,,,N,N,N,,,,,1.0%,0,0,0,0,0,,,,오늘출발,"평일 16시00분까지 결제 완료된 주문

",기본 배송비 묶음그룹,조건부 무료,선결제,2500,2500,5000,N,Y,-,10480273611,,,,,,,가구/인테리어,수예,원단,,자체제작,자체브랜드,,,,N,N,N,,,,http://shop1.phinf.naver.net/20161014_292/es84214_1476433910972dpghQ_JPEG/776886461586607_-470496547.jpg,,,,Y,2016-10-14 17:34:04,2026-02-10 15:40:49,
,522899850,,clover 크로바 니들콤팩트(핑크) 휴대용바늘보관함,스마트스토어,,,판매중지,전시중,132120,11000,11000,,,N,N,N,,,,,1.0%,0,0,0,0,0,,,,오늘출발,"평일 16시00분까지 결제 완료된 주문

",기본 배송비 묶음그룹,조건부 무료,선결제,3000,3000,5000,N,Y,-,10479639705,,,,,,,가구/인테리어,수예,수예용품/부자재,,,,,,,N,N,N,,,,http://shop1.phinf.naver.net/20161014_226/es84214_1476426820514Iu1Mq_JPEG/771713030770788_-1341834410.jpg,,,,Y,2016-10-14 15:34:34,2025-10-30 13:58:08,
,522197010,,스팃스 면20수 런던3종 패키지원단 1/8마 x 3종,스마트스토어,,,판매중,전시중,312511,3800,3800,,,N,N,N,,,,,1.0%,0,0,0,0,0,,,,오늘출발,"평일 16시00분까지 결제 완료된 주문

",기본 배송비 묶음그룹,조건부 무료,선결제,3000,3000,5000,N,Y,-,10470784398,,,,,,,가구/인테리어,수예,원단,,스팃스,스팃스,,,,N,N,N,,,,http://shop1.phinf.naver.net/20170228_8/es84214_1488277924527CfxDQ_JPEG/12542748882057991_-14755280.JPG,,,,Y,2016-10-13 16:31:33,2026-06-17 22:19:04,
,521226919,,스팃스 21 501 크로바 리퍼 대형 실따개,스마트스토어,,,판매중,전시중,12275,6900,6900,,,N,N,N,,,,,1.0%,0,0,0,0,0,,,,오늘출발,"평일 16시00분까지 결제 완료된 주문

",기본 배송비 묶음그룹,조건부 무료,선결제,3000,3000,5000,N,Y,-,10463431174,,,,,,,가구/인테리어,수예,수예용품/부자재,,크로바,크로바,,,,N,N,N,,,,https://shop-phinf.pstatic.net/20161012_31/es84214_1476263741976zrVkk_JPEG/608634493832702_1775569572.jpg,,,,Y,2016-10-12 18:16:55,2026-06-17 22:19:34,
,521152050,,스팃스 천사 악세사리 팬던트 참장식 미니어처,스마트스토어,,,판매중,전시중,2633,1200,1200,,,N,N,N,,,,,1.0%,0,0,0,0,0,,,,오늘출발,"평일 16시00분까지 결제 완료된 주문

",기본 배송비 묶음그룹,조건부 무료,선결제,3000,3000,5000,N,Y,-,10463279746,,,,,,,패션잡화,주얼리,펜던트,유색보석펜던트,스팃스,스팃스,,,,N,N,N,,,,http://shop1.phinf.naver.net/20161012_277/es84214_1476261061949xw5mg_JPEG/605299737836248_-1552649886.jpg,,,,Y,2016-10-12 17:33:50,2026-06-17 22:20:06,
,521101071,,스팃스 57 640 크로바 커팅 재단매트 60x45cm,스마트스토어,57-640 크로바 커팅 재단매트 (60x45cm),,판매중,전시중,12336,24500,24500,,,N,N,N,,,,,1.0%,0,0,0,0,0,,,,오늘출발,"평일 16시00분까지 결제 완료된 주문

",기본 배송비 묶음그룹,조건부 무료,선결제,3000,3000,5000,N,Y,-,10463132148,,,,,,,가구/인테리어,수예,수예용품/부자재,,크로바,크로바,,,,N,N,N,,,,https://shop-phinf.pstatic.net/20180125_175/es84214_1516846658903WpLDh_JPEG/40153818523173011_-1088924113.jpg,,,,Y,2016-10-12 16:56:47,2026-06-17 22:20:36,
,520843586,,스팃스 린지플라워 3종 코튼100% 30수 패브릭 원단패키지,스마트스토어,,,판매중,전시중,32417,3400,3400,,,N,N,N,,,,,1.0%,0,0,0,0,0,,,,오늘출발,"평일 16시00분까지 결제 완료된 주문

",기본 배송비 묶음그룹,조건부 무료,선결제,3000,3000,5000,N,Y,-,10462596843,,,,,,,가구/인테리어,수예,원단,,스팃스,스팃스,,,,N,N,N,,,,http://shop1.phinf.naver.net/20161012_14/es84214_14762499869259FLXD_JPEG/11.jpg,,,,Y,2016-10-12 14:27:35,2026-06-17 22:21:06,
,512598178,,스팃스 0.6mx15m 탄성실 투명 우레탄줄 탄성줄 비즈공예 팔찌만들기재료 diy,스마트스토어,,,판매중,전시중,3084,1500,1500,,,N,N,N,,,,,1.0%,0,0,0,0,0,,,,오늘출발,"평일 16시00분까지 결제 완료된 주문

",기본 배송비 묶음그룹,조건부 무료,선결제,3000,3000,5000,N,Y,-,10424637540,,,,,,,가구/인테리어,수예,수예용품/부자재,,스팃스,스팃스,,,,N,N,N,,,,http://shop1.phinf.naver.net/20161005_220/es84214_1475652739802vpKag_JPEG/6742893483756642_2083846635.jpg,,,,Y,2016-10-05 16:34:55,2026-06-17 22:21:37,
,512538291,,스팃스 파스텔 비즈 팔찌 만들기 엔틱 50개 DIY 키트 부자재 포함 어린이 취미,스마트스토어,,,판매중,전시중,2329,1500,1500,,,N,N,N,,,,,1.0%,0,0,0,0,0,,,,오늘출발,"평일 16시00분까지 결제 완료된 주문

",기본 배송비 묶음그룹,조건부 무료,선결제,3000,3000,5000,N,Y,-,10424527816,,,,,,,출산/육아,교구,학습교구,미술교구,스팃스,스팃스,,,,N,N,N,,,,http://shop1.phinf.naver.net/20161112_207/es84214_1478947785140op0ta_JPEG/24342.jpg,,,,Y,2016-10-05 15:51:33,2026-02-20 12:56:04,
,512493629,,스팃스 비즈 팔찌 만들기 파스텔 50개 DIY 키트 부자재 포함 어린이 취미,스마트스토어,,,판매중,전시중,1226,1500,1500,,,N,N,N,,,,,1.0%,0,0,0,0,0,,,,오늘출발,"평일 16시00분까지 결제 완료된 주문

",기본 배송비 묶음그룹,조건부 무료,선결제,3000,3000,5000,N,Y,-,10424450119,,,,,,,출산/육아,교구,학습교구,미술교구,스팃스,스팃스,,,,N,N,N,,,,http://shop1.phinf.naver.net/20161112_34/es84214_1478947861102UEwLf_JPEG/111.jpg,,,,Y,2016-10-05 15:22:10,2026-06-17 22:22:38,
,512487217,,스팃스 비즈 팔찌 만들기 동그라미 50개 DIY 키트 부자재 포함 어린이 취미,스마트스토어,,,판매중,전시중,2324,1500,1500,,,N,N,N,,,,,1.0%,0,0,0,0,0,,,,오늘출발,"평일 16시00분까지 결제 완료된 주문

",기본 배송비 묶음그룹,조건부 무료,선결제,3000,3000,5000,N,Y,-,10424403753,,,,,,,출산/육아,교구,학습교구,미술교구,스팃스,스팃스,,,,N,N,N,,,,http://shop1.phinf.naver.net/20161005_149/es84214_1475647693500zk77n_JPEG/5293146959757341_-1207345495.jpg,,,,Y,2016-10-05 15:10:23,2026-06-17 22:23:10,
,512472726,,스팃스 비즈 팔찌 만들기 캔디 50개 DIY 키트 부자재 포함 어린이 취미,스마트스토어,,,판매중,전시중,2300,1500,1500,,,N,N,N,,,,,1.0%,0,0,0,0,0,,,,오늘출발,"평일 16시00분까지 결제 완료된 주문

",기본 배송비 묶음그룹,조건부 무료,선결제,3000,3000,5000,N,Y,-,10424349096,,,,,,,출산/육아,교구,학습교구,미술교구,스팃스,스팃스,,,,N,N,N,,,,http://shop1.phinf.naver.net/20161112_231/es84214_1478947959571Vltqg_JPEG/234.jpg,,,,Y,2016-10-05 14:38:29,2026-06-17 22:23:43,
,512449896,,스팃스 비즈 팔찌 만들기 레트로 50개 DIY 키트 부자재 포함 어린이 취미,스마트스토어,,,판매중,전시중,234410,1500,1500,,,N,N,N,,,,,1.0%,0,0,0,0,0,,,,오늘출발,"평일 16시00분까지 결제 완료된 주문

",기본 배송비 묶음그룹,조건부 무료,선결제,3000,3000,5000,N,Y,-,10424258358,,,,,,,출산/육아,교구,학습교구,미술교구,스팃스,스팃스,,,,N,N,N,,,,http://shop1.phinf.naver.net/20161112_270/es84214_1478947999619bU6mf_JPEG/3290975112049943_-1523355303.jpg,,,,Y,2016-10-05 13:46:40,2026-06-17 22:24:15,
,512432275,,스팃스 1/4마 9ct~28ct 십자수원단 아이다 화이트 면원단 9ct~28ct,스마트스토어,,,판매중,전시중,599985,3600,3600,,,Y,N,N,,,,,1.0%,0,0,0,0,0,,,,오늘출발,"평일 16시00분까지 결제 완료된 주문

",기본 배송비 묶음그룹,조건부 무료,선결제,3000,3000,5000,N,Y,-,10424187163,,,,,,,가구/인테리어,수예,자수,원단,스팃스,스팃스,,,,N,N,N,,,,https://shop-phinf.pstatic.net/20260210_28/1770696928480BM4Bc_PNG/100058546007149770_1799490423.png,,,,Y,2016-10-05 13:09:23,2026-06-17 22:24:48,
,511149127,,스팃스 칼라 카드링 열쇠고리 키링만들기 부자재,스마트스토어,,,판매중,전시중,308136,700,700,,,Y,N,N,,,,,1.0%,0,0,0,0,0,,,,오늘출발,"평일 16시00분까지 결제 완료된 주문

",기본 배송비 묶음그룹,조건부 무료,선결제,3000,3000,5000,N,Y,-,10416682454,,,,,,,패션잡화,패션소품,키홀더,,스팃스,스팃스,,,,N,N,N,,,,http://shop1.phinf.naver.net/20180929_178/es84214_1538220763718x42k2_JPEG/61527064344179784_454772055.JPG,,,,Y,2016-10-03 13:26:37,2026-06-17 22:25:22,
,506760362,,스팃스 초대폭 170x90cm 1마 네츄럴 광목 린넨 프랑스자수 원단,스마트스토어,,,판매중,전시중,233938,6400,6400,,,N,N,N,,,,,1.0%,0,0,0,0,0,,,,오늘출발,"평일 16시00분까지 결제 완료된 주문

",기본 배송비 묶음그룹,조건부 무료,선결제,3000,3000,5000,N,Y,-,10401820279,,,,,,,가구/인테리어,수예,원단,,스팃스,스팃스,,,,N,N,N,,,,http://shop1.phinf.naver.net/20170116_148/es84214_1484555447256d815u_JPEG/8820279520168169_-857461538.JPG,,,,Y,2016-09-29 14:39:03,2026-06-17 22:25:53,
,503936530,,스팃스 로즈가든3종 면100% 패브릭 원단패키지,스마트스토어,,,판매중,전시중,13369,3400,3400,,,N,N,N,,,,,1.0%,0,0,0,0,0,,,,오늘출발,"평일 16시00분까지 결제 완료된 주문

",기본 배송비 묶음그룹,조건부 무료,선결제,3000,3000,5000,N,Y,-,10385655284,,,,,,,가구/인테리어,수예,원단,,스팃스,스팃스,,,,N,N,N,,,,http://shop1.phinf.naver.net/20160927_45/es84214_14749067860339YHQy_JPEG/123213231.jpg,,,,Y,2016-09-27 01:21:16,2026-02-20 12:56:04,
,503076110,,스팃스 36 391 크로바 캡 쪽가위 핑크,스마트스토어,,,판매중,전시중,31412,19800,19800,,,N,N,N,,,,,1.0%,0,0,0,0,0,,,,오늘출발,"평일 16시00분까지 결제 완료된 주문

",기본 배송비 묶음그룹,조건부 무료,선결제,3000,3000,5000,N,Y,-,10383478316,,,,,,,가구/인테리어,수예,수예용품/부자재,,크로바,크로바,,,,N,N,N,,,,https://shop-phinf.pstatic.net/20160926_89/es84214_1474856064105Va7Is_JPEG/4501327911219231_-2092375831.jpg,,,,Y,2016-09-26 11:17:19,2026-06-17 22:26:54,
,499427574,,스팃스 36칸 다용도케이스 보빈함 소품 레고 부품 정리함,스마트스토어,,,판매중,전시중,323992,4000,4000,,,N,N,N,,,,,1.0%,0,0,0,0,0,,,,오늘출발,"평일 16시00분까지 결제 완료된 주문

",기본 배송비 묶음그룹,조건부 무료,선결제,3000,3000,5000,N,Y,-,10371628398,,,,,,,생활/건강,수집품,모형/프라모델/피규어,보관용품,스팃스,스팃스,,,,N,N,N,,,,http://shop1.phinf.naver.net/20240125_72/1706154852270lMEWN_JPEG/107290694985748863_502547251.jpg,,,,Y,2016-09-23 15:05:52,2026-06-17 22:27:26,
,497163813,,스팃스 노루 버드 펜던트 참장식 악세사리 부자재,스마트스토어,,,판매중,전시중,58,850,850,,,Y,N,Y,,,,,1.0%,0,0,0,0,0,,,,오늘출발,"평일 16시00분까지 결제 완료된 주문

",기본 배송비 묶음그룹,조건부 무료,선결제,3000,3000,5000,N,Y,-,10354373080,,,,,,,패션잡화,주얼리,펜던트,유색보석펜던트,스팃스,스팃스,,,,N,N,N,,,,http://shop1.phinf.naver.net/20160920_45/es84214_1474342541848gEAEN_JPEG/3987805654987815_-1105496428.jpg,,,,Y,2016-09-20 12:36:48,2026-06-17 22:28:00,
,497050023,,선물/팔찌 펜던트 악세사리 참장식 미니어처 diy,스마트스토어,,,판매중지,전시중,89965,1100,1100,,,Y,N,N,,,,,1.0%,0,0,0,0,0,,,,오늘출발,"평일 16시00분까지 결제 완료된 주문

",기본 배송비 묶음그룹,조건부 무료,선결제,2500,2500,5000,N,Y,-,10350453478,,,,,,,패션잡화,주얼리,펜던트,유색보석펜던트,자체제작,자체브랜드,,,,N,N,N,,,,http://shop1.phinf.naver.net/20160920_130/es84214_1474302633739EirT2_JPEG/3947897535751850_-1944178729.jpg,,,,Y,2016-09-20 01:32:42,2026-02-10 15:40:49,
,489224188,,스팃스 36 653 크로바 캡 재단가위 21cm 핑크,스마트스토어,,,판매중,전시중,9995,38000,38000,,,N,N,N,,,,,1.0%,0,0,0,0,0,,,,오늘출발,"평일 16시00분까지 결제 완료된 주문

",기본 배송비 묶음그룹,조건부 무료,선결제,3000,3000,5000,N,Y,-,10326962266,,,,,,,가구/인테리어,수예,수예용품/부자재,,크로바,크로바,,,,N,N,N,,,,https://shop-phinf.pstatic.net/20240611_296/1718086281346MJLBc_JPEG/119222180058461291_1504778115.jpg,,,,Y,2016-09-12 16:54:06,2026-02-13 19:43:38,
,489058448,,스팃스 칼라 군번줄 열쇠고리 15종 컬러 구슬줄 체인 키링 DIY 부자재,스마트스토어,,,판매중,전시중,6053187,300,300,,,Y,N,Y,,,,,1.0%,0,0,0,0,0,,,,오늘출발,"평일 16시00분까지 결제 완료된 주문

",기본 배송비 묶음그룹,조건부 무료,선결제,3000,3000,5000,N,Y,-,10326511712,,,,,,,패션잡화,패션소품,키홀더,,스팃스,스팃스,,,,N,N,N,,,,http://shop1.phinf.naver.net/20180929_266/es84214_1538221123286FHr2a_JPEG/61528302799948087_1231668402.jpg,,,,Y,2016-09-12 13:58:02,2026-06-17 22:29:03,
,488969605,,스팃스 골드아이 기본바늘 바늘세트 3~9호 16개입,스마트스토어,,,판매중,전시중,342377,1500,1500,,,N,N,N,,,,,1.0%,0,0,0,0,0,,,,오늘출발,"평일 16시00분까지 결제 완료된 주문

",기본 배송비 묶음그룹,조건부 무료,선결제,3000,3000,5000,N,Y,-,10326175583,,,,,,,가구/인테리어,수예,자수,실/바늘,스팃스,스팃스,,,,N,N,N,,,,http://shop1.phinf.naver.net/20230915_143/1694755264425kPjHQ_JPEG/8644122229799999_1492008743.jpg,,,,Y,2016-09-12 11:01:58,2026-06-17 22:29:36,
,486290036,,스팃스 DMC 바늘 24호 개별포장 프랑스자수 십자수 퀼트 자수바늘,스마트스토어,,,판매중,전시중,999396,700,700,,,N,N,N,,,,,1.0%,0,0,0,0,0,,,,오늘출발,"평일 16시00분까지 결제 완료된 주문

",기본 배송비 묶음그룹,조건부 무료,선결제,3000,3000,5000,N,Y,-,10310770546,,,,,,,가구/인테리어,수예,자수,실/바늘,DMC,DMC,11194,,,N,N,N,,,,https://shop-phinf.pstatic.net/20161112_244/es84214_1478946739870lK0Ys_JPEG/3290977659379297_221415776.jpg,,,,Y,2016-09-08 13:07:43,2026-02-13 19:43:38,
,486042282,,스팃스 발레리나 악세사리 참장식 주얼리 펜던트,스마트스토어,,,판매중,전시중,9978,900,900,,,Y,N,N,,,,,1.0%,0,0,0,0,0,,,,오늘출발,"평일 16시00분까지 결제 완료된 주문

",기본 배송비 묶음그룹,조건부 무료,선결제,3000,3000,5000,N,Y,-,10306731578,,,,,,,패션잡화,주얼리,펜던트,유색보석펜던트,스팃스,스팃스,,,,N,N,N,,,,http://shop1.phinf.naver.net/20160907_72/es84214_1473247102573iVxYa_JPEG/2892436067822471_-1936795797.jpg,,,,Y,2016-09-07 20:21:45,2026-06-17 22:30:42,
,486022242,,스팃스 새장 금장 펜던트 악세사리 참장식 머리핀 부자재 미니어처,스마트스토어,,,판매중,전시중,199938,600,600,,,Y,N,N,,,,,1.0%,0,0,0,0,0,,,,오늘출발,"평일 16시00분까지 결제 완료된 주문

",기본 배송비 묶음그룹,조건부 무료,선결제,3000,3000,5000,N,Y,-,10306676703,,,,,,,패션잡화,주얼리,펜던트,유색보석펜던트,스팃스,스팃스,,,,N,N,N,,,,http://shop1.phinf.naver.net/20160907_49/es84214_14732460901145pinK_JPEG/4336243797254617_1090480860.jpg,,,,Y,2016-09-07 20:10:11,2026-06-17 22:31:18,
,483165866,,스팃스 골드 엔틱 가위 프랑스자수 금장 자수가위 DIY 부자재 재단 실가위,스마트스토어,,,판매중,전시중,19901,11000,11000,,,N,N,N,,,,,1.0%,0,0,0,0,0,,,,오늘출발,"평일 16시00분까지 결제 완료된 주문

",기본 배송비 묶음그룹,조건부 무료,선결제,3000,3000,5000,N,Y,-,10292540151,,,,,,,가구/인테리어,수예,수예용품/부자재,,스팃스,스팃스,,,,N,N,N,,,,http://shop1.phinf.naver.net/20260224_97/1771917235800TpguP_JPEG/56289652916499389_1170096229.jpg,,,,Y,2016-09-04 13:47:59,2026-06-17 22:31:50,
,483143956,,스팃스 매직캔버스화이트 물에 녹는 십자수원단 수용성원단,스마트스토어,,,판매중,전시중,19869,3500,3500,,,N,N,N,,,,,1.0%,0,0,0,0,0,,,,오늘출발,"평일 16시00분까지 결제 완료된 주문

",기본 배송비 묶음그룹,조건부 무료,선결제,3000,3000,5000,N,Y,-,10292497896,,,,,,,가구/인테리어,수예,수예용품/부자재,,스팃스,스팃스,,,,N,N,N,,,,http://shop1.phinf.naver.net/20170110_194/es84214_1484012916405wNh6x_JPEG/8359218157939678_559152929.JPG,,,,Y,2016-09-04 12:59:55,2026-06-17 22:32:23,
,483134024,,스팃스 12칸 아크릴 비즈케이스 소품 악세사리 정리함,스마트스토어,,,판매중,전시중,999991,3700,3700,,,N,N,N,,,,,1.0%,0,0,0,0,0,,,,오늘출발,"평일 16시00분까지 결제 완료된 주문

",기본 배송비 묶음그룹,조건부 무료,선결제,3000,3000,5000,N,Y,-,12588989829,,,,,,,생활/건강,수납/정리용품,정리함,소품정리함,스팃스,스팃스,,,,N,N,N,,,,http://shop1.phinf.naver.net/20160904_179/es84214_1472960200859Fy4w4_JPEG/4.jpg,,,,Y,2016-09-04 12:37:50,2026-06-17 22:32:57,
,480697324,,스팃스 4색 일제 수성펜 기화성펜 십자수 프랑스자수 바보펜,스마트스토어,,,판매중,전시중,332783,1000,1000,,,Y,N,N,,,,,1.0%,0,0,0,0,0,,,,오늘출발,"평일 16시00분까지 결제 완료된 주문

",기본 배송비 묶음그룹,조건부 무료,선결제,3000,3000,5000,N,Y,-,10284611521,,,,,,,가구/인테리어,수예,수예용품/부자재,,스팃스,스팃스,,,,N,N,N,,,,http://shop1.phinf.naver.net/20210116_45/1610777131636Ye8Eu_JPEG/11913027355777515_646198503.jpg,,,,Y,2016-09-02 12:48:41,2026-06-17 22:33:31,
,480620336,,스팃스 0.4mmx60m 공예용 투명 낚시줄 팔찌만들기 비즈공예 투명실 diy 부자재,스마트스토어,,,판매중,전시중,999978,2500,2500,,,N,N,N,,,,,1.0%,0,0,0,0,0,,,,오늘출발,"평일 16시00분까지 결제 완료된 주문

",기본 배송비 묶음그룹,조건부 무료,선결제,3000,3000,6000,N,Y,-,12301272139,,,,,,,가구/인테리어,수예,수예용품/부자재,,스팃스,스팃스,,,,N,N,N,,,,http://shop1.phinf.naver.net/20160912_99/es84214_1473652944011wUnqg_JPEG/3298397474432432_836362770.jpg,,,,Y,2016-09-02 10:54:20,2026-06-17 22:34:05,
,480413137,,울사 144색 프랑스자수 입체자수 자수실세트,스마트스토어,,,판매중지,전시중,99982,50500,50500,,,N,N,N,,,,,1.0%,0,0,0,0,0,,,,오늘출발,"평일 16시00분까지 결제 완료된 주문

",기본 배송비 묶음그룹,조건부 무료,선결제,2500,2500,5000,N,Y,-,10280914815,,,,,,,가구/인테리어,수예,자수,실/바늘,자체제작,자체브랜드,,,,N,N,N,,,,http://shop1.phinf.naver.net/20190102_205/es84214_1546393692878bYHRi_JPEG/69700852496812446_1836080259.jpg,,,,Y,2016-09-01 20:30:25,2026-02-10 15:40:49,
,480405472,,스팃스 엘리스 참장식 팔찌 펜던트 키링 목걸이 악세사리 만들기,스마트스토어,,,판매중,전시중,19991,1000,1000,,,Y,N,N,,,,,1.0%,0,0,0,0,0,,,,오늘출발,"평일 16시00분까지 결제 완료된 주문

",기본 배송비 묶음그룹,조건부 무료,선결제,3000,3000,5000,N,Y,-,10280829217,,,,,,,패션잡화,주얼리,펜던트,유색보석펜던트,스팃스,스팃스,,,,N,N,N,,,,http://shop1.phinf.naver.net/20160920_100/es84214_1474300071166v9gYX_JPEG/3945404658904999_2131030600.jpg,,,,Y,2016-09-01 19:48:12,2026-06-17 22:34:42,
,479432499,,자동차 가방/팔찌 참장식 악세사리 키링 열쇠고리 부자재,스마트스토어,,,품절,전시중,0,1500,1500,,,Y,N,N,,,,,1.0%,0,0,0,0,0,,,,일반배송,,기본 배송비 묶음그룹,조건부 무료,착불 또는 선결제,2500,2500,5000,N,Y,-,80822310220,,,,,,,패션잡화,주얼리,펜던트,유색보석펜던트,자체제작,자체브랜드,,,,N,N,N,,,,http://shop1.phinf.naver.net/20160831_133/es84214_1472621613596wEVtq_JPEG/2266947088785005_-558388443.jpg,,,,Y,2016-08-31 14:36:09,2026-02-10 15:40:49,
,479148154,,스팃스 36 221 NCS 210 크로바 재단가위 21cm,스마트스토어,,,판매중,전시중,4319,82500,82500,,,N,N,N,,,,,1.0%,0,0,0,0,0,,,,오늘출발,"평일 16시00분까지 결제 완료된 주문

",기본 배송비 묶음그룹,조건부 무료,선결제,3000,3000,5000,N,Y,-,10272138954,,,,,,,가구/인테리어,수예,수예용품/부자재,,크로바,크로바,,,,N,N,N,,,,https://shop-phinf.pstatic.net/20160830_174/es84214_1472559147291fX0AJ_JPEG/2204411101240921_-386735533.jpg,,,,Y,2016-08-30 21:14:53,2026-06-17 22:35:15,
,478664017,,팅커벨/참장식 팔찌 머리핀 미니어처 펜던트 diy,스마트스토어,,,판매중지,전시중,37558,1000,1000,,,Y,N,N,,,,,1.0%,0,0,0,0,0,,,,오늘출발,"평일 16시00분까지 결제 완료된 주문

",기본 배송비 묶음그룹,조건부 무료,선결제,3000,3000,5000,N,Y,-,13341114753,,,,,,,패션잡화,주얼리,펜던트,유색보석펜던트,자체제작,자체브랜드,,,,N,N,N,,,,http://shop1.phinf.naver.net/20160830_163/es84214_1472530137208ja2dq_JPEG/2175590664969594_2087028476.jpg,,,,Y,2016-08-30 13:11:43,2026-02-10 15:40:49,
,477753407,,스팃스 칼라 키링 열쇠고리 버클 키홀더 키링만들기 diy 부자재,스마트스토어,,,판매중,전시중,479348,2800,2800,,,Y,N,Y,,,,,1.0%,0,0,0,0,0,,,,오늘출발,"평일 16시00분까지 결제 완료된 주문

",기본 배송비 묶음그룹,조건부 무료,선결제,3000,3000,5000,N,Y,-,10266866502,,,,,,,패션잡화,패션소품,키홀더,,스팃스,스팃스,,,,N,N,N,,,,http://shop1.phinf.naver.net/20180929_181/es84214_1538220081579ExR0t_JPEG/61527261217804839_946519649.jpg,,,,Y,2016-08-29 12:10:33,2026-06-17 22:35:50,
,472569864,,스팃스 블루계열 핸드메이드 뜨개도일리 티코스터 10cm,스마트스토어,,,판매중,전시중,117015,2000,2000,,,Y,N,N,,,,,1.0%,0,0,0,0,0,,,,오늘출발,"평일 16시00분까지 결제 완료된 주문

",기본 배송비 묶음그룹,조건부 무료,선결제,3000,3000,5000,N,Y,-,10246172979,,,,,,,가구/인테리어,수예,뜨개질,완제품,스팃스,스팃스,,,,N,N,N,,,,http://shop1.phinf.naver.net/20170426_91/es84214_1493173443767vRwt8_JPEG/17438268120561006_1931964436.jpg,,,,Y,2016-08-24 14:25:26,2026-06-17 22:36:24,
,471834417,,스팃스 22색 베리에이션 프랑스자수 자수실세트 박스형,스마트스토어,,,판매중,전시중,99952,10500,10500,,,N,Y,N,,,,,1.0%,0,0,0,0,0,,,,오늘출발,"평일 16시00분까지 결제 완료된 주문

",기본 배송비 묶음그룹,조건부 무료,선결제,3000,3000,5000,N,Y,-,10238970628,,,,,,,가구/인테리어,수예,자수,실/바늘,스팃스,스팃스,,,,N,N,N,,,,http://shop1.phinf.naver.net/20160823_143/es84214_1471917758536FLhjO_JPEG/1.jpg,,,,Y,2016-08-23 11:04:37,2026-06-17 22:36:59,
,471117624,,스팃스 미니 실따개 자수용품 프랑스자수 십자수 실정리 리퍼,스마트스토어,,,판매중,전시중,99497,500,500,,,N,N,N,,,,,1.0%,0,0,0,0,0,,,,오늘출발,"평일 16시00분까지 결제 완료된 주문

",기본 배송비 묶음그룹,조건부 무료,선결제,3000,3000,5000,N,Y,-,10234554067,,,,,,,가구/인테리어,수예,수예용품/부자재,,스팃스,스팃스,,,,N,N,N,,,,http://shop1.phinf.naver.net/20160822_263/es84214_1471838737299W1Hzi_JPEG/2928890972478674_1157428428.jpg,,,,Y,2016-08-22 13:07:51,2026-06-17 22:37:33,
,470852702,,스팃스 고급 쪽가위 실밥정리 수예용품,스마트스토어,,,판매중,전시중,14103,1000,1000,,,N,N,N,,,,,1.0%,0,0,0,0,0,,,,오늘출발,"평일 16시00분까지 결제 완료된 주문

",기본 배송비 묶음그룹,조건부 무료,선결제,3000,3000,5000,N,Y,-,10232847934,,,,,,,가구/인테리어,수예,수예용품/부자재,,스팃스,스팃스,,,,N,N,N,,,,http://shop1.phinf.naver.net/20160821_276/es84214_1471779820480Lrmy0_JPEG/2869974156804948_-1682788988.jpg,,,,Y,2016-08-21 20:47:56,2026-06-17 22:38:07,
,469277439,,버스/팔찌 참장식 펜던트 열쇠고리 머리핀 미니어처재료,스마트스토어,,,판매중지,전시중,2969,3000,3000,,,Y,N,N,,,,,1.0%,0,0,0,0,0,,,,오늘출발,"평일 16시00분까지 결제 완료된 주문

",기본 배송비 묶음그룹,조건부 무료,선결제,3000,3000,5000,N,Y,-,10226338153,,,,,,,패션잡화,주얼리,펜던트,유색보석펜던트,자체제작,자체브랜드,,참장식,,N,N,N,,,,http://shop1.phinf.naver.net/20160828_74/es84214_1472356799607OHcL7_JPEG/2002133098654063_394217883.jpg,,,,Y,2016-08-19 21:29:19,2026-02-10 15:40:49,
,469081501,,스팃스 플라스틱 칼라고리 팬시고리 버클 칼라링 칼라후크 diy,스마트스토어,플라스틱 칼라고리 팬시고리 버클 칼라링 칼라후크 diy,,판매중,전시중,99998563,100,100,,,N,N,N,,,,,1.0%,0,0,0,0,0,,,,오늘출발,"평일 16시00분까지 결제 완료된 주문

",기본 배송비 묶음그룹,조건부 무료,선결제,3000,3000,5000,N,Y,-,10225901961,,,,,,,출산/육아,교구,학습교구,미술교구,스팃스,스팃스,,,,N,N,N,,,,http://shop1.phinf.naver.net/20160827_101/es84214_1472285105725M4aFm_JPEG/1930439210844979_-1845626124.jpg,,,,Y,2016-08-19 19:20:24,2026-06-17 22:38:42,
,469030934,,둥지/참장식 팬던트 팔찌 비즈 목걸이 키링 악세사리 만들기재료,스마트스토어,,,판매중지,전시중,9999,900,900,,,Y,N,N,,,,,1.0%,0,0,0,0,0,,,,오늘출발,"평일 16시00분까지 결제 완료된 주문

",기본 배송비 묶음그룹,조건부 무료,선결제,3000,3000,5000,N,Y,-,10225800573,,,,,,,패션잡화,주얼리,펜던트,유색보석펜던트,자체제작,자체브랜드,,,,N,N,N,,,,http://shop1.phinf.naver.net/20160830_282/es84214_14725316790891woFP_JPEG/2177132546020783_-1009159832.jpg,,,,Y,2016-08-19 18:43:07,2026-02-10 15:40:49,
,468539941,,스팃스 파스텔 비즈 팔찌 만들기 세트 DIY 키트 부자재 포함 어린이 취미,스마트스토어,,,판매중,전시중,833433,9900,9900,,,N,N,N,,,,,1.0%,0,0,0,0,0,,,,오늘출발,"평일 16시00분까지 결제 완료된 주문

",기본 배송비 묶음그룹,조건부 무료,선결제,3000,3000,5000,N,Y,-,10224747376,,,,,,,출산/육아,유아동 주얼리,팔찌,,스팃스,스팃스,,,,N,N,N,,,,http://shop1.phinf.naver.net/20161129_194/es84214_1480410988852fXh8f_JPEG/11.jpg,,,,Y,2016-08-19 14:50:40,2026-06-17 22:39:19,
,468159681,,스팃스 10칸 휴대용 알약케이스 비즈 악세사리 보관함 소품정리함,스마트스토어,,,판매중,전시중,4413,800,800,,,N,N,N,,,,,1.0%,0,0,0,0,0,,,,오늘출발,"평일 16시00분까지 결제 완료된 주문

",기본 배송비 묶음그룹,조건부 무료,선결제,3000,3000,5000,N,Y,-,10223945695,,,,,,,생활/건강,수납/정리용품,정리함,소품정리함,스팃스,스팃스,,,,N,N,N,,,,http://shop1.phinf.naver.net/20161112_194/es84214_1478945174560C0CTn_JPEG/3209963113855256_-255799106.jpg,,,,Y,2016-08-19 10:53:07,2026-06-17 22:39:56,
,467775458,,스팃스 24칸 다용도케이스 부품 레고 소품정리함 악세사리보관함,스마트스토어,,,판매중,전시중,13324,3200,3200,,,N,N,N,,,,,1.0%,0,0,0,0,0,,,,오늘출발,"평일 16시00분까지 결제 완료된 주문

",기본 배송비 묶음그룹,조건부 무료,선결제,3000,3000,5000,N,Y,-,10219714652,,,,,,,생활/건강,수집품,모형/프라모델/피규어,보관용품,스팃스,스팃스,,,,N,N,N,,,,http://shop1.phinf.naver.net/20170428_191/es84214_1493338233550LaTmj_JPEG/17684535299892843_799861063.JPG,,,,Y,2016-08-18 19:14:22,2026-06-17 22:40:33,
,467504277,,스팃스 18칸 칸막이케이스 소품 악세사리 정리함,스마트스토어,,,판매중,전시중,13198,2300,2300,,,N,N,N,,,,,1.0%,0,0,0,0,0,,,,오늘출발,"평일 16시00분까지 결제 완료된 주문

",기본 배송비 묶음그룹,조건부 무료,선결제,3000,3000,5000,N,Y,-,11879599471,,,,,,,생활/건강,수납/정리용품,정리함,소품정리함,스팃스,스팃스,,,,N,N,N,,,,http://shop1.phinf.naver.net/20170428_103/es84214_1493348636548Yysqo_JPEG/17613460901989782_1736831554.JPG,,,,Y,2016-08-18 15:20:15,2026-06-17 22:41:10,
,466780544,,스팃스 16칸 다용도케이스 보빈함 레고 블럭 악세사리정리함,스마트스토어,,,판매중,전시중,885077,3800,3800,,,N,N,N,,,,,1.0%,0,0,0,0,0,,,,오늘출발,"평일 16시00분까지 결제 완료된 주문

",기본 배송비 묶음그룹,조건부 무료,선결제,3000,3000,5000,N,Y,-,10201405690,,,,,,,생활/건강,수집품,모형/프라모델/피규어,보관용품,스팃스,스팃스,,,,N,N,N,,,,http://shop1.phinf.naver.net/20170627_257/es84214_1498558919098My0k6_JPEG/21864883719554041_2099138098.JPG,,,,Y,2016-08-17 14:42:48,2026-06-17 22:41:46,
,450031018,,DMC 보빈와인더 실감개 프랑스자수 자수실 실정리 도우미,스마트스토어,,,판매중지,전시중,3346,5000,5000,,,N,Y,N,,,,,1.0%,0,0,0,0,0,,,,오늘출발,"평일 16시00분까지 결제 완료된 주문

",기본 배송비 묶음그룹,조건부 무료,선결제,3000,3000,5000,N,Y,-,10110172291,,,,,,,가구/인테리어,수예,수예용품/부자재,,,,,,,N,N,N,,,,http://shop1.phinf.naver.net/20161031_39/es84214_1477903998555nNMET_JPEG/51bHvk8RxXL.jpg,,,,Y,2016-07-25 13:14:55,2024-05-02 10:44:16,
,450008204,,스팃스 11.5cm 실크 학가위 엔틱 빈티지 가위 프랑스자수 자수가위 실가위 DIY 부자재,스마트스토어,11.5cm 실크학가위 엔틱 빈티지가위 프랑스자수 자수가위,,판매중,전시중,77425,8000,8000,,,Y,N,N,,,,,1.0%,0,0,0,0,0,,,,오늘출발,"평일 16시00분까지 결제 완료된 주문

",기본 배송비 묶음그룹,조건부 무료,선결제,3000,3000,6000,N,Y,-,10110067829,,,,,,,가구/인테리어,수예,수예용품/부자재,,스팃스,스팃스,,,,N,N,N,,,,https://shop-phinf.pstatic.net/20191205_238/15755226371173Jo2h_JPEG/12882471492080452_646739984.jpg,,,,Y,2016-07-25 11:53:41,2026-06-17 22:42:21,
,449710165,,스팃스 18칸 투명아크릴정리함 소품악세사리 보관함,스마트스토어,,,판매중,전시중,8395,8400,8400,,,N,N,N,,,,,1.0%,0,0,0,0,0,,,,오늘출발,"평일 16시00분까지 결제 완료된 주문

",기본 배송비 묶음그룹,조건부 무료,선결제,3000,3000,6000,N,Y,-,12588989782,,,,,,,가구/인테리어,수예,수예용품/부자재,,스팃스,스팃스,,,,N,N,N,,,,http://shop1.phinf.naver.net/20170201_201/es84214_1485955014127Qlait_JPEG/10219793465274951_1377364456.JPG,,,,Y,2016-07-23 17:41:20,2026-06-17 22:42:57,
,449697802,,스팃스 수입 꽃자수 레이스 린넨 리본끈,스마트스토어,,,판매중,전시중,198330,3200,3200,,,Y,N,N,,,,,1.0%,0,0,0,0,0,,,,오늘출발,"평일 16시00분까지 결제 완료된 주문

",기본 배송비 묶음그룹,조건부 무료,선결제,3000,3000,6000,N,Y,-,10105803957,,,,,,,가구/인테리어,수예,수예용품/부자재,,스팃스,스팃스,,,,N,N,N,,,,http://shop1.phinf.naver.net/20160723_278/es84214_14692600645543wXpd_JPEG/50.jpg,,,,Y,2016-07-23 16:48:54,2026-06-17 22:43:32,
,448711191,,스팃스 9ct~24ct 15x15/십자수 화이트 아이다원단,스마트스토어,,,판매중,전시중,499897,1000,1000,,,Y,Y,N,,,,,1.0%,0,0,0,0,0,,,,오늘출발,"평일 16시00분까지 결제 완료된 주문

",기본 배송비 묶음그룹,조건부 무료,선결제,3000,3000,6000,N,Y,-,10100017911,,,,,,,가구/인테리어,수예,원단,,스팃스,스팃스,,십자수원단,,N,N,N,,,,https://shop-phinf.pstatic.net/20161016_123/es84214_1476597587702UPLze_JPEG/942480216777624_-1473224621.jpg,,,,Y,2016-07-22 11:25:58,2026-06-17 22:44:07,
,448672119,,스팃스 57-261 크로바 플라스틱 컬러수틀 12cm-네이비,스마트스토어,,,판매중,전시중,156478,9800,9800,,,N,Y,N,,,,,1.0%,0,0,0,0,0,,,,오늘출발,"평일 16시00분까지 결제 완료된 주문

",기본 배송비 묶음그룹,조건부 무료,선결제,3000,3000,6000,N,Y,-,10099909855,,,,,,,가구/인테리어,수예,수예용품/부자재,,크로바,크로바,,,,N,N,N,,,,https://shop-phinf.pstatic.net/20161130_47/es84214_1480495992590qLm0B_JPEG/4760781141897687_-1214001013.jpg,,,,Y,2016-07-22 10:55:30,2026-06-17 22:44:43,
,448286439,,면사 204색상 자수실세트 프랑스자수 십자수실,스마트스토어,,,판매중지,전시중,99999936,53000,53000,,,N,Y,N,,,,,1.0%,0,0,0,0,0,,,,오늘출발,"평일 16시00분까지 결제 완료된 주문

",기본 배송비 묶음그룹,조건부 무료,선결제,3000,3000,6000,N,Y,-,10095583673,,,,,,,가구/인테리어,수예,자수,패키지,자체제작,자체브랜드,,,,N,N,N,,,,http://shop1.phinf.naver.net/20160721_127/shopnCommonUser_1469087520921jL4F7_PNG/80703937526703825_1174374563.png,,,,Y,2016-07-21 16:55:54,2026-02-10 15:40:49,
,447295597,,스팃스 원형 수틀 8cm~34cm 대나무 자수틀 프랑스자수 십자수 퀼트 수틀액자 인테리어 DIY,스마트스토어,원형 수틀 8cm~34cm /대나무 자수틀 프랑스자수 십자수 퀼트 수틀액자 인테리어 diy,,판매중,전시중,1600672,2000,2000,,,Y,Y,N,,,,,1.0%,0,0,0,0,0,,,,오늘출발,"평일 16시00분까지 결제 완료된 주문

",기본 배송비 묶음그룹,조건부 무료,선결제,3000,3000,6000,N,Y,-,10090277935,,,,,,,가구/인테리어,수예,수예용품/부자재,,스팃스,스팃스,,,,N,N,N,,,,https://shop-phinf.pstatic.net/20160921_190/es84214_1474427347246DLUab_JPEG/4072680738920633_-1655835828.jpg,,,,Y,2016-07-20 13:40:50,2026-06-17 22:45:21,
,447289313,,스팃스 보빈 25개 십자수 프랑스자수 자수실정리 화이트보빈,스마트스토어,,,판매중,전시중,1565845,600,600,,,N,Y,N,,,,,1.0%,0,0,0,0,0,,,,오늘출발,"평일 16시00분까지 결제 완료된 주문

",기본 배송비 묶음그룹,조건부 무료,선결제,3000,3000,6000,N,Y,-,10090168514,,,,,,,가구/인테리어,수예,수예용품/부자재,,스팃스,스팃스,,,,N,N,N,,,,https://shop-phinf.pstatic.net/20230517_63/1684296369752FTMd1_JPEG/1967854177903190_826177125.jpg,,,,Y,2016-07-20 13:20:17,2026-06-17 22:45:58,
,447283606,,"50개,100개 / 프랑스자수 십자수 면사 자수실 자수용 DIY 공예 재료",스마트스토어,"50개,100개 / 프랑스자수 십자수 면사 자수실 자수용 DIY 공예 재료",,판매중,전시중,262794,6800,6800,,,Y,Y,N,,,,,1.0%,0,0,0,0,0,,,,오늘출발,"평일 16시00분까지 결제 완료된 주문

",기본 배송비 묶음그룹,조건부 무료,선결제,3000,3000,6000,N,Y,-,10090126224,,,,,,,가구/인테리어,수예,자수,실/바늘,스팃스,스팃스,,,,N,N,N,,,,https://shop-phinf.pstatic.net/20160827_96/es84214_1472307779788FqIlW_JPEG/1953233246983812_-710180085.jpg,,,,Y,2016-07-20 13:02:02,2026-06-17 22:46:36,
,442305359,,스팃스 DMC 자수실 25번 면사 전색상 489색 풀세트 DMC 24호 바늘세트증정,스마트스토어,,,판매중,전시중,34221,530000,530000,,,N,Y,N,,,,,1.0%,0,0,0,0,0,,,,오늘출발,"평일 16시00분까지 결제 완료된 주문

",기본 배송비 묶음그룹,조건부 무료,선결제,3000,3000,6000,N,Y,-,10646719038,,,,,,,가구/인테리어,수예,자수,실/바늘,DMC,DMC,11194,,,N,N,N,,,,https://shop-phinf.pstatic.net/20160819_160/es84214_1471606456697vhtpk_JPEG/1.jpg,,,,Y,2016-07-11 14:11:35,2026-02-13 19:45:35,
,442272246,,스팃스 투명아크릴케이스 칸막이 다용도정리함 악세사리 비즈 레고 소품보관함,스마트스토어,,,판매중,전시중,29199,3400,3400,,,N,N,N,,,,,1.0%,0,0,0,0,0,,,,오늘출발,"평일 16시00분까지 결제 완료된 주문

",기본 배송비 묶음그룹,조건부 무료,선결제,3000,3000,6000,N,Y,-,10086385546,,,,,,,생활/건강,수집품,모형/프라모델/피규어,보관용품,스팃스,스팃스,,홈데코 투명다용도케이스,,N,N,N,,,,http://shop1.phinf.naver.net/20160819_36/es84214_1471604957938a0naY_JPEG/2695111584545068_-1872344334.jpg,,,,Y,2016-07-11 11:21:05,2026-06-17 22:47:46,
